2025-04-01 09:14:43,909 - INFO - Starting logistic regression training process
2025-04-01 09:14:43,911 - INFO - Initializing BART tokenizer
2025-04-01 09:14:45,679 - INFO - Tokenizer loaded with vocabulary size: 50265
2025-04-01 09:14:45,680 - INFO - Starting model training
2025-04-01 09:14:45,680 - INFO - Training logistic regression model with data from D:\Para-Level-Summ Data\data\data_final_1024.json
2025-04-01 09:14:45,691 - INFO - Constructing dataset
2025-04-01 09:14:45,692 - INFO - Loading data from file: D:\Para-Level-Summ Data\data\data_final_1024.json
2025-04-01 09:14:45,749 - INFO - Dataset contains 4459 articles
2025-04-01 09:14:45,766 - INFO - Data shuffled
2025-04-01 09:14:45,766 - INFO - Created feature matrix of shape (8918, 50265)
2025-04-01 09:14:45,767 - INFO - Processed 0/4459 articles
2025-04-01 09:14:45,767 - ERROR - Error processing article 0: string indices must be integers, not 'str'
2025-04-01 09:14:45,767 - ERROR - Error processing article 1: string indices must be integers, not 'str'
2025-04-01 09:14:45,767 - ERROR - Error processing article 2: string indices must be integers, not 'str'
2025-04-01 09:14:45,767 - ERROR - Error processing article 3: string indices must be integers, not 'str'
2025-04-01 09:14:45,768 - ERROR - Error processing article 4: string indices must be integers, not 'str'
2025-04-01 09:14:45,768 - ERROR - Error processing article 5: string indices must be integers, not 'str'
2025-04-01 09:14:45,768 - ERROR - Error processing article 6: string indices must be integers, not 'str'
2025-04-01 09:14:45,768 - ERROR - Error processing article 7: string indices must be integers, not 'str'
2025-04-01 09:14:45,768 - ERROR - Error processing article 8: string indices must be integers, not 'str'
2025-04-01 09:14:45,769 - ERROR - Error processing article 9: string indices must be integers, not 'str'
2025-04-01 09:14:45,769 - ERROR - Error processing article 10: string indices must be integers, not 'str'
2025-04-01 09:14:45,769 - ERROR - Error processing article 11: string indices must be integers, not 'str'
2025-04-01 09:14:45,769 - ERROR - Error processing article 12: string indices must be integers, not 'str'
2025-04-01 09:14:45,769 - ERROR - Error processing article 13: string indices must be integers, not 'str'
2025-04-01 09:14:45,770 - ERROR - Error processing article 14: string indices must be integers, not 'str'
2025-04-01 09:14:45,770 - ERROR - Error processing article 15: string indices must be integers, not 'str'
2025-04-01 09:14:45,770 - ERROR - Error processing article 16: string indices must be integers, not 'str'
2025-04-01 09:14:45,770 - ERROR - Error processing article 17: string indices must be integers, not 'str'
2025-04-01 09:14:45,770 - ERROR - Error processing article 18: string indices must be integers, not 'str'
2025-04-01 09:14:45,770 - ERROR - Error processing article 19: string indices must be integers, not 'str'
2025-04-01 09:14:45,770 - ERROR - Error processing article 20: string indices must be integers, not 'str'
2025-04-01 09:14:45,770 - ERROR - Error processing article 21: string indices must be integers, not 'str'
2025-04-01 09:14:45,772 - ERROR - Error processing article 22: string indices must be integers, not 'str'
2025-04-01 09:14:45,772 - ERROR - Error processing article 23: string indices must be integers, not 'str'
2025-04-01 09:14:45,772 - ERROR - Error processing article 24: string indices must be integers, not 'str'
2025-04-01 09:14:45,772 - ERROR - Error processing article 25: string indices must be integers, not 'str'
2025-04-01 09:14:45,772 - ERROR - Error processing article 26: string indices must be integers, not 'str'
2025-04-01 09:14:45,772 - ERROR - Error processing article 27: string indices must be integers, not 'str'
2025-04-01 09:14:45,772 - ERROR - Error processing article 28: string indices must be integers, not 'str'
2025-04-01 09:14:45,773 - ERROR - Error processing article 29: string indices must be integers, not 'str'
2025-04-01 09:14:45,773 - ERROR - Error processing article 30: string indices must be integers, not 'str'
2025-04-01 09:14:45,773 - ERROR - Error processing article 31: string indices must be integers, not 'str'
2025-04-01 09:14:45,773 - ERROR - Error processing article 32: string indices must be integers, not 'str'
2025-04-01 09:14:45,773 - ERROR - Error processing article 33: string indices must be integers, not 'str'
2025-04-01 09:14:45,773 - ERROR - Error processing article 34: string indices must be integers, not 'str'
2025-04-01 09:14:45,773 - ERROR - Error processing article 35: string indices must be integers, not 'str'
2025-04-01 09:14:45,774 - ERROR - Error processing article 36: string indices must be integers, not 'str'
2025-04-01 09:14:45,774 - ERROR - Error processing article 37: string indices must be integers, not 'str'
2025-04-01 09:14:45,774 - ERROR - Error processing article 38: string indices must be integers, not 'str'
2025-04-01 09:14:45,774 - ERROR - Error processing article 39: string indices must be integers, not 'str'
2025-04-01 09:14:45,775 - ERROR - Error processing article 40: string indices must be integers, not 'str'
2025-04-01 09:14:45,775 - ERROR - Error processing article 41: string indices must be integers, not 'str'
2025-04-01 09:14:45,775 - ERROR - Error processing article 42: string indices must be integers, not 'str'
2025-04-01 09:14:45,776 - ERROR - Error processing article 43: string indices must be integers, not 'str'
2025-04-01 09:14:45,776 - ERROR - Error processing article 44: string indices must be integers, not 'str'
2025-04-01 09:14:45,776 - ERROR - Error processing article 45: string indices must be integers, not 'str'
2025-04-01 09:14:45,776 - ERROR - Error processing article 46: string indices must be integers, not 'str'
2025-04-01 09:14:45,776 - ERROR - Error processing article 47: string indices must be integers, not 'str'
2025-04-01 09:14:45,778 - ERROR - Error processing article 48: string indices must be integers, not 'str'
2025-04-01 09:14:45,778 - ERROR - Error processing article 49: string indices must be integers, not 'str'
2025-04-01 09:14:45,778 - ERROR - Error processing article 50: string indices must be integers, not 'str'
2025-04-01 09:14:45,778 - ERROR - Error processing article 51: string indices must be integers, not 'str'
2025-04-01 09:14:45,778 - ERROR - Error processing article 52: string indices must be integers, not 'str'
2025-04-01 09:14:45,778 - ERROR - Error processing article 53: string indices must be integers, not 'str'
2025-04-01 09:14:45,779 - ERROR - Error processing article 54: string indices must be integers, not 'str'
2025-04-01 09:14:45,779 - ERROR - Error processing article 55: string indices must be integers, not 'str'
2025-04-01 09:14:45,779 - ERROR - Error processing article 56: string indices must be integers, not 'str'
2025-04-01 09:14:45,779 - ERROR - Error processing article 57: string indices must be integers, not 'str'
2025-04-01 09:14:45,780 - ERROR - Error processing article 58: string indices must be integers, not 'str'
2025-04-01 09:14:45,780 - ERROR - Error processing article 59: string indices must be integers, not 'str'
2025-04-01 09:14:45,780 - ERROR - Error processing article 60: string indices must be integers, not 'str'
2025-04-01 09:14:45,780 - ERROR - Error processing article 61: string indices must be integers, not 'str'
2025-04-01 09:14:45,781 - ERROR - Error processing article 62: string indices must be integers, not 'str'
2025-04-01 09:14:45,781 - ERROR - Error processing article 63: string indices must be integers, not 'str'
2025-04-01 09:14:45,781 - ERROR - Error processing article 64: string indices must be integers, not 'str'
2025-04-01 09:14:45,781 - ERROR - Error processing article 65: string indices must be integers, not 'str'
2025-04-01 09:14:45,781 - ERROR - Error processing article 66: string indices must be integers, not 'str'
2025-04-01 09:14:45,781 - ERROR - Error processing article 67: string indices must be integers, not 'str'
2025-04-01 09:14:45,782 - ERROR - Error processing article 68: string indices must be integers, not 'str'
2025-04-01 09:14:45,782 - ERROR - Error processing article 69: string indices must be integers, not 'str'
2025-04-01 09:14:45,782 - ERROR - Error processing article 70: string indices must be integers, not 'str'
2025-04-01 09:14:45,782 - ERROR - Error processing article 71: string indices must be integers, not 'str'
2025-04-01 09:14:45,782 - ERROR - Error processing article 72: string indices must be integers, not 'str'
2025-04-01 09:14:45,783 - ERROR - Error processing article 73: string indices must be integers, not 'str'
2025-04-01 09:14:45,783 - ERROR - Error processing article 74: string indices must be integers, not 'str'
2025-04-01 09:14:45,783 - ERROR - Error processing article 75: string indices must be integers, not 'str'
2025-04-01 09:14:45,784 - ERROR - Error processing article 76: string indices must be integers, not 'str'
2025-04-01 09:14:45,784 - ERROR - Error processing article 77: string indices must be integers, not 'str'
2025-04-01 09:14:45,784 - ERROR - Error processing article 78: string indices must be integers, not 'str'
2025-04-01 09:14:45,784 - ERROR - Error processing article 79: string indices must be integers, not 'str'
2025-04-01 09:14:45,784 - ERROR - Error processing article 80: string indices must be integers, not 'str'
2025-04-01 09:14:45,785 - ERROR - Error processing article 81: string indices must be integers, not 'str'
2025-04-01 09:14:45,785 - ERROR - Error processing article 82: string indices must be integers, not 'str'
2025-04-01 09:14:45,785 - ERROR - Error processing article 83: string indices must be integers, not 'str'
2025-04-01 09:14:45,785 - ERROR - Error processing article 84: string indices must be integers, not 'str'
2025-04-01 09:14:45,785 - ERROR - Error processing article 85: string indices must be integers, not 'str'
2025-04-01 09:14:45,786 - ERROR - Error processing article 86: string indices must be integers, not 'str'
2025-04-01 09:14:45,786 - ERROR - Error processing article 87: string indices must be integers, not 'str'
2025-04-01 09:14:45,786 - ERROR - Error processing article 88: string indices must be integers, not 'str'
2025-04-01 09:14:45,786 - ERROR - Error processing article 89: string indices must be integers, not 'str'
2025-04-01 09:14:45,786 - ERROR - Error processing article 90: string indices must be integers, not 'str'
2025-04-01 09:14:45,787 - ERROR - Error processing article 91: string indices must be integers, not 'str'
2025-04-01 09:14:45,787 - ERROR - Error processing article 92: string indices must be integers, not 'str'
2025-04-01 09:14:45,787 - ERROR - Error processing article 93: string indices must be integers, not 'str'
2025-04-01 09:14:45,787 - ERROR - Error processing article 94: string indices must be integers, not 'str'
2025-04-01 09:14:45,788 - ERROR - Error processing article 95: string indices must be integers, not 'str'
2025-04-01 09:14:45,788 - ERROR - Error processing article 96: string indices must be integers, not 'str'
2025-04-01 09:14:45,788 - ERROR - Error processing article 97: string indices must be integers, not 'str'
2025-04-01 09:14:45,789 - ERROR - Error processing article 98: string indices must be integers, not 'str'
2025-04-01 09:14:45,789 - ERROR - Error processing article 99: string indices must be integers, not 'str'
2025-04-01 09:14:45,789 - INFO - Processed 100/4459 articles
2025-04-01 09:14:45,789 - ERROR - Error processing article 100: string indices must be integers, not 'str'
2025-04-01 09:14:45,790 - ERROR - Error processing article 101: string indices must be integers, not 'str'
2025-04-01 09:14:45,790 - ERROR - Error processing article 102: string indices must be integers, not 'str'
2025-04-01 09:14:45,790 - ERROR - Error processing article 103: string indices must be integers, not 'str'
2025-04-01 09:14:45,790 - ERROR - Error processing article 104: string indices must be integers, not 'str'
2025-04-01 09:14:45,790 - ERROR - Error processing article 105: string indices must be integers, not 'str'
2025-04-01 09:14:45,791 - ERROR - Error processing article 106: string indices must be integers, not 'str'
2025-04-01 09:14:45,791 - ERROR - Error processing article 107: string indices must be integers, not 'str'
2025-04-01 09:14:45,791 - ERROR - Error processing article 108: string indices must be integers, not 'str'
2025-04-01 09:14:45,791 - ERROR - Error processing article 109: string indices must be integers, not 'str'
2025-04-01 09:14:45,791 - ERROR - Error processing article 110: string indices must be integers, not 'str'
2025-04-01 09:14:45,791 - ERROR - Error processing article 111: string indices must be integers, not 'str'
2025-04-01 09:14:45,792 - ERROR - Error processing article 112: string indices must be integers, not 'str'
2025-04-01 09:14:45,792 - ERROR - Error processing article 113: string indices must be integers, not 'str'
2025-04-01 09:14:45,792 - ERROR - Error processing article 114: string indices must be integers, not 'str'
2025-04-01 09:14:45,792 - ERROR - Error processing article 115: string indices must be integers, not 'str'
2025-04-01 09:14:45,792 - ERROR - Error processing article 116: string indices must be integers, not 'str'
2025-04-01 09:14:45,792 - ERROR - Error processing article 117: string indices must be integers, not 'str'
2025-04-01 09:14:45,793 - ERROR - Error processing article 118: string indices must be integers, not 'str'
2025-04-01 09:14:45,793 - ERROR - Error processing article 119: string indices must be integers, not 'str'
2025-04-01 09:14:45,793 - ERROR - Error processing article 120: string indices must be integers, not 'str'
2025-04-01 09:14:45,793 - ERROR - Error processing article 121: string indices must be integers, not 'str'
2025-04-01 09:14:45,793 - ERROR - Error processing article 122: string indices must be integers, not 'str'
2025-04-01 09:14:45,795 - ERROR - Error processing article 123: string indices must be integers, not 'str'
2025-04-01 09:14:45,795 - ERROR - Error processing article 124: string indices must be integers, not 'str'
2025-04-01 09:14:45,795 - ERROR - Error processing article 125: string indices must be integers, not 'str'
2025-04-01 09:14:45,795 - ERROR - Error processing article 126: string indices must be integers, not 'str'
2025-04-01 09:14:45,795 - ERROR - Error processing article 127: string indices must be integers, not 'str'
2025-04-01 09:14:45,796 - ERROR - Error processing article 128: string indices must be integers, not 'str'
2025-04-01 09:14:45,796 - ERROR - Error processing article 129: string indices must be integers, not 'str'
2025-04-01 09:14:45,796 - ERROR - Error processing article 130: string indices must be integers, not 'str'
2025-04-01 09:14:45,796 - ERROR - Error processing article 131: string indices must be integers, not 'str'
2025-04-01 09:14:45,796 - ERROR - Error processing article 132: string indices must be integers, not 'str'
2025-04-01 09:14:45,797 - ERROR - Error processing article 133: string indices must be integers, not 'str'
2025-04-01 09:14:45,797 - ERROR - Error processing article 134: string indices must be integers, not 'str'
2025-04-01 09:14:45,797 - ERROR - Error processing article 135: string indices must be integers, not 'str'
2025-04-01 09:14:45,797 - ERROR - Error processing article 136: string indices must be integers, not 'str'
2025-04-01 09:14:45,798 - ERROR - Error processing article 137: string indices must be integers, not 'str'
2025-04-01 09:14:45,798 - ERROR - Error processing article 138: string indices must be integers, not 'str'
2025-04-01 09:14:45,798 - ERROR - Error processing article 139: string indices must be integers, not 'str'
2025-04-01 09:14:45,798 - ERROR - Error processing article 140: string indices must be integers, not 'str'
2025-04-01 09:14:45,798 - ERROR - Error processing article 141: string indices must be integers, not 'str'
2025-04-01 09:14:45,798 - ERROR - Error processing article 142: string indices must be integers, not 'str'
2025-04-01 09:14:45,799 - ERROR - Error processing article 143: string indices must be integers, not 'str'
2025-04-01 09:14:45,799 - ERROR - Error processing article 144: string indices must be integers, not 'str'
2025-04-01 09:14:45,800 - ERROR - Error processing article 145: string indices must be integers, not 'str'
2025-04-01 09:14:45,800 - ERROR - Error processing article 146: string indices must be integers, not 'str'
2025-04-01 09:14:45,800 - ERROR - Error processing article 147: string indices must be integers, not 'str'
2025-04-01 09:14:45,800 - ERROR - Error processing article 148: string indices must be integers, not 'str'
2025-04-01 09:14:45,801 - ERROR - Error processing article 149: string indices must be integers, not 'str'
2025-04-01 09:14:45,801 - ERROR - Error processing article 150: string indices must be integers, not 'str'
2025-04-01 09:14:45,801 - ERROR - Error processing article 151: string indices must be integers, not 'str'
2025-04-01 09:14:45,801 - ERROR - Error processing article 152: string indices must be integers, not 'str'
2025-04-01 09:14:45,801 - ERROR - Error processing article 153: string indices must be integers, not 'str'
2025-04-01 09:14:45,801 - ERROR - Error processing article 154: string indices must be integers, not 'str'
2025-04-01 09:14:45,802 - ERROR - Error processing article 155: string indices must be integers, not 'str'
2025-04-01 09:14:45,802 - ERROR - Error processing article 156: string indices must be integers, not 'str'
2025-04-01 09:14:45,802 - ERROR - Error processing article 157: string indices must be integers, not 'str'
2025-04-01 09:14:45,802 - ERROR - Error processing article 158: string indices must be integers, not 'str'
2025-04-01 09:14:45,802 - ERROR - Error processing article 159: string indices must be integers, not 'str'
2025-04-01 09:14:45,802 - ERROR - Error processing article 160: string indices must be integers, not 'str'
2025-04-01 09:14:45,802 - ERROR - Error processing article 161: string indices must be integers, not 'str'
2025-04-01 09:14:45,803 - ERROR - Error processing article 162: string indices must be integers, not 'str'
2025-04-01 09:14:45,803 - ERROR - Error processing article 163: string indices must be integers, not 'str'
2025-04-01 09:14:45,803 - ERROR - Error processing article 164: string indices must be integers, not 'str'
2025-04-01 09:14:45,803 - ERROR - Error processing article 165: string indices must be integers, not 'str'
2025-04-01 09:14:45,804 - ERROR - Error processing article 166: string indices must be integers, not 'str'
2025-04-01 09:14:45,804 - ERROR - Error processing article 167: string indices must be integers, not 'str'
2025-04-01 09:14:45,804 - ERROR - Error processing article 168: string indices must be integers, not 'str'
2025-04-01 09:14:45,804 - ERROR - Error processing article 169: string indices must be integers, not 'str'
2025-04-01 09:14:45,806 - ERROR - Error processing article 170: string indices must be integers, not 'str'
2025-04-01 09:14:45,806 - ERROR - Error processing article 171: string indices must be integers, not 'str'
2025-04-01 09:14:45,806 - ERROR - Error processing article 172: string indices must be integers, not 'str'
2025-04-01 09:14:45,806 - ERROR - Error processing article 173: string indices must be integers, not 'str'
2025-04-01 09:14:45,806 - ERROR - Error processing article 174: string indices must be integers, not 'str'
2025-04-01 09:14:45,807 - ERROR - Error processing article 175: string indices must be integers, not 'str'
2025-04-01 09:14:45,807 - ERROR - Error processing article 176: string indices must be integers, not 'str'
2025-04-01 09:14:45,807 - ERROR - Error processing article 177: string indices must be integers, not 'str'
2025-04-01 09:14:45,807 - ERROR - Error processing article 178: string indices must be integers, not 'str'
2025-04-01 09:14:45,807 - ERROR - Error processing article 179: string indices must be integers, not 'str'
2025-04-01 09:14:45,807 - ERROR - Error processing article 180: string indices must be integers, not 'str'
2025-04-01 09:14:45,808 - ERROR - Error processing article 181: string indices must be integers, not 'str'
2025-04-01 09:14:45,808 - ERROR - Error processing article 182: string indices must be integers, not 'str'
2025-04-01 09:14:45,808 - ERROR - Error processing article 183: string indices must be integers, not 'str'
2025-04-01 09:14:45,808 - ERROR - Error processing article 184: string indices must be integers, not 'str'
2025-04-01 09:14:45,808 - ERROR - Error processing article 185: string indices must be integers, not 'str'
2025-04-01 09:14:45,809 - ERROR - Error processing article 186: string indices must be integers, not 'str'
2025-04-01 09:14:45,809 - ERROR - Error processing article 187: string indices must be integers, not 'str'
2025-04-01 09:14:45,809 - ERROR - Error processing article 188: string indices must be integers, not 'str'
2025-04-01 09:14:45,809 - ERROR - Error processing article 189: string indices must be integers, not 'str'
2025-04-01 09:14:45,809 - ERROR - Error processing article 190: string indices must be integers, not 'str'
2025-04-01 09:14:45,811 - ERROR - Error processing article 191: string indices must be integers, not 'str'
2025-04-01 09:14:45,811 - ERROR - Error processing article 192: string indices must be integers, not 'str'
2025-04-01 09:14:45,811 - ERROR - Error processing article 193: string indices must be integers, not 'str'
2025-04-01 09:14:45,811 - ERROR - Error processing article 194: string indices must be integers, not 'str'
2025-04-01 09:14:45,811 - ERROR - Error processing article 195: string indices must be integers, not 'str'
2025-04-01 09:14:45,812 - ERROR - Error processing article 196: string indices must be integers, not 'str'
2025-04-01 09:14:45,812 - ERROR - Error processing article 197: string indices must be integers, not 'str'
2025-04-01 09:14:45,812 - ERROR - Error processing article 198: string indices must be integers, not 'str'
2025-04-01 09:14:45,812 - ERROR - Error processing article 199: string indices must be integers, not 'str'
2025-04-01 09:14:45,813 - INFO - Processed 200/4459 articles
2025-04-01 09:14:45,813 - ERROR - Error processing article 200: string indices must be integers, not 'str'
2025-04-01 09:14:45,813 - ERROR - Error processing article 201: string indices must be integers, not 'str'
2025-04-01 09:14:45,813 - ERROR - Error processing article 202: string indices must be integers, not 'str'
2025-04-01 09:14:45,813 - ERROR - Error processing article 203: string indices must be integers, not 'str'
2025-04-01 09:14:45,813 - ERROR - Error processing article 204: string indices must be integers, not 'str'
2025-04-01 09:14:45,814 - ERROR - Error processing article 205: string indices must be integers, not 'str'
2025-04-01 09:14:45,814 - ERROR - Error processing article 206: string indices must be integers, not 'str'
2025-04-01 09:14:45,814 - ERROR - Error processing article 207: string indices must be integers, not 'str'
2025-04-01 09:14:45,814 - ERROR - Error processing article 208: string indices must be integers, not 'str'
2025-04-01 09:14:45,814 - ERROR - Error processing article 209: string indices must be integers, not 'str'
2025-04-01 09:14:45,814 - ERROR - Error processing article 210: string indices must be integers, not 'str'
2025-04-01 09:14:45,816 - ERROR - Error processing article 211: string indices must be integers, not 'str'
2025-04-01 09:14:45,816 - ERROR - Error processing article 212: string indices must be integers, not 'str'
2025-04-01 09:14:45,816 - ERROR - Error processing article 213: string indices must be integers, not 'str'
2025-04-01 09:14:45,816 - ERROR - Error processing article 214: string indices must be integers, not 'str'
2025-04-01 09:14:45,817 - ERROR - Error processing article 215: string indices must be integers, not 'str'
2025-04-01 09:14:45,817 - ERROR - Error processing article 216: string indices must be integers, not 'str'
2025-04-01 09:14:45,817 - ERROR - Error processing article 217: string indices must be integers, not 'str'
2025-04-01 09:14:45,817 - ERROR - Error processing article 218: string indices must be integers, not 'str'
2025-04-01 09:14:45,818 - ERROR - Error processing article 219: string indices must be integers, not 'str'
2025-04-01 09:14:45,818 - ERROR - Error processing article 220: string indices must be integers, not 'str'
2025-04-01 09:14:45,818 - ERROR - Error processing article 221: string indices must be integers, not 'str'
2025-04-01 09:14:45,818 - ERROR - Error processing article 222: string indices must be integers, not 'str'
2025-04-01 09:14:45,819 - ERROR - Error processing article 223: string indices must be integers, not 'str'
2025-04-01 09:14:45,819 - ERROR - Error processing article 224: string indices must be integers, not 'str'
2025-04-01 09:14:45,819 - ERROR - Error processing article 225: string indices must be integers, not 'str'
2025-04-01 09:14:45,819 - ERROR - Error processing article 226: string indices must be integers, not 'str'
2025-04-01 09:14:45,819 - ERROR - Error processing article 227: string indices must be integers, not 'str'
2025-04-01 09:14:45,820 - ERROR - Error processing article 228: string indices must be integers, not 'str'
2025-04-01 09:14:45,820 - ERROR - Error processing article 229: string indices must be integers, not 'str'
2025-04-01 09:14:45,820 - ERROR - Error processing article 230: string indices must be integers, not 'str'
2025-04-01 09:14:45,820 - ERROR - Error processing article 231: string indices must be integers, not 'str'
2025-04-01 09:14:45,821 - ERROR - Error processing article 232: string indices must be integers, not 'str'
2025-04-01 09:14:45,821 - ERROR - Error processing article 233: string indices must be integers, not 'str'
2025-04-01 09:14:45,821 - ERROR - Error processing article 234: string indices must be integers, not 'str'
2025-04-01 09:14:45,821 - ERROR - Error processing article 235: string indices must be integers, not 'str'
2025-04-01 09:14:45,821 - ERROR - Error processing article 236: string indices must be integers, not 'str'
2025-04-01 09:14:45,821 - ERROR - Error processing article 237: string indices must be integers, not 'str'
2025-04-01 09:14:45,821 - ERROR - Error processing article 238: string indices must be integers, not 'str'
2025-04-01 09:14:45,822 - ERROR - Error processing article 239: string indices must be integers, not 'str'
2025-04-01 09:14:45,822 - ERROR - Error processing article 240: string indices must be integers, not 'str'
2025-04-01 09:14:45,822 - ERROR - Error processing article 241: string indices must be integers, not 'str'
2025-04-01 09:14:45,822 - ERROR - Error processing article 242: string indices must be integers, not 'str'
2025-04-01 09:14:45,822 - ERROR - Error processing article 243: string indices must be integers, not 'str'
2025-04-01 09:14:45,822 - ERROR - Error processing article 244: string indices must be integers, not 'str'
2025-04-01 09:14:45,823 - ERROR - Error processing article 245: string indices must be integers, not 'str'
2025-04-01 09:14:45,823 - ERROR - Error processing article 246: string indices must be integers, not 'str'
2025-04-01 09:14:45,823 - ERROR - Error processing article 247: string indices must be integers, not 'str'
2025-04-01 09:14:45,823 - ERROR - Error processing article 248: string indices must be integers, not 'str'
2025-04-01 09:14:45,823 - ERROR - Error processing article 249: string indices must be integers, not 'str'
2025-04-01 09:14:45,823 - ERROR - Error processing article 250: string indices must be integers, not 'str'
2025-04-01 09:14:45,825 - ERROR - Error processing article 251: string indices must be integers, not 'str'
2025-04-01 09:14:45,825 - ERROR - Error processing article 252: string indices must be integers, not 'str'
2025-04-01 09:14:45,825 - ERROR - Error processing article 253: string indices must be integers, not 'str'
2025-04-01 09:14:45,825 - ERROR - Error processing article 254: string indices must be integers, not 'str'
2025-04-01 09:14:45,826 - ERROR - Error processing article 255: string indices must be integers, not 'str'
2025-04-01 09:14:45,826 - ERROR - Error processing article 256: string indices must be integers, not 'str'
2025-04-01 09:14:45,826 - ERROR - Error processing article 257: string indices must be integers, not 'str'
2025-04-01 09:14:45,826 - ERROR - Error processing article 258: string indices must be integers, not 'str'
2025-04-01 09:14:45,826 - ERROR - Error processing article 259: string indices must be integers, not 'str'
2025-04-01 09:14:45,826 - ERROR - Error processing article 260: string indices must be integers, not 'str'
2025-04-01 09:14:45,827 - ERROR - Error processing article 261: string indices must be integers, not 'str'
2025-04-01 09:14:45,827 - ERROR - Error processing article 262: string indices must be integers, not 'str'
2025-04-01 09:14:45,827 - ERROR - Error processing article 263: string indices must be integers, not 'str'
2025-04-01 09:14:45,827 - ERROR - Error processing article 264: string indices must be integers, not 'str'
2025-04-01 09:14:45,828 - ERROR - Error processing article 265: string indices must be integers, not 'str'
2025-04-01 09:14:45,828 - ERROR - Error processing article 266: string indices must be integers, not 'str'
2025-04-01 09:14:45,828 - ERROR - Error processing article 267: string indices must be integers, not 'str'
2025-04-01 09:14:45,828 - ERROR - Error processing article 268: string indices must be integers, not 'str'
2025-04-01 09:14:45,828 - ERROR - Error processing article 269: string indices must be integers, not 'str'
2025-04-01 09:14:45,829 - ERROR - Error processing article 270: string indices must be integers, not 'str'
2025-04-01 09:14:45,829 - ERROR - Error processing article 271: string indices must be integers, not 'str'
2025-04-01 09:14:45,829 - ERROR - Error processing article 272: string indices must be integers, not 'str'
2025-04-01 09:14:45,829 - ERROR - Error processing article 273: string indices must be integers, not 'str'
2025-04-01 09:14:45,829 - ERROR - Error processing article 274: string indices must be integers, not 'str'
2025-04-01 09:14:45,830 - ERROR - Error processing article 275: string indices must be integers, not 'str'
2025-04-01 09:14:45,830 - ERROR - Error processing article 276: string indices must be integers, not 'str'
2025-04-01 09:14:45,830 - ERROR - Error processing article 277: string indices must be integers, not 'str'
2025-04-01 09:14:45,830 - ERROR - Error processing article 278: string indices must be integers, not 'str'
2025-04-01 09:14:45,830 - ERROR - Error processing article 279: string indices must be integers, not 'str'
2025-04-01 09:14:45,832 - ERROR - Error processing article 280: string indices must be integers, not 'str'
2025-04-01 09:14:45,832 - ERROR - Error processing article 281: string indices must be integers, not 'str'
2025-04-01 09:14:45,832 - ERROR - Error processing article 282: string indices must be integers, not 'str'
2025-04-01 09:14:45,832 - ERROR - Error processing article 283: string indices must be integers, not 'str'
2025-04-01 09:14:45,832 - ERROR - Error processing article 284: string indices must be integers, not 'str'
2025-04-01 09:14:45,832 - ERROR - Error processing article 285: string indices must be integers, not 'str'
2025-04-01 09:14:45,832 - ERROR - Error processing article 286: string indices must be integers, not 'str'
2025-04-01 09:14:45,833 - ERROR - Error processing article 287: string indices must be integers, not 'str'
2025-04-01 09:14:45,833 - ERROR - Error processing article 288: string indices must be integers, not 'str'
2025-04-01 09:14:45,833 - ERROR - Error processing article 289: string indices must be integers, not 'str'
2025-04-01 09:14:45,833 - ERROR - Error processing article 290: string indices must be integers, not 'str'
2025-04-01 09:14:45,833 - ERROR - Error processing article 291: string indices must be integers, not 'str'
2025-04-01 09:14:45,833 - ERROR - Error processing article 292: string indices must be integers, not 'str'
2025-04-01 09:14:45,833 - ERROR - Error processing article 293: string indices must be integers, not 'str'
2025-04-01 09:14:45,834 - ERROR - Error processing article 294: string indices must be integers, not 'str'
2025-04-01 09:14:45,834 - ERROR - Error processing article 295: string indices must be integers, not 'str'
2025-04-01 09:14:45,834 - ERROR - Error processing article 296: string indices must be integers, not 'str'
2025-04-01 09:14:45,834 - ERROR - Error processing article 297: string indices must be integers, not 'str'
2025-04-01 09:14:45,835 - ERROR - Error processing article 298: string indices must be integers, not 'str'
2025-04-01 09:14:45,835 - ERROR - Error processing article 299: string indices must be integers, not 'str'
2025-04-01 09:14:45,835 - INFO - Processed 300/4459 articles
2025-04-01 09:14:45,835 - ERROR - Error processing article 300: string indices must be integers, not 'str'
2025-04-01 09:14:45,835 - ERROR - Error processing article 301: string indices must be integers, not 'str'
2025-04-01 09:14:45,836 - ERROR - Error processing article 302: string indices must be integers, not 'str'
2025-04-01 09:14:45,836 - ERROR - Error processing article 303: string indices must be integers, not 'str'
2025-04-01 09:14:45,836 - ERROR - Error processing article 304: string indices must be integers, not 'str'
2025-04-01 09:14:45,836 - ERROR - Error processing article 305: string indices must be integers, not 'str'
2025-04-01 09:14:45,836 - ERROR - Error processing article 306: string indices must be integers, not 'str'
2025-04-01 09:14:45,836 - ERROR - Error processing article 307: string indices must be integers, not 'str'
2025-04-01 09:14:45,836 - ERROR - Error processing article 308: string indices must be integers, not 'str'
2025-04-01 09:14:45,838 - ERROR - Error processing article 309: string indices must be integers, not 'str'
2025-04-01 09:14:45,838 - ERROR - Error processing article 310: string indices must be integers, not 'str'
2025-04-01 09:14:45,838 - ERROR - Error processing article 311: string indices must be integers, not 'str'
2025-04-01 09:14:45,838 - ERROR - Error processing article 312: string indices must be integers, not 'str'
2025-04-01 09:14:45,838 - ERROR - Error processing article 313: string indices must be integers, not 'str'
2025-04-01 09:14:45,839 - ERROR - Error processing article 314: string indices must be integers, not 'str'
2025-04-01 09:14:45,839 - ERROR - Error processing article 315: string indices must be integers, not 'str'
2025-04-01 09:14:45,839 - ERROR - Error processing article 316: string indices must be integers, not 'str'
2025-04-01 09:14:45,839 - ERROR - Error processing article 317: string indices must be integers, not 'str'
2025-04-01 09:14:45,839 - ERROR - Error processing article 318: string indices must be integers, not 'str'
2025-04-01 09:14:45,839 - ERROR - Error processing article 319: string indices must be integers, not 'str'
2025-04-01 09:14:45,840 - ERROR - Error processing article 320: string indices must be integers, not 'str'
2025-04-01 09:14:45,840 - ERROR - Error processing article 321: string indices must be integers, not 'str'
2025-04-01 09:14:45,840 - ERROR - Error processing article 322: string indices must be integers, not 'str'
2025-04-01 09:14:45,841 - ERROR - Error processing article 323: string indices must be integers, not 'str'
2025-04-01 09:14:45,841 - ERROR - Error processing article 324: string indices must be integers, not 'str'
2025-04-01 09:14:45,841 - ERROR - Error processing article 325: string indices must be integers, not 'str'
2025-04-01 09:14:45,841 - ERROR - Error processing article 326: string indices must be integers, not 'str'
2025-04-01 09:14:45,841 - ERROR - Error processing article 327: string indices must be integers, not 'str'
2025-04-01 09:14:45,842 - ERROR - Error processing article 328: string indices must be integers, not 'str'
2025-04-01 09:14:45,842 - ERROR - Error processing article 329: string indices must be integers, not 'str'
2025-04-01 09:14:45,842 - ERROR - Error processing article 330: string indices must be integers, not 'str'
2025-04-01 09:14:45,842 - ERROR - Error processing article 331: string indices must be integers, not 'str'
2025-04-01 09:14:45,843 - ERROR - Error processing article 332: string indices must be integers, not 'str'
2025-04-01 09:14:45,843 - ERROR - Error processing article 333: string indices must be integers, not 'str'
2025-04-01 09:14:45,843 - ERROR - Error processing article 334: string indices must be integers, not 'str'
2025-04-01 09:14:45,843 - ERROR - Error processing article 335: string indices must be integers, not 'str'
2025-04-01 09:14:45,843 - ERROR - Error processing article 336: string indices must be integers, not 'str'
2025-04-01 09:14:45,843 - ERROR - Error processing article 337: string indices must be integers, not 'str'
2025-04-01 09:14:45,843 - ERROR - Error processing article 338: string indices must be integers, not 'str'
2025-04-01 09:14:45,844 - ERROR - Error processing article 339: string indices must be integers, not 'str'
2025-04-01 09:14:45,844 - ERROR - Error processing article 340: string indices must be integers, not 'str'
2025-04-01 09:14:45,844 - ERROR - Error processing article 341: string indices must be integers, not 'str'
2025-04-01 09:14:45,844 - ERROR - Error processing article 342: string indices must be integers, not 'str'
2025-04-01 09:14:45,844 - ERROR - Error processing article 343: string indices must be integers, not 'str'
2025-04-01 09:14:45,845 - ERROR - Error processing article 344: string indices must be integers, not 'str'
2025-04-01 09:14:45,845 - ERROR - Error processing article 345: string indices must be integers, not 'str'
2025-04-01 09:14:45,845 - ERROR - Error processing article 346: string indices must be integers, not 'str'
2025-04-01 09:14:45,845 - ERROR - Error processing article 347: string indices must be integers, not 'str'
2025-04-01 09:14:45,845 - ERROR - Error processing article 348: string indices must be integers, not 'str'
2025-04-01 09:14:45,847 - ERROR - Error processing article 349: string indices must be integers, not 'str'
2025-04-01 09:14:45,847 - ERROR - Error processing article 350: string indices must be integers, not 'str'
2025-04-01 09:14:45,847 - ERROR - Error processing article 351: string indices must be integers, not 'str'
2025-04-01 09:14:45,847 - ERROR - Error processing article 352: string indices must be integers, not 'str'
2025-04-01 09:14:45,847 - ERROR - Error processing article 353: string indices must be integers, not 'str'
2025-04-01 09:14:45,848 - ERROR - Error processing article 354: string indices must be integers, not 'str'
2025-04-01 09:14:45,848 - ERROR - Error processing article 355: string indices must be integers, not 'str'
2025-04-01 09:14:45,848 - ERROR - Error processing article 356: string indices must be integers, not 'str'
2025-04-01 09:14:45,848 - ERROR - Error processing article 357: string indices must be integers, not 'str'
2025-04-01 09:14:45,849 - ERROR - Error processing article 358: string indices must be integers, not 'str'
2025-04-01 09:14:45,849 - ERROR - Error processing article 359: string indices must be integers, not 'str'
2025-04-01 09:14:45,849 - ERROR - Error processing article 360: string indices must be integers, not 'str'
2025-04-01 09:14:45,849 - ERROR - Error processing article 361: string indices must be integers, not 'str'
2025-04-01 09:14:45,849 - ERROR - Error processing article 362: string indices must be integers, not 'str'
2025-04-01 09:14:45,850 - ERROR - Error processing article 363: string indices must be integers, not 'str'
2025-04-01 09:14:45,850 - ERROR - Error processing article 364: string indices must be integers, not 'str'
2025-04-01 09:14:45,850 - ERROR - Error processing article 365: string indices must be integers, not 'str'
2025-04-01 09:14:45,850 - ERROR - Error processing article 366: string indices must be integers, not 'str'
2025-04-01 09:14:45,850 - ERROR - Error processing article 367: string indices must be integers, not 'str'
2025-04-01 09:14:45,850 - ERROR - Error processing article 368: string indices must be integers, not 'str'
2025-04-01 09:14:45,850 - ERROR - Error processing article 369: string indices must be integers, not 'str'
2025-04-01 09:14:45,851 - ERROR - Error processing article 370: string indices must be integers, not 'str'
2025-04-01 09:14:45,851 - ERROR - Error processing article 371: string indices must be integers, not 'str'
2025-04-01 09:14:45,851 - ERROR - Error processing article 372: string indices must be integers, not 'str'
2025-04-01 09:14:45,851 - ERROR - Error processing article 373: string indices must be integers, not 'str'
2025-04-01 09:14:45,851 - ERROR - Error processing article 374: string indices must be integers, not 'str'
2025-04-01 09:14:45,852 - ERROR - Error processing article 375: string indices must be integers, not 'str'
2025-04-01 09:14:45,852 - ERROR - Error processing article 376: string indices must be integers, not 'str'
2025-04-01 09:14:45,852 - ERROR - Error processing article 377: string indices must be integers, not 'str'
2025-04-01 09:14:45,852 - ERROR - Error processing article 378: string indices must be integers, not 'str'
2025-04-01 09:14:45,852 - ERROR - Error processing article 379: string indices must be integers, not 'str'
2025-04-01 09:14:45,853 - ERROR - Error processing article 380: string indices must be integers, not 'str'
2025-04-01 09:14:45,853 - ERROR - Error processing article 381: string indices must be integers, not 'str'
2025-04-01 09:14:45,854 - ERROR - Error processing article 382: string indices must be integers, not 'str'
2025-04-01 09:14:45,854 - ERROR - Error processing article 383: string indices must be integers, not 'str'
2025-04-01 09:14:45,854 - ERROR - Error processing article 384: string indices must be integers, not 'str'
2025-04-01 09:14:45,854 - ERROR - Error processing article 385: string indices must be integers, not 'str'
2025-04-01 09:14:45,854 - ERROR - Error processing article 386: string indices must be integers, not 'str'
2025-04-01 09:14:45,854 - ERROR - Error processing article 387: string indices must be integers, not 'str'
2025-04-01 09:14:45,855 - ERROR - Error processing article 388: string indices must be integers, not 'str'
2025-04-01 09:14:45,855 - ERROR - Error processing article 389: string indices must be integers, not 'str'
2025-04-01 09:14:45,855 - ERROR - Error processing article 390: string indices must be integers, not 'str'
2025-04-01 09:14:45,855 - ERROR - Error processing article 391: string indices must be integers, not 'str'
2025-04-01 09:14:45,855 - ERROR - Error processing article 392: string indices must be integers, not 'str'
2025-04-01 09:14:45,855 - ERROR - Error processing article 393: string indices must be integers, not 'str'
2025-04-01 09:14:45,855 - ERROR - Error processing article 394: string indices must be integers, not 'str'
2025-04-01 09:14:45,857 - ERROR - Error processing article 395: string indices must be integers, not 'str'
2025-04-01 09:14:45,857 - ERROR - Error processing article 396: string indices must be integers, not 'str'
2025-04-01 09:14:45,857 - ERROR - Error processing article 397: string indices must be integers, not 'str'
2025-04-01 09:14:45,857 - ERROR - Error processing article 398: string indices must be integers, not 'str'
2025-04-01 09:14:45,857 - ERROR - Error processing article 399: string indices must be integers, not 'str'
2025-04-01 09:14:45,858 - INFO - Processed 400/4459 articles
2025-04-01 09:14:45,858 - ERROR - Error processing article 400: string indices must be integers, not 'str'
2025-04-01 09:14:45,858 - ERROR - Error processing article 401: string indices must be integers, not 'str'
2025-04-01 09:14:45,858 - ERROR - Error processing article 402: string indices must be integers, not 'str'
2025-04-01 09:14:45,859 - ERROR - Error processing article 403: string indices must be integers, not 'str'
2025-04-01 09:14:45,859 - ERROR - Error processing article 404: string indices must be integers, not 'str'
2025-04-01 09:14:45,859 - ERROR - Error processing article 405: string indices must be integers, not 'str'
2025-04-01 09:14:45,859 - ERROR - Error processing article 406: string indices must be integers, not 'str'
2025-04-01 09:14:45,859 - ERROR - Error processing article 407: string indices must be integers, not 'str'
2025-04-01 09:14:45,860 - ERROR - Error processing article 408: string indices must be integers, not 'str'
2025-04-01 09:14:45,860 - ERROR - Error processing article 409: string indices must be integers, not 'str'
2025-04-01 09:14:45,860 - ERROR - Error processing article 410: string indices must be integers, not 'str'
2025-04-01 09:14:45,860 - ERROR - Error processing article 411: string indices must be integers, not 'str'
2025-04-01 09:14:45,860 - ERROR - Error processing article 412: string indices must be integers, not 'str'
2025-04-01 09:14:45,860 - ERROR - Error processing article 413: string indices must be integers, not 'str'
2025-04-01 09:14:45,860 - ERROR - Error processing article 414: string indices must be integers, not 'str'
2025-04-01 09:14:45,861 - ERROR - Error processing article 415: string indices must be integers, not 'str'
2025-04-01 09:14:45,861 - ERROR - Error processing article 416: string indices must be integers, not 'str'
2025-04-01 09:14:45,861 - ERROR - Error processing article 417: string indices must be integers, not 'str'
2025-04-01 09:14:45,861 - ERROR - Error processing article 418: string indices must be integers, not 'str'
2025-04-01 09:14:45,861 - ERROR - Error processing article 419: string indices must be integers, not 'str'
2025-04-01 09:14:45,861 - ERROR - Error processing article 420: string indices must be integers, not 'str'
2025-04-01 09:14:45,861 - ERROR - Error processing article 421: string indices must be integers, not 'str'
2025-04-01 09:14:45,861 - ERROR - Error processing article 422: string indices must be integers, not 'str'
2025-04-01 09:14:45,861 - ERROR - Error processing article 423: string indices must be integers, not 'str'
2025-04-01 09:14:45,861 - ERROR - Error processing article 424: string indices must be integers, not 'str'
2025-04-01 09:14:45,861 - ERROR - Error processing article 425: string indices must be integers, not 'str'
2025-04-01 09:14:45,861 - ERROR - Error processing article 426: string indices must be integers, not 'str'
2025-04-01 09:14:45,864 - ERROR - Error processing article 427: string indices must be integers, not 'str'
2025-04-01 09:14:45,864 - ERROR - Error processing article 428: string indices must be integers, not 'str'
2025-04-01 09:14:45,864 - ERROR - Error processing article 429: string indices must be integers, not 'str'
2025-04-01 09:14:45,864 - ERROR - Error processing article 430: string indices must be integers, not 'str'
2025-04-01 09:14:45,864 - ERROR - Error processing article 431: string indices must be integers, not 'str'
2025-04-01 09:14:45,864 - ERROR - Error processing article 432: string indices must be integers, not 'str'
2025-04-01 09:14:45,864 - ERROR - Error processing article 433: string indices must be integers, not 'str'
2025-04-01 09:14:45,865 - ERROR - Error processing article 434: string indices must be integers, not 'str'
2025-04-01 09:14:45,865 - ERROR - Error processing article 435: string indices must be integers, not 'str'
2025-04-01 09:14:45,865 - ERROR - Error processing article 436: string indices must be integers, not 'str'
2025-04-01 09:14:45,866 - ERROR - Error processing article 437: string indices must be integers, not 'str'
2025-04-01 09:14:45,866 - ERROR - Error processing article 438: string indices must be integers, not 'str'
2025-04-01 09:14:45,866 - ERROR - Error processing article 439: string indices must be integers, not 'str'
2025-04-01 09:14:45,866 - ERROR - Error processing article 440: string indices must be integers, not 'str'
2025-04-01 09:14:45,866 - ERROR - Error processing article 441: string indices must be integers, not 'str'
2025-04-01 09:14:45,867 - ERROR - Error processing article 442: string indices must be integers, not 'str'
2025-04-01 09:14:45,867 - ERROR - Error processing article 443: string indices must be integers, not 'str'
2025-04-01 09:14:45,867 - ERROR - Error processing article 444: string indices must be integers, not 'str'
2025-04-01 09:14:45,867 - ERROR - Error processing article 445: string indices must be integers, not 'str'
2025-04-01 09:14:45,868 - ERROR - Error processing article 446: string indices must be integers, not 'str'
2025-04-01 09:14:45,868 - ERROR - Error processing article 447: string indices must be integers, not 'str'
2025-04-01 09:14:45,868 - ERROR - Error processing article 448: string indices must be integers, not 'str'
2025-04-01 09:14:45,868 - ERROR - Error processing article 449: string indices must be integers, not 'str'
2025-04-01 09:14:45,868 - ERROR - Error processing article 450: string indices must be integers, not 'str'
2025-04-01 09:14:45,868 - ERROR - Error processing article 451: string indices must be integers, not 'str'
2025-04-01 09:14:45,869 - ERROR - Error processing article 452: string indices must be integers, not 'str'
2025-04-01 09:14:45,869 - ERROR - Error processing article 453: string indices must be integers, not 'str'
2025-04-01 09:14:45,869 - ERROR - Error processing article 454: string indices must be integers, not 'str'
2025-04-01 09:14:45,869 - ERROR - Error processing article 455: string indices must be integers, not 'str'
2025-04-01 09:14:45,869 - ERROR - Error processing article 456: string indices must be integers, not 'str'
2025-04-01 09:14:45,870 - ERROR - Error processing article 457: string indices must be integers, not 'str'
2025-04-01 09:14:45,870 - ERROR - Error processing article 458: string indices must be integers, not 'str'
2025-04-01 09:14:45,870 - ERROR - Error processing article 459: string indices must be integers, not 'str'
2025-04-01 09:14:45,870 - ERROR - Error processing article 460: string indices must be integers, not 'str'
2025-04-01 09:14:45,870 - ERROR - Error processing article 461: string indices must be integers, not 'str'
2025-04-01 09:14:45,870 - ERROR - Error processing article 462: string indices must be integers, not 'str'
2025-04-01 09:14:45,872 - ERROR - Error processing article 463: string indices must be integers, not 'str'
2025-04-01 09:14:45,872 - ERROR - Error processing article 464: string indices must be integers, not 'str'
2025-04-01 09:14:45,872 - ERROR - Error processing article 465: string indices must be integers, not 'str'
2025-04-01 09:14:45,872 - ERROR - Error processing article 466: string indices must be integers, not 'str'
2025-04-01 09:14:45,872 - ERROR - Error processing article 467: string indices must be integers, not 'str'
2025-04-01 09:14:45,873 - ERROR - Error processing article 468: string indices must be integers, not 'str'
2025-04-01 09:14:45,873 - ERROR - Error processing article 469: string indices must be integers, not 'str'
2025-04-01 09:14:45,874 - ERROR - Error processing article 470: string indices must be integers, not 'str'
2025-04-01 09:14:45,874 - ERROR - Error processing article 471: string indices must be integers, not 'str'
2025-04-01 09:14:45,874 - ERROR - Error processing article 472: string indices must be integers, not 'str'
2025-04-01 09:14:45,874 - ERROR - Error processing article 473: string indices must be integers, not 'str'
2025-04-01 09:14:45,874 - ERROR - Error processing article 474: string indices must be integers, not 'str'
2025-04-01 09:14:45,874 - ERROR - Error processing article 475: string indices must be integers, not 'str'
2025-04-01 09:14:45,876 - ERROR - Error processing article 476: string indices must be integers, not 'str'
2025-04-01 09:14:45,876 - ERROR - Error processing article 477: string indices must be integers, not 'str'
2025-04-01 09:14:45,876 - ERROR - Error processing article 478: string indices must be integers, not 'str'
2025-04-01 09:14:45,876 - ERROR - Error processing article 479: string indices must be integers, not 'str'
2025-04-01 09:14:45,877 - ERROR - Error processing article 480: string indices must be integers, not 'str'
2025-04-01 09:14:45,877 - ERROR - Error processing article 481: string indices must be integers, not 'str'
2025-04-01 09:14:45,877 - ERROR - Error processing article 482: string indices must be integers, not 'str'
2025-04-01 09:14:45,877 - ERROR - Error processing article 483: string indices must be integers, not 'str'
2025-04-01 09:14:45,877 - ERROR - Error processing article 484: string indices must be integers, not 'str'
2025-04-01 09:14:45,878 - ERROR - Error processing article 485: string indices must be integers, not 'str'
2025-04-01 09:14:45,878 - ERROR - Error processing article 486: string indices must be integers, not 'str'
2025-04-01 09:14:45,878 - ERROR - Error processing article 487: string indices must be integers, not 'str'
2025-04-01 09:14:45,878 - ERROR - Error processing article 488: string indices must be integers, not 'str'
2025-04-01 09:14:45,878 - ERROR - Error processing article 489: string indices must be integers, not 'str'
2025-04-01 09:14:45,879 - ERROR - Error processing article 490: string indices must be integers, not 'str'
2025-04-01 09:14:45,879 - ERROR - Error processing article 491: string indices must be integers, not 'str'
2025-04-01 09:14:45,879 - ERROR - Error processing article 492: string indices must be integers, not 'str'
2025-04-01 09:14:45,879 - ERROR - Error processing article 493: string indices must be integers, not 'str'
2025-04-01 09:14:45,879 - ERROR - Error processing article 494: string indices must be integers, not 'str'
2025-04-01 09:14:45,879 - ERROR - Error processing article 495: string indices must be integers, not 'str'
2025-04-01 09:14:45,880 - ERROR - Error processing article 496: string indices must be integers, not 'str'
2025-04-01 09:14:45,880 - ERROR - Error processing article 497: string indices must be integers, not 'str'
2025-04-01 09:14:45,880 - ERROR - Error processing article 498: string indices must be integers, not 'str'
2025-04-01 09:14:45,880 - ERROR - Error processing article 499: string indices must be integers, not 'str'
2025-04-01 09:14:45,880 - INFO - Processed 500/4459 articles
2025-04-01 09:14:45,881 - ERROR - Error processing article 500: string indices must be integers, not 'str'
2025-04-01 09:14:45,881 - ERROR - Error processing article 501: string indices must be integers, not 'str'
2025-04-01 09:14:45,881 - ERROR - Error processing article 502: string indices must be integers, not 'str'
2025-04-01 09:14:45,881 - ERROR - Error processing article 503: string indices must be integers, not 'str'
2025-04-01 09:14:45,882 - ERROR - Error processing article 504: string indices must be integers, not 'str'
2025-04-01 09:14:45,882 - ERROR - Error processing article 505: string indices must be integers, not 'str'
2025-04-01 09:14:45,882 - ERROR - Error processing article 506: string indices must be integers, not 'str'
2025-04-01 09:14:45,882 - ERROR - Error processing article 507: string indices must be integers, not 'str'
2025-04-01 09:14:45,882 - ERROR - Error processing article 508: string indices must be integers, not 'str'
2025-04-01 09:14:45,883 - ERROR - Error processing article 509: string indices must be integers, not 'str'
2025-04-01 09:14:45,883 - ERROR - Error processing article 510: string indices must be integers, not 'str'
2025-04-01 09:14:45,883 - ERROR - Error processing article 511: string indices must be integers, not 'str'
2025-04-01 09:14:45,883 - ERROR - Error processing article 512: string indices must be integers, not 'str'
2025-04-01 09:14:45,884 - ERROR - Error processing article 513: string indices must be integers, not 'str'
2025-04-01 09:14:45,884 - ERROR - Error processing article 514: string indices must be integers, not 'str'
2025-04-01 09:14:45,884 - ERROR - Error processing article 515: string indices must be integers, not 'str'
2025-04-01 09:14:45,884 - ERROR - Error processing article 516: string indices must be integers, not 'str'
2025-04-01 09:14:45,884 - ERROR - Error processing article 517: string indices must be integers, not 'str'
2025-04-01 09:14:45,884 - ERROR - Error processing article 518: string indices must be integers, not 'str'
2025-04-01 09:14:45,885 - ERROR - Error processing article 519: string indices must be integers, not 'str'
2025-04-01 09:14:45,885 - ERROR - Error processing article 520: string indices must be integers, not 'str'
2025-04-01 09:14:45,885 - ERROR - Error processing article 521: string indices must be integers, not 'str'
2025-04-01 09:14:45,885 - ERROR - Error processing article 522: string indices must be integers, not 'str'
2025-04-01 09:14:45,885 - ERROR - Error processing article 523: string indices must be integers, not 'str'
2025-04-01 09:14:45,887 - ERROR - Error processing article 524: string indices must be integers, not 'str'
2025-04-01 09:14:45,887 - ERROR - Error processing article 525: string indices must be integers, not 'str'
2025-04-01 09:14:45,887 - ERROR - Error processing article 526: string indices must be integers, not 'str'
2025-04-01 09:14:45,887 - ERROR - Error processing article 527: string indices must be integers, not 'str'
2025-04-01 09:14:45,887 - ERROR - Error processing article 528: string indices must be integers, not 'str'
2025-04-01 09:14:45,887 - ERROR - Error processing article 529: string indices must be integers, not 'str'
2025-04-01 09:14:45,888 - ERROR - Error processing article 530: string indices must be integers, not 'str'
2025-04-01 09:14:45,888 - ERROR - Error processing article 531: string indices must be integers, not 'str'
2025-04-01 09:14:45,888 - ERROR - Error processing article 532: string indices must be integers, not 'str'
2025-04-01 09:14:45,888 - ERROR - Error processing article 533: string indices must be integers, not 'str'
2025-04-01 09:14:45,889 - ERROR - Error processing article 534: string indices must be integers, not 'str'
2025-04-01 09:14:45,889 - ERROR - Error processing article 535: string indices must be integers, not 'str'
2025-04-01 09:14:45,889 - ERROR - Error processing article 536: string indices must be integers, not 'str'
2025-04-01 09:14:45,889 - ERROR - Error processing article 537: string indices must be integers, not 'str'
2025-04-01 09:14:45,889 - ERROR - Error processing article 538: string indices must be integers, not 'str'
2025-04-01 09:14:45,889 - ERROR - Error processing article 539: string indices must be integers, not 'str'
2025-04-01 09:14:45,889 - ERROR - Error processing article 540: string indices must be integers, not 'str'
2025-04-01 09:14:45,890 - ERROR - Error processing article 541: string indices must be integers, not 'str'
2025-04-01 09:14:45,890 - ERROR - Error processing article 542: string indices must be integers, not 'str'
2025-04-01 09:14:45,890 - ERROR - Error processing article 543: string indices must be integers, not 'str'
2025-04-01 09:14:45,890 - ERROR - Error processing article 544: string indices must be integers, not 'str'
2025-04-01 09:14:45,890 - ERROR - Error processing article 545: string indices must be integers, not 'str'
2025-04-01 09:14:45,891 - ERROR - Error processing article 546: string indices must be integers, not 'str'
2025-04-01 09:14:45,891 - ERROR - Error processing article 547: string indices must be integers, not 'str'
2025-04-01 09:14:45,891 - ERROR - Error processing article 548: string indices must be integers, not 'str'
2025-04-01 09:14:45,891 - ERROR - Error processing article 549: string indices must be integers, not 'str'
2025-04-01 09:14:45,891 - ERROR - Error processing article 550: string indices must be integers, not 'str'
2025-04-01 09:14:45,891 - ERROR - Error processing article 551: string indices must be integers, not 'str'
2025-04-01 09:14:45,892 - ERROR - Error processing article 552: string indices must be integers, not 'str'
2025-04-01 09:14:45,892 - ERROR - Error processing article 553: string indices must be integers, not 'str'
2025-04-01 09:14:45,892 - ERROR - Error processing article 554: string indices must be integers, not 'str'
2025-04-01 09:14:45,892 - ERROR - Error processing article 555: string indices must be integers, not 'str'
2025-04-01 09:14:45,892 - ERROR - Error processing article 556: string indices must be integers, not 'str'
2025-04-01 09:14:45,893 - ERROR - Error processing article 557: string indices must be integers, not 'str'
2025-04-01 09:14:45,893 - ERROR - Error processing article 558: string indices must be integers, not 'str'
2025-04-01 09:14:45,893 - ERROR - Error processing article 559: string indices must be integers, not 'str'
2025-04-01 09:14:45,893 - ERROR - Error processing article 560: string indices must be integers, not 'str'
2025-04-01 09:14:45,893 - ERROR - Error processing article 561: string indices must be integers, not 'str'
2025-04-01 09:14:45,893 - ERROR - Error processing article 562: string indices must be integers, not 'str'
2025-04-01 09:14:45,894 - ERROR - Error processing article 563: string indices must be integers, not 'str'
2025-04-01 09:14:45,894 - ERROR - Error processing article 564: string indices must be integers, not 'str'
2025-04-01 09:14:45,894 - ERROR - Error processing article 565: string indices must be integers, not 'str'
2025-04-01 09:14:45,894 - ERROR - Error processing article 566: string indices must be integers, not 'str'
2025-04-01 09:14:45,894 - ERROR - Error processing article 567: string indices must be integers, not 'str'
2025-04-01 09:14:45,895 - ERROR - Error processing article 568: string indices must be integers, not 'str'
2025-04-01 09:14:45,895 - ERROR - Error processing article 569: string indices must be integers, not 'str'
2025-04-01 09:14:45,895 - ERROR - Error processing article 570: string indices must be integers, not 'str'
2025-04-01 09:14:45,895 - ERROR - Error processing article 571: string indices must be integers, not 'str'
2025-04-01 09:14:45,895 - ERROR - Error processing article 572: string indices must be integers, not 'str'
2025-04-01 09:14:45,896 - ERROR - Error processing article 573: string indices must be integers, not 'str'
2025-04-01 09:14:45,896 - ERROR - Error processing article 574: string indices must be integers, not 'str'
2025-04-01 09:14:45,896 - ERROR - Error processing article 575: string indices must be integers, not 'str'
2025-04-01 09:14:45,896 - ERROR - Error processing article 576: string indices must be integers, not 'str'
2025-04-01 09:14:45,896 - ERROR - Error processing article 577: string indices must be integers, not 'str'
2025-04-01 09:14:45,896 - ERROR - Error processing article 578: string indices must be integers, not 'str'
2025-04-01 09:14:45,896 - ERROR - Error processing article 579: string indices must be integers, not 'str'
2025-04-01 09:14:45,898 - ERROR - Error processing article 580: string indices must be integers, not 'str'
2025-04-01 09:14:45,898 - ERROR - Error processing article 581: string indices must be integers, not 'str'
2025-04-01 09:14:45,898 - ERROR - Error processing article 582: string indices must be integers, not 'str'
2025-04-01 09:14:45,898 - ERROR - Error processing article 583: string indices must be integers, not 'str'
2025-04-01 09:14:45,899 - ERROR - Error processing article 584: string indices must be integers, not 'str'
2025-04-01 09:14:45,899 - ERROR - Error processing article 585: string indices must be integers, not 'str'
2025-04-01 09:14:45,899 - ERROR - Error processing article 586: string indices must be integers, not 'str'
2025-04-01 09:14:45,899 - ERROR - Error processing article 587: string indices must be integers, not 'str'
2025-04-01 09:14:45,900 - ERROR - Error processing article 588: string indices must be integers, not 'str'
2025-04-01 09:14:45,900 - ERROR - Error processing article 589: string indices must be integers, not 'str'
2025-04-01 09:14:45,900 - ERROR - Error processing article 590: string indices must be integers, not 'str'
2025-04-01 09:14:45,900 - ERROR - Error processing article 591: string indices must be integers, not 'str'
2025-04-01 09:14:45,900 - ERROR - Error processing article 592: string indices must be integers, not 'str'
2025-04-01 09:14:45,900 - ERROR - Error processing article 593: string indices must be integers, not 'str'
2025-04-01 09:14:45,900 - ERROR - Error processing article 594: string indices must be integers, not 'str'
2025-04-01 09:14:45,901 - ERROR - Error processing article 595: string indices must be integers, not 'str'
2025-04-01 09:14:45,901 - ERROR - Error processing article 596: string indices must be integers, not 'str'
2025-04-01 09:14:45,901 - ERROR - Error processing article 597: string indices must be integers, not 'str'
2025-04-01 09:14:45,901 - ERROR - Error processing article 598: string indices must be integers, not 'str'
2025-04-01 09:14:45,901 - ERROR - Error processing article 599: string indices must be integers, not 'str'
2025-04-01 09:14:45,901 - INFO - Processed 600/4459 articles
2025-04-01 09:14:45,901 - ERROR - Error processing article 600: string indices must be integers, not 'str'
2025-04-01 09:14:45,901 - ERROR - Error processing article 601: string indices must be integers, not 'str'
2025-04-01 09:14:45,901 - ERROR - Error processing article 602: string indices must be integers, not 'str'
2025-04-01 09:14:45,901 - ERROR - Error processing article 603: string indices must be integers, not 'str'
2025-04-01 09:14:45,903 - ERROR - Error processing article 604: string indices must be integers, not 'str'
2025-04-01 09:14:45,903 - ERROR - Error processing article 605: string indices must be integers, not 'str'
2025-04-01 09:14:45,903 - ERROR - Error processing article 606: string indices must be integers, not 'str'
2025-04-01 09:14:45,903 - ERROR - Error processing article 607: string indices must be integers, not 'str'
2025-04-01 09:14:45,903 - ERROR - Error processing article 608: string indices must be integers, not 'str'
2025-04-01 09:14:45,903 - ERROR - Error processing article 609: string indices must be integers, not 'str'
2025-04-01 09:14:45,905 - ERROR - Error processing article 610: string indices must be integers, not 'str'
2025-04-01 09:14:45,905 - ERROR - Error processing article 611: string indices must be integers, not 'str'
2025-04-01 09:14:45,905 - ERROR - Error processing article 612: string indices must be integers, not 'str'
2025-04-01 09:14:45,905 - ERROR - Error processing article 613: string indices must be integers, not 'str'
2025-04-01 09:14:45,905 - ERROR - Error processing article 614: string indices must be integers, not 'str'
2025-04-01 09:14:45,905 - ERROR - Error processing article 615: string indices must be integers, not 'str'
2025-04-01 09:14:45,906 - ERROR - Error processing article 616: string indices must be integers, not 'str'
2025-04-01 09:14:45,906 - ERROR - Error processing article 617: string indices must be integers, not 'str'
2025-04-01 09:14:45,906 - ERROR - Error processing article 618: string indices must be integers, not 'str'
2025-04-01 09:14:45,906 - ERROR - Error processing article 619: string indices must be integers, not 'str'
2025-04-01 09:14:45,906 - ERROR - Error processing article 620: string indices must be integers, not 'str'
2025-04-01 09:14:45,907 - ERROR - Error processing article 621: string indices must be integers, not 'str'
2025-04-01 09:14:45,907 - ERROR - Error processing article 622: string indices must be integers, not 'str'
2025-04-01 09:14:45,907 - ERROR - Error processing article 623: string indices must be integers, not 'str'
2025-04-01 09:14:45,907 - ERROR - Error processing article 624: string indices must be integers, not 'str'
2025-04-01 09:14:45,907 - ERROR - Error processing article 625: string indices must be integers, not 'str'
2025-04-01 09:14:45,908 - ERROR - Error processing article 626: string indices must be integers, not 'str'
2025-04-01 09:14:45,908 - ERROR - Error processing article 627: string indices must be integers, not 'str'
2025-04-01 09:14:45,908 - ERROR - Error processing article 628: string indices must be integers, not 'str'
2025-04-01 09:14:45,908 - ERROR - Error processing article 629: string indices must be integers, not 'str'
2025-04-01 09:14:45,908 - ERROR - Error processing article 630: string indices must be integers, not 'str'
2025-04-01 09:14:45,909 - ERROR - Error processing article 631: string indices must be integers, not 'str'
2025-04-01 09:14:45,909 - ERROR - Error processing article 632: string indices must be integers, not 'str'
2025-04-01 09:14:45,909 - ERROR - Error processing article 633: string indices must be integers, not 'str'
2025-04-01 09:14:45,909 - ERROR - Error processing article 634: string indices must be integers, not 'str'
2025-04-01 09:14:45,909 - ERROR - Error processing article 635: string indices must be integers, not 'str'
2025-04-01 09:14:45,909 - ERROR - Error processing article 636: string indices must be integers, not 'str'
2025-04-01 09:14:45,909 - ERROR - Error processing article 637: string indices must be integers, not 'str'
2025-04-01 09:14:45,909 - ERROR - Error processing article 638: string indices must be integers, not 'str'
2025-04-01 09:14:45,909 - ERROR - Error processing article 639: string indices must be integers, not 'str'
2025-04-01 09:14:45,909 - ERROR - Error processing article 640: string indices must be integers, not 'str'
2025-04-01 09:14:45,909 - ERROR - Error processing article 641: string indices must be integers, not 'str'
2025-04-01 09:14:45,909 - ERROR - Error processing article 642: string indices must be integers, not 'str'
2025-04-01 09:14:45,909 - ERROR - Error processing article 643: string indices must be integers, not 'str'
2025-04-01 09:14:45,909 - ERROR - Error processing article 644: string indices must be integers, not 'str'
2025-04-01 09:14:45,912 - ERROR - Error processing article 645: string indices must be integers, not 'str'
2025-04-01 09:14:45,912 - ERROR - Error processing article 646: string indices must be integers, not 'str'
2025-04-01 09:14:45,912 - ERROR - Error processing article 647: string indices must be integers, not 'str'
2025-04-01 09:14:45,912 - ERROR - Error processing article 648: string indices must be integers, not 'str'
2025-04-01 09:14:45,912 - ERROR - Error processing article 649: string indices must be integers, not 'str'
2025-04-01 09:14:45,912 - ERROR - Error processing article 650: string indices must be integers, not 'str'
2025-04-01 09:14:45,912 - ERROR - Error processing article 651: string indices must be integers, not 'str'
2025-04-01 09:14:45,912 - ERROR - Error processing article 652: string indices must be integers, not 'str'
2025-04-01 09:14:45,912 - ERROR - Error processing article 653: string indices must be integers, not 'str'
2025-04-01 09:14:45,912 - ERROR - Error processing article 654: string indices must be integers, not 'str'
2025-04-01 09:14:45,914 - ERROR - Error processing article 655: string indices must be integers, not 'str'
2025-04-01 09:14:45,914 - ERROR - Error processing article 656: string indices must be integers, not 'str'
2025-04-01 09:14:45,914 - ERROR - Error processing article 657: string indices must be integers, not 'str'
2025-04-01 09:14:45,914 - ERROR - Error processing article 658: string indices must be integers, not 'str'
2025-04-01 09:14:45,914 - ERROR - Error processing article 659: string indices must be integers, not 'str'
2025-04-01 09:14:45,915 - ERROR - Error processing article 660: string indices must be integers, not 'str'
2025-04-01 09:14:45,915 - ERROR - Error processing article 661: string indices must be integers, not 'str'
2025-04-01 09:14:45,915 - ERROR - Error processing article 662: string indices must be integers, not 'str'
2025-04-01 09:14:45,915 - ERROR - Error processing article 663: string indices must be integers, not 'str'
2025-04-01 09:14:45,915 - ERROR - Error processing article 664: string indices must be integers, not 'str'
2025-04-01 09:14:45,916 - ERROR - Error processing article 665: string indices must be integers, not 'str'
2025-04-01 09:14:45,916 - ERROR - Error processing article 666: string indices must be integers, not 'str'
2025-04-01 09:14:45,916 - ERROR - Error processing article 667: string indices must be integers, not 'str'
2025-04-01 09:14:45,916 - ERROR - Error processing article 668: string indices must be integers, not 'str'
2025-04-01 09:14:45,916 - ERROR - Error processing article 669: string indices must be integers, not 'str'
2025-04-01 09:14:45,917 - ERROR - Error processing article 670: string indices must be integers, not 'str'
2025-04-01 09:14:45,917 - ERROR - Error processing article 671: string indices must be integers, not 'str'
2025-04-01 09:14:45,917 - ERROR - Error processing article 672: string indices must be integers, not 'str'
2025-04-01 09:14:45,917 - ERROR - Error processing article 673: string indices must be integers, not 'str'
2025-04-01 09:14:45,918 - ERROR - Error processing article 674: string indices must be integers, not 'str'
2025-04-01 09:14:45,918 - ERROR - Error processing article 675: string indices must be integers, not 'str'
2025-04-01 09:14:45,918 - ERROR - Error processing article 676: string indices must be integers, not 'str'
2025-04-01 09:14:45,918 - ERROR - Error processing article 677: string indices must be integers, not 'str'
2025-04-01 09:14:45,918 - ERROR - Error processing article 678: string indices must be integers, not 'str'
2025-04-01 09:14:45,919 - ERROR - Error processing article 679: string indices must be integers, not 'str'
2025-04-01 09:14:45,919 - ERROR - Error processing article 680: string indices must be integers, not 'str'
2025-04-01 09:14:45,919 - ERROR - Error processing article 681: string indices must be integers, not 'str'
2025-04-01 09:14:45,919 - ERROR - Error processing article 682: string indices must be integers, not 'str'
2025-04-01 09:14:45,919 - ERROR - Error processing article 683: string indices must be integers, not 'str'
2025-04-01 09:14:45,920 - ERROR - Error processing article 684: string indices must be integers, not 'str'
2025-04-01 09:14:45,920 - ERROR - Error processing article 685: string indices must be integers, not 'str'
2025-04-01 09:14:45,920 - ERROR - Error processing article 686: string indices must be integers, not 'str'
2025-04-01 09:14:45,920 - ERROR - Error processing article 687: string indices must be integers, not 'str'
2025-04-01 09:14:45,922 - ERROR - Error processing article 688: string indices must be integers, not 'str'
2025-04-01 09:14:45,922 - ERROR - Error processing article 689: string indices must be integers, not 'str'
2025-04-01 09:14:45,922 - ERROR - Error processing article 690: string indices must be integers, not 'str'
2025-04-01 09:14:45,922 - ERROR - Error processing article 691: string indices must be integers, not 'str'
2025-04-01 09:14:45,922 - ERROR - Error processing article 692: string indices must be integers, not 'str'
2025-04-01 09:14:45,922 - ERROR - Error processing article 693: string indices must be integers, not 'str'
2025-04-01 09:14:45,923 - ERROR - Error processing article 694: string indices must be integers, not 'str'
2025-04-01 09:14:45,923 - ERROR - Error processing article 695: string indices must be integers, not 'str'
2025-04-01 09:14:45,923 - ERROR - Error processing article 696: string indices must be integers, not 'str'
2025-04-01 09:14:45,923 - ERROR - Error processing article 697: string indices must be integers, not 'str'
2025-04-01 09:14:45,923 - ERROR - Error processing article 698: string indices must be integers, not 'str'
2025-04-01 09:14:45,923 - ERROR - Error processing article 699: string indices must be integers, not 'str'
2025-04-01 09:14:45,924 - INFO - Processed 700/4459 articles
2025-04-01 09:14:45,924 - ERROR - Error processing article 700: string indices must be integers, not 'str'
2025-04-01 09:14:45,924 - ERROR - Error processing article 701: string indices must be integers, not 'str'
2025-04-01 09:14:45,924 - ERROR - Error processing article 702: string indices must be integers, not 'str'
2025-04-01 09:14:45,924 - ERROR - Error processing article 703: string indices must be integers, not 'str'
2025-04-01 09:14:45,924 - ERROR - Error processing article 704: string indices must be integers, not 'str'
2025-04-01 09:14:45,925 - ERROR - Error processing article 705: string indices must be integers, not 'str'
2025-04-01 09:14:45,925 - ERROR - Error processing article 706: string indices must be integers, not 'str'
2025-04-01 09:14:45,925 - ERROR - Error processing article 707: string indices must be integers, not 'str'
2025-04-01 09:14:45,925 - ERROR - Error processing article 708: string indices must be integers, not 'str'
2025-04-01 09:14:45,925 - ERROR - Error processing article 709: string indices must be integers, not 'str'
2025-04-01 09:14:45,926 - ERROR - Error processing article 710: string indices must be integers, not 'str'
2025-04-01 09:14:45,926 - ERROR - Error processing article 711: string indices must be integers, not 'str'
2025-04-01 09:14:45,926 - ERROR - Error processing article 712: string indices must be integers, not 'str'
2025-04-01 09:14:45,926 - ERROR - Error processing article 713: string indices must be integers, not 'str'
2025-04-01 09:14:45,926 - ERROR - Error processing article 714: string indices must be integers, not 'str'
2025-04-01 09:14:45,927 - ERROR - Error processing article 715: string indices must be integers, not 'str'
2025-04-01 09:14:45,927 - ERROR - Error processing article 716: string indices must be integers, not 'str'
2025-04-01 09:14:45,927 - ERROR - Error processing article 717: string indices must be integers, not 'str'
2025-04-01 09:14:45,927 - ERROR - Error processing article 718: string indices must be integers, not 'str'
2025-04-01 09:14:45,928 - ERROR - Error processing article 719: string indices must be integers, not 'str'
2025-04-01 09:14:45,928 - ERROR - Error processing article 720: string indices must be integers, not 'str'
2025-04-01 09:14:45,928 - ERROR - Error processing article 721: string indices must be integers, not 'str'
2025-04-01 09:14:45,928 - ERROR - Error processing article 722: string indices must be integers, not 'str'
2025-04-01 09:14:45,928 - ERROR - Error processing article 723: string indices must be integers, not 'str'
2025-04-01 09:14:45,929 - ERROR - Error processing article 724: string indices must be integers, not 'str'
2025-04-01 09:14:45,929 - ERROR - Error processing article 725: string indices must be integers, not 'str'
2025-04-01 09:14:45,929 - ERROR - Error processing article 726: string indices must be integers, not 'str'
2025-04-01 09:14:45,929 - ERROR - Error processing article 727: string indices must be integers, not 'str'
2025-04-01 09:14:45,929 - ERROR - Error processing article 728: string indices must be integers, not 'str'
2025-04-01 09:14:45,930 - ERROR - Error processing article 729: string indices must be integers, not 'str'
2025-04-01 09:14:45,930 - ERROR - Error processing article 730: string indices must be integers, not 'str'
2025-04-01 09:14:45,930 - ERROR - Error processing article 731: string indices must be integers, not 'str'
2025-04-01 09:14:45,930 - ERROR - Error processing article 732: string indices must be integers, not 'str'
2025-04-01 09:14:45,930 - ERROR - Error processing article 733: string indices must be integers, not 'str'
2025-04-01 09:14:45,930 - ERROR - Error processing article 734: string indices must be integers, not 'str'
2025-04-01 09:14:45,932 - ERROR - Error processing article 735: string indices must be integers, not 'str'
2025-04-01 09:14:45,932 - ERROR - Error processing article 736: string indices must be integers, not 'str'
2025-04-01 09:14:45,932 - ERROR - Error processing article 737: string indices must be integers, not 'str'
2025-04-01 09:14:45,932 - ERROR - Error processing article 738: string indices must be integers, not 'str'
2025-04-01 09:14:45,932 - ERROR - Error processing article 739: string indices must be integers, not 'str'
2025-04-01 09:14:45,932 - ERROR - Error processing article 740: string indices must be integers, not 'str'
2025-04-01 09:14:45,932 - ERROR - Error processing article 741: string indices must be integers, not 'str'
2025-04-01 09:14:45,933 - ERROR - Error processing article 742: string indices must be integers, not 'str'
2025-04-01 09:14:45,933 - ERROR - Error processing article 743: string indices must be integers, not 'str'
2025-04-01 09:14:45,933 - ERROR - Error processing article 744: string indices must be integers, not 'str'
2025-04-01 09:14:45,933 - ERROR - Error processing article 745: string indices must be integers, not 'str'
2025-04-01 09:14:45,933 - ERROR - Error processing article 746: string indices must be integers, not 'str'
2025-04-01 09:14:45,933 - ERROR - Error processing article 747: string indices must be integers, not 'str'
2025-04-01 09:14:45,934 - ERROR - Error processing article 748: string indices must be integers, not 'str'
2025-04-01 09:14:45,934 - ERROR - Error processing article 749: string indices must be integers, not 'str'
2025-04-01 09:14:45,934 - ERROR - Error processing article 750: string indices must be integers, not 'str'
2025-04-01 09:14:45,934 - ERROR - Error processing article 751: string indices must be integers, not 'str'
2025-04-01 09:14:45,934 - ERROR - Error processing article 752: string indices must be integers, not 'str'
2025-04-01 09:14:45,935 - ERROR - Error processing article 753: string indices must be integers, not 'str'
2025-04-01 09:14:45,935 - ERROR - Error processing article 754: string indices must be integers, not 'str'
2025-04-01 09:14:45,935 - ERROR - Error processing article 755: string indices must be integers, not 'str'
2025-04-01 09:14:45,935 - ERROR - Error processing article 756: string indices must be integers, not 'str'
2025-04-01 09:14:45,935 - ERROR - Error processing article 757: string indices must be integers, not 'str'
2025-04-01 09:14:45,936 - ERROR - Error processing article 758: string indices must be integers, not 'str'
2025-04-01 09:14:45,936 - ERROR - Error processing article 759: string indices must be integers, not 'str'
2025-04-01 09:14:45,936 - ERROR - Error processing article 760: string indices must be integers, not 'str'
2025-04-01 09:14:45,936 - ERROR - Error processing article 761: string indices must be integers, not 'str'
2025-04-01 09:14:45,936 - ERROR - Error processing article 762: string indices must be integers, not 'str'
2025-04-01 09:14:45,936 - ERROR - Error processing article 763: string indices must be integers, not 'str'
2025-04-01 09:14:45,938 - ERROR - Error processing article 764: string indices must be integers, not 'str'
2025-04-01 09:14:45,938 - ERROR - Error processing article 765: string indices must be integers, not 'str'
2025-04-01 09:14:45,938 - ERROR - Error processing article 766: string indices must be integers, not 'str'
2025-04-01 09:14:45,938 - ERROR - Error processing article 767: string indices must be integers, not 'str'
2025-04-01 09:14:45,938 - ERROR - Error processing article 768: string indices must be integers, not 'str'
2025-04-01 09:14:45,939 - ERROR - Error processing article 769: string indices must be integers, not 'str'
2025-04-01 09:14:45,939 - ERROR - Error processing article 770: string indices must be integers, not 'str'
2025-04-01 09:14:45,939 - ERROR - Error processing article 771: string indices must be integers, not 'str'
2025-04-01 09:14:45,939 - ERROR - Error processing article 772: string indices must be integers, not 'str'
2025-04-01 09:14:45,939 - ERROR - Error processing article 773: string indices must be integers, not 'str'
2025-04-01 09:14:45,939 - ERROR - Error processing article 774: string indices must be integers, not 'str'
2025-04-01 09:14:45,940 - ERROR - Error processing article 775: string indices must be integers, not 'str'
2025-04-01 09:14:45,940 - ERROR - Error processing article 776: string indices must be integers, not 'str'
2025-04-01 09:14:45,940 - ERROR - Error processing article 777: string indices must be integers, not 'str'
2025-04-01 09:14:45,940 - ERROR - Error processing article 778: string indices must be integers, not 'str'
2025-04-01 09:14:45,941 - ERROR - Error processing article 779: string indices must be integers, not 'str'
2025-04-01 09:14:45,941 - ERROR - Error processing article 780: string indices must be integers, not 'str'
2025-04-01 09:14:45,941 - ERROR - Error processing article 781: string indices must be integers, not 'str'
2025-04-01 09:14:45,941 - ERROR - Error processing article 782: string indices must be integers, not 'str'
2025-04-01 09:14:45,941 - ERROR - Error processing article 783: string indices must be integers, not 'str'
2025-04-01 09:14:45,942 - ERROR - Error processing article 784: string indices must be integers, not 'str'
2025-04-01 09:14:45,942 - ERROR - Error processing article 785: string indices must be integers, not 'str'
2025-04-01 09:14:45,942 - ERROR - Error processing article 786: string indices must be integers, not 'str'
2025-04-01 09:14:45,942 - ERROR - Error processing article 787: string indices must be integers, not 'str'
2025-04-01 09:14:45,942 - ERROR - Error processing article 788: string indices must be integers, not 'str'
2025-04-01 09:14:45,943 - ERROR - Error processing article 789: string indices must be integers, not 'str'
2025-04-01 09:14:45,943 - ERROR - Error processing article 790: string indices must be integers, not 'str'
2025-04-01 09:14:45,943 - ERROR - Error processing article 791: string indices must be integers, not 'str'
2025-04-01 09:14:45,943 - ERROR - Error processing article 792: string indices must be integers, not 'str'
2025-04-01 09:14:45,943 - ERROR - Error processing article 793: string indices must be integers, not 'str'
2025-04-01 09:14:45,944 - ERROR - Error processing article 794: string indices must be integers, not 'str'
2025-04-01 09:14:45,944 - ERROR - Error processing article 795: string indices must be integers, not 'str'
2025-04-01 09:14:45,944 - ERROR - Error processing article 796: string indices must be integers, not 'str'
2025-04-01 09:14:45,944 - ERROR - Error processing article 797: string indices must be integers, not 'str'
2025-04-01 09:14:45,945 - ERROR - Error processing article 798: string indices must be integers, not 'str'
2025-04-01 09:14:45,945 - ERROR - Error processing article 799: string indices must be integers, not 'str'
2025-04-01 09:14:45,945 - INFO - Processed 800/4459 articles
2025-04-01 09:14:45,945 - ERROR - Error processing article 800: string indices must be integers, not 'str'
2025-04-01 09:14:45,945 - ERROR - Error processing article 801: string indices must be integers, not 'str'
2025-04-01 09:14:45,945 - ERROR - Error processing article 802: string indices must be integers, not 'str'
2025-04-01 09:14:45,946 - ERROR - Error processing article 803: string indices must be integers, not 'str'
2025-04-01 09:14:45,946 - ERROR - Error processing article 804: string indices must be integers, not 'str'
2025-04-01 09:14:45,946 - ERROR - Error processing article 805: string indices must be integers, not 'str'
2025-04-01 09:14:45,946 - ERROR - Error processing article 806: string indices must be integers, not 'str'
2025-04-01 09:14:45,948 - ERROR - Error processing article 807: string indices must be integers, not 'str'
2025-04-01 09:14:45,948 - ERROR - Error processing article 808: string indices must be integers, not 'str'
2025-04-01 09:14:45,948 - ERROR - Error processing article 809: string indices must be integers, not 'str'
2025-04-01 09:14:45,948 - ERROR - Error processing article 810: string indices must be integers, not 'str'
2025-04-01 09:14:45,949 - ERROR - Error processing article 811: string indices must be integers, not 'str'
2025-04-01 09:14:45,949 - ERROR - Error processing article 812: string indices must be integers, not 'str'
2025-04-01 09:14:45,949 - ERROR - Error processing article 813: string indices must be integers, not 'str'
2025-04-01 09:14:45,950 - ERROR - Error processing article 814: string indices must be integers, not 'str'
2025-04-01 09:14:45,950 - ERROR - Error processing article 815: string indices must be integers, not 'str'
2025-04-01 09:14:45,950 - ERROR - Error processing article 816: string indices must be integers, not 'str'
2025-04-01 09:14:45,950 - ERROR - Error processing article 817: string indices must be integers, not 'str'
2025-04-01 09:14:45,950 - ERROR - Error processing article 818: string indices must be integers, not 'str'
2025-04-01 09:14:45,950 - ERROR - Error processing article 819: string indices must be integers, not 'str'
2025-04-01 09:14:45,950 - ERROR - Error processing article 820: string indices must be integers, not 'str'
2025-04-01 09:14:45,950 - ERROR - Error processing article 821: string indices must be integers, not 'str'
2025-04-01 09:14:45,950 - ERROR - Error processing article 822: string indices must be integers, not 'str'
2025-04-01 09:14:45,950 - ERROR - Error processing article 823: string indices must be integers, not 'str'
2025-04-01 09:14:45,950 - ERROR - Error processing article 824: string indices must be integers, not 'str'
2025-04-01 09:14:45,950 - ERROR - Error processing article 825: string indices must be integers, not 'str'
2025-04-01 09:14:45,950 - ERROR - Error processing article 826: string indices must be integers, not 'str'
2025-04-01 09:14:45,950 - ERROR - Error processing article 827: string indices must be integers, not 'str'
2025-04-01 09:14:45,953 - ERROR - Error processing article 828: string indices must be integers, not 'str'
2025-04-01 09:14:45,953 - ERROR - Error processing article 829: string indices must be integers, not 'str'
2025-04-01 09:14:45,953 - ERROR - Error processing article 830: string indices must be integers, not 'str'
2025-04-01 09:14:45,954 - ERROR - Error processing article 831: string indices must be integers, not 'str'
2025-04-01 09:14:45,954 - ERROR - Error processing article 832: string indices must be integers, not 'str'
2025-04-01 09:14:45,954 - ERROR - Error processing article 833: string indices must be integers, not 'str'
2025-04-01 09:14:45,954 - ERROR - Error processing article 834: string indices must be integers, not 'str'
2025-04-01 09:14:45,954 - ERROR - Error processing article 835: string indices must be integers, not 'str'
2025-04-01 09:14:45,955 - ERROR - Error processing article 836: string indices must be integers, not 'str'
2025-04-01 09:14:45,955 - ERROR - Error processing article 837: string indices must be integers, not 'str'
2025-04-01 09:14:45,955 - ERROR - Error processing article 838: string indices must be integers, not 'str'
2025-04-01 09:14:45,955 - ERROR - Error processing article 839: string indices must be integers, not 'str'
2025-04-01 09:14:45,955 - ERROR - Error processing article 840: string indices must be integers, not 'str'
2025-04-01 09:14:45,956 - ERROR - Error processing article 841: string indices must be integers, not 'str'
2025-04-01 09:14:45,956 - ERROR - Error processing article 842: string indices must be integers, not 'str'
2025-04-01 09:14:45,956 - ERROR - Error processing article 843: string indices must be integers, not 'str'
2025-04-01 09:14:45,956 - ERROR - Error processing article 844: string indices must be integers, not 'str'
2025-04-01 09:14:45,956 - ERROR - Error processing article 845: string indices must be integers, not 'str'
2025-04-01 09:14:45,958 - ERROR - Error processing article 846: string indices must be integers, not 'str'
2025-04-01 09:14:45,958 - ERROR - Error processing article 847: string indices must be integers, not 'str'
2025-04-01 09:14:45,958 - ERROR - Error processing article 848: string indices must be integers, not 'str'
2025-04-01 09:14:45,958 - ERROR - Error processing article 849: string indices must be integers, not 'str'
2025-04-01 09:14:45,958 - ERROR - Error processing article 850: string indices must be integers, not 'str'
2025-04-01 09:14:45,959 - ERROR - Error processing article 851: string indices must be integers, not 'str'
2025-04-01 09:14:45,959 - ERROR - Error processing article 852: string indices must be integers, not 'str'
2025-04-01 09:14:45,959 - ERROR - Error processing article 853: string indices must be integers, not 'str'
2025-04-01 09:14:45,959 - ERROR - Error processing article 854: string indices must be integers, not 'str'
2025-04-01 09:14:45,959 - ERROR - Error processing article 855: string indices must be integers, not 'str'
2025-04-01 09:14:45,959 - ERROR - Error processing article 856: string indices must be integers, not 'str'
2025-04-01 09:14:45,960 - ERROR - Error processing article 857: string indices must be integers, not 'str'
2025-04-01 09:14:45,960 - ERROR - Error processing article 858: string indices must be integers, not 'str'
2025-04-01 09:14:45,960 - ERROR - Error processing article 859: string indices must be integers, not 'str'
2025-04-01 09:14:45,960 - ERROR - Error processing article 860: string indices must be integers, not 'str'
2025-04-01 09:14:45,960 - ERROR - Error processing article 861: string indices must be integers, not 'str'
2025-04-01 09:14:45,960 - ERROR - Error processing article 862: string indices must be integers, not 'str'
2025-04-01 09:14:45,960 - ERROR - Error processing article 863: string indices must be integers, not 'str'
2025-04-01 09:14:45,960 - ERROR - Error processing article 864: string indices must be integers, not 'str'
2025-04-01 09:14:45,960 - ERROR - Error processing article 865: string indices must be integers, not 'str'
2025-04-01 09:14:45,960 - ERROR - Error processing article 866: string indices must be integers, not 'str'
2025-04-01 09:14:45,960 - ERROR - Error processing article 867: string indices must be integers, not 'str'
2025-04-01 09:14:45,960 - ERROR - Error processing article 868: string indices must be integers, not 'str'
2025-04-01 09:14:45,962 - ERROR - Error processing article 869: string indices must be integers, not 'str'
2025-04-01 09:14:45,962 - ERROR - Error processing article 870: string indices must be integers, not 'str'
2025-04-01 09:14:45,962 - ERROR - Error processing article 871: string indices must be integers, not 'str'
2025-04-01 09:14:45,962 - ERROR - Error processing article 872: string indices must be integers, not 'str'
2025-04-01 09:14:45,962 - ERROR - Error processing article 873: string indices must be integers, not 'str'
2025-04-01 09:14:45,963 - ERROR - Error processing article 874: string indices must be integers, not 'str'
2025-04-01 09:14:45,963 - ERROR - Error processing article 875: string indices must be integers, not 'str'
2025-04-01 09:14:45,963 - ERROR - Error processing article 876: string indices must be integers, not 'str'
2025-04-01 09:14:45,963 - ERROR - Error processing article 877: string indices must be integers, not 'str'
2025-04-01 09:14:45,964 - ERROR - Error processing article 878: string indices must be integers, not 'str'
2025-04-01 09:14:45,964 - ERROR - Error processing article 879: string indices must be integers, not 'str'
2025-04-01 09:14:45,964 - ERROR - Error processing article 880: string indices must be integers, not 'str'
2025-04-01 09:14:45,964 - ERROR - Error processing article 881: string indices must be integers, not 'str'
2025-04-01 09:14:45,964 - ERROR - Error processing article 882: string indices must be integers, not 'str'
2025-04-01 09:14:45,965 - ERROR - Error processing article 883: string indices must be integers, not 'str'
2025-04-01 09:14:45,965 - ERROR - Error processing article 884: string indices must be integers, not 'str'
2025-04-01 09:14:45,965 - ERROR - Error processing article 885: string indices must be integers, not 'str'
2025-04-01 09:14:45,965 - ERROR - Error processing article 886: string indices must be integers, not 'str'
2025-04-01 09:14:45,965 - ERROR - Error processing article 887: string indices must be integers, not 'str'
2025-04-01 09:14:45,966 - ERROR - Error processing article 888: string indices must be integers, not 'str'
2025-04-01 09:14:45,966 - ERROR - Error processing article 889: string indices must be integers, not 'str'
2025-04-01 09:14:45,966 - ERROR - Error processing article 890: string indices must be integers, not 'str'
2025-04-01 09:14:45,966 - ERROR - Error processing article 891: string indices must be integers, not 'str'
2025-04-01 09:14:45,966 - ERROR - Error processing article 892: string indices must be integers, not 'str'
2025-04-01 09:14:45,966 - ERROR - Error processing article 893: string indices must be integers, not 'str'
2025-04-01 09:14:45,966 - ERROR - Error processing article 894: string indices must be integers, not 'str'
2025-04-01 09:14:45,968 - ERROR - Error processing article 895: string indices must be integers, not 'str'
2025-04-01 09:14:45,968 - ERROR - Error processing article 896: string indices must be integers, not 'str'
2025-04-01 09:14:45,968 - ERROR - Error processing article 897: string indices must be integers, not 'str'
2025-04-01 09:14:45,968 - ERROR - Error processing article 898: string indices must be integers, not 'str'
2025-04-01 09:14:45,968 - ERROR - Error processing article 899: string indices must be integers, not 'str'
2025-04-01 09:14:45,969 - INFO - Processed 900/4459 articles
2025-04-01 09:14:45,969 - ERROR - Error processing article 900: string indices must be integers, not 'str'
2025-04-01 09:14:45,969 - ERROR - Error processing article 901: string indices must be integers, not 'str'
2025-04-01 09:14:45,969 - ERROR - Error processing article 902: string indices must be integers, not 'str'
2025-04-01 09:14:45,969 - ERROR - Error processing article 903: string indices must be integers, not 'str'
2025-04-01 09:14:45,970 - ERROR - Error processing article 904: string indices must be integers, not 'str'
2025-04-01 09:14:45,970 - ERROR - Error processing article 905: string indices must be integers, not 'str'
2025-04-01 09:14:45,970 - ERROR - Error processing article 906: string indices must be integers, not 'str'
2025-04-01 09:14:45,970 - ERROR - Error processing article 907: string indices must be integers, not 'str'
2025-04-01 09:14:45,970 - ERROR - Error processing article 908: string indices must be integers, not 'str'
2025-04-01 09:14:45,971 - ERROR - Error processing article 909: string indices must be integers, not 'str'
2025-04-01 09:14:45,971 - ERROR - Error processing article 910: string indices must be integers, not 'str'
2025-04-01 09:14:45,971 - ERROR - Error processing article 911: string indices must be integers, not 'str'
2025-04-01 09:14:45,971 - ERROR - Error processing article 912: string indices must be integers, not 'str'
2025-04-01 09:14:45,971 - ERROR - Error processing article 913: string indices must be integers, not 'str'
2025-04-01 09:14:45,971 - ERROR - Error processing article 914: string indices must be integers, not 'str'
2025-04-01 09:14:45,972 - ERROR - Error processing article 915: string indices must be integers, not 'str'
2025-04-01 09:14:45,972 - ERROR - Error processing article 916: string indices must be integers, not 'str'
2025-04-01 09:14:45,972 - ERROR - Error processing article 917: string indices must be integers, not 'str'
2025-04-01 09:14:45,972 - ERROR - Error processing article 918: string indices must be integers, not 'str'
2025-04-01 09:14:45,972 - ERROR - Error processing article 919: string indices must be integers, not 'str'
2025-04-01 09:14:45,972 - ERROR - Error processing article 920: string indices must be integers, not 'str'
2025-04-01 09:14:45,973 - ERROR - Error processing article 921: string indices must be integers, not 'str'
2025-04-01 09:14:45,973 - ERROR - Error processing article 922: string indices must be integers, not 'str'
2025-04-01 09:14:45,973 - ERROR - Error processing article 923: string indices must be integers, not 'str'
2025-04-01 09:14:45,973 - ERROR - Error processing article 924: string indices must be integers, not 'str'
2025-04-01 09:14:45,973 - ERROR - Error processing article 925: string indices must be integers, not 'str'
2025-04-01 09:14:45,974 - ERROR - Error processing article 926: string indices must be integers, not 'str'
2025-04-01 09:14:45,974 - ERROR - Error processing article 927: string indices must be integers, not 'str'
2025-04-01 09:14:45,974 - ERROR - Error processing article 928: string indices must be integers, not 'str'
2025-04-01 09:14:45,974 - ERROR - Error processing article 929: string indices must be integers, not 'str'
2025-04-01 09:14:45,974 - ERROR - Error processing article 930: string indices must be integers, not 'str'
2025-04-01 09:14:45,974 - ERROR - Error processing article 931: string indices must be integers, not 'str'
2025-04-01 09:14:45,975 - ERROR - Error processing article 932: string indices must be integers, not 'str'
2025-04-01 09:14:45,975 - ERROR - Error processing article 933: string indices must be integers, not 'str'
2025-04-01 09:14:45,975 - ERROR - Error processing article 934: string indices must be integers, not 'str'
2025-04-01 09:14:45,975 - ERROR - Error processing article 935: string indices must be integers, not 'str'
2025-04-01 09:14:45,976 - ERROR - Error processing article 936: string indices must be integers, not 'str'
2025-04-01 09:14:45,976 - ERROR - Error processing article 937: string indices must be integers, not 'str'
2025-04-01 09:14:45,976 - ERROR - Error processing article 938: string indices must be integers, not 'str'
2025-04-01 09:14:45,976 - ERROR - Error processing article 939: string indices must be integers, not 'str'
2025-04-01 09:14:45,976 - ERROR - Error processing article 940: string indices must be integers, not 'str'
2025-04-01 09:14:45,976 - ERROR - Error processing article 941: string indices must be integers, not 'str'
2025-04-01 09:14:45,978 - ERROR - Error processing article 942: string indices must be integers, not 'str'
2025-04-01 09:14:45,978 - ERROR - Error processing article 943: string indices must be integers, not 'str'
2025-04-01 09:14:45,978 - ERROR - Error processing article 944: string indices must be integers, not 'str'
2025-04-01 09:14:45,978 - ERROR - Error processing article 945: string indices must be integers, not 'str'
2025-04-01 09:14:45,978 - ERROR - Error processing article 946: string indices must be integers, not 'str'
2025-04-01 09:14:45,979 - ERROR - Error processing article 947: string indices must be integers, not 'str'
2025-04-01 09:14:45,979 - ERROR - Error processing article 948: string indices must be integers, not 'str'
2025-04-01 09:14:45,979 - ERROR - Error processing article 949: string indices must be integers, not 'str'
2025-04-01 09:14:45,979 - ERROR - Error processing article 950: string indices must be integers, not 'str'
2025-04-01 09:14:45,979 - ERROR - Error processing article 951: string indices must be integers, not 'str'
2025-04-01 09:14:45,979 - ERROR - Error processing article 952: string indices must be integers, not 'str'
2025-04-01 09:14:45,980 - ERROR - Error processing article 953: string indices must be integers, not 'str'
2025-04-01 09:14:45,980 - ERROR - Error processing article 954: string indices must be integers, not 'str'
2025-04-01 09:14:45,980 - ERROR - Error processing article 955: string indices must be integers, not 'str'
2025-04-01 09:14:45,980 - ERROR - Error processing article 956: string indices must be integers, not 'str'
2025-04-01 09:14:45,980 - ERROR - Error processing article 957: string indices must be integers, not 'str'
2025-04-01 09:14:45,981 - ERROR - Error processing article 958: string indices must be integers, not 'str'
2025-04-01 09:14:45,981 - ERROR - Error processing article 959: string indices must be integers, not 'str'
2025-04-01 09:14:45,981 - ERROR - Error processing article 960: string indices must be integers, not 'str'
2025-04-01 09:14:45,981 - ERROR - Error processing article 961: string indices must be integers, not 'str'
2025-04-01 09:14:45,981 - ERROR - Error processing article 962: string indices must be integers, not 'str'
2025-04-01 09:14:45,982 - ERROR - Error processing article 963: string indices must be integers, not 'str'
2025-04-01 09:14:45,982 - ERROR - Error processing article 964: string indices must be integers, not 'str'
2025-04-01 09:14:45,982 - ERROR - Error processing article 965: string indices must be integers, not 'str'
2025-04-01 09:14:45,982 - ERROR - Error processing article 966: string indices must be integers, not 'str'
2025-04-01 09:14:45,982 - ERROR - Error processing article 967: string indices must be integers, not 'str'
2025-04-01 09:14:45,982 - ERROR - Error processing article 968: string indices must be integers, not 'str'
2025-04-01 09:14:45,983 - ERROR - Error processing article 969: string indices must be integers, not 'str'
2025-04-01 09:14:45,983 - ERROR - Error processing article 970: string indices must be integers, not 'str'
2025-04-01 09:14:45,983 - ERROR - Error processing article 971: string indices must be integers, not 'str'
2025-04-01 09:14:45,983 - ERROR - Error processing article 972: string indices must be integers, not 'str'
2025-04-01 09:14:45,983 - ERROR - Error processing article 973: string indices must be integers, not 'str'
2025-04-01 09:14:45,984 - ERROR - Error processing article 974: string indices must be integers, not 'str'
2025-04-01 09:14:45,984 - ERROR - Error processing article 975: string indices must be integers, not 'str'
2025-04-01 09:14:45,984 - ERROR - Error processing article 976: string indices must be integers, not 'str'
2025-04-01 09:14:45,984 - ERROR - Error processing article 977: string indices must be integers, not 'str'
2025-04-01 09:14:45,984 - ERROR - Error processing article 978: string indices must be integers, not 'str'
2025-04-01 09:14:45,986 - ERROR - Error processing article 979: string indices must be integers, not 'str'
2025-04-01 09:14:45,986 - ERROR - Error processing article 980: string indices must be integers, not 'str'
2025-04-01 09:14:45,986 - ERROR - Error processing article 981: string indices must be integers, not 'str'
2025-04-01 09:14:45,986 - ERROR - Error processing article 982: string indices must be integers, not 'str'
2025-04-01 09:14:45,987 - ERROR - Error processing article 983: string indices must be integers, not 'str'
2025-04-01 09:14:45,987 - ERROR - Error processing article 984: string indices must be integers, not 'str'
2025-04-01 09:14:45,987 - ERROR - Error processing article 985: string indices must be integers, not 'str'
2025-04-01 09:14:45,987 - ERROR - Error processing article 986: string indices must be integers, not 'str'
2025-04-01 09:14:45,987 - ERROR - Error processing article 987: string indices must be integers, not 'str'
2025-04-01 09:14:45,987 - ERROR - Error processing article 988: string indices must be integers, not 'str'
2025-04-01 09:14:45,988 - ERROR - Error processing article 989: string indices must be integers, not 'str'
2025-04-01 09:14:45,988 - ERROR - Error processing article 990: string indices must be integers, not 'str'
2025-04-01 09:14:45,988 - ERROR - Error processing article 991: string indices must be integers, not 'str'
2025-04-01 09:14:45,988 - ERROR - Error processing article 992: string indices must be integers, not 'str'
2025-04-01 09:14:45,988 - ERROR - Error processing article 993: string indices must be integers, not 'str'
2025-04-01 09:14:45,988 - ERROR - Error processing article 994: string indices must be integers, not 'str'
2025-04-01 09:14:45,989 - ERROR - Error processing article 995: string indices must be integers, not 'str'
2025-04-01 09:14:45,989 - ERROR - Error processing article 996: string indices must be integers, not 'str'
2025-04-01 09:14:45,989 - ERROR - Error processing article 997: string indices must be integers, not 'str'
2025-04-01 09:14:45,989 - ERROR - Error processing article 998: string indices must be integers, not 'str'
2025-04-01 09:14:45,989 - ERROR - Error processing article 999: string indices must be integers, not 'str'
2025-04-01 09:14:45,989 - INFO - Processed 1000/4459 articles
2025-04-01 09:14:45,990 - ERROR - Error processing article 1000: string indices must be integers, not 'str'
2025-04-01 09:14:45,990 - ERROR - Error processing article 1001: string indices must be integers, not 'str'
2025-04-01 09:14:45,990 - ERROR - Error processing article 1002: string indices must be integers, not 'str'
2025-04-01 09:14:45,990 - ERROR - Error processing article 1003: string indices must be integers, not 'str'
2025-04-01 09:14:45,990 - ERROR - Error processing article 1004: string indices must be integers, not 'str'
2025-04-01 09:14:45,990 - ERROR - Error processing article 1005: string indices must be integers, not 'str'
2025-04-01 09:14:45,991 - ERROR - Error processing article 1006: string indices must be integers, not 'str'
2025-04-01 09:14:45,991 - ERROR - Error processing article 1007: string indices must be integers, not 'str'
2025-04-01 09:14:45,991 - ERROR - Error processing article 1008: string indices must be integers, not 'str'
2025-04-01 09:14:45,991 - ERROR - Error processing article 1009: string indices must be integers, not 'str'
2025-04-01 09:14:45,991 - ERROR - Error processing article 1010: string indices must be integers, not 'str'
2025-04-01 09:14:45,992 - ERROR - Error processing article 1011: string indices must be integers, not 'str'
2025-04-01 09:14:45,992 - ERROR - Error processing article 1012: string indices must be integers, not 'str'
2025-04-01 09:14:45,992 - ERROR - Error processing article 1013: string indices must be integers, not 'str'
2025-04-01 09:14:45,992 - ERROR - Error processing article 1014: string indices must be integers, not 'str'
2025-04-01 09:14:45,992 - ERROR - Error processing article 1015: string indices must be integers, not 'str'
2025-04-01 09:14:45,993 - ERROR - Error processing article 1016: string indices must be integers, not 'str'
2025-04-01 09:14:45,993 - ERROR - Error processing article 1017: string indices must be integers, not 'str'
2025-04-01 09:14:45,993 - ERROR - Error processing article 1018: string indices must be integers, not 'str'
2025-04-01 09:14:45,993 - ERROR - Error processing article 1019: string indices must be integers, not 'str'
2025-04-01 09:14:45,993 - ERROR - Error processing article 1020: string indices must be integers, not 'str'
2025-04-01 09:14:45,994 - ERROR - Error processing article 1021: string indices must be integers, not 'str'
2025-04-01 09:14:45,994 - ERROR - Error processing article 1022: string indices must be integers, not 'str'
2025-04-01 09:14:45,994 - ERROR - Error processing article 1023: string indices must be integers, not 'str'
2025-04-01 09:14:45,994 - ERROR - Error processing article 1024: string indices must be integers, not 'str'
2025-04-01 09:14:45,994 - ERROR - Error processing article 1025: string indices must be integers, not 'str'
2025-04-01 09:14:45,995 - ERROR - Error processing article 1026: string indices must be integers, not 'str'
2025-04-01 09:14:45,995 - ERROR - Error processing article 1027: string indices must be integers, not 'str'
2025-04-01 09:14:45,995 - ERROR - Error processing article 1028: string indices must be integers, not 'str'
2025-04-01 09:14:45,995 - ERROR - Error processing article 1029: string indices must be integers, not 'str'
2025-04-01 09:14:45,995 - ERROR - Error processing article 1030: string indices must be integers, not 'str'
2025-04-01 09:14:45,995 - ERROR - Error processing article 1031: string indices must be integers, not 'str'
2025-04-01 09:14:45,996 - ERROR - Error processing article 1032: string indices must be integers, not 'str'
2025-04-01 09:14:45,996 - ERROR - Error processing article 1033: string indices must be integers, not 'str'
2025-04-01 09:14:45,996 - ERROR - Error processing article 1034: string indices must be integers, not 'str'
2025-04-01 09:14:45,996 - ERROR - Error processing article 1035: string indices must be integers, not 'str'
2025-04-01 09:14:45,996 - ERROR - Error processing article 1036: string indices must be integers, not 'str'
2025-04-01 09:14:45,996 - ERROR - Error processing article 1037: string indices must be integers, not 'str'
2025-04-01 09:14:45,997 - ERROR - Error processing article 1038: string indices must be integers, not 'str'
2025-04-01 09:14:45,997 - ERROR - Error processing article 1039: string indices must be integers, not 'str'
2025-04-01 09:14:45,997 - ERROR - Error processing article 1040: string indices must be integers, not 'str'
2025-04-01 09:14:45,997 - ERROR - Error processing article 1041: string indices must be integers, not 'str'
2025-04-01 09:14:45,998 - ERROR - Error processing article 1042: string indices must be integers, not 'str'
2025-04-01 09:14:45,998 - ERROR - Error processing article 1043: string indices must be integers, not 'str'
2025-04-01 09:14:45,998 - ERROR - Error processing article 1044: string indices must be integers, not 'str'
2025-04-01 09:14:45,998 - ERROR - Error processing article 1045: string indices must be integers, not 'str'
2025-04-01 09:14:45,999 - ERROR - Error processing article 1046: string indices must be integers, not 'str'
2025-04-01 09:14:45,999 - ERROR - Error processing article 1047: string indices must be integers, not 'str'
2025-04-01 09:14:45,999 - ERROR - Error processing article 1048: string indices must be integers, not 'str'
2025-04-01 09:14:45,999 - ERROR - Error processing article 1049: string indices must be integers, not 'str'
2025-04-01 09:14:45,999 - ERROR - Error processing article 1050: string indices must be integers, not 'str'
2025-04-01 09:14:45,999 - ERROR - Error processing article 1051: string indices must be integers, not 'str'
2025-04-01 09:14:45,999 - ERROR - Error processing article 1052: string indices must be integers, not 'str'
2025-04-01 09:14:45,999 - ERROR - Error processing article 1053: string indices must be integers, not 'str'
2025-04-01 09:14:45,999 - ERROR - Error processing article 1054: string indices must be integers, not 'str'
2025-04-01 09:14:45,999 - ERROR - Error processing article 1055: string indices must be integers, not 'str'
2025-04-01 09:14:45,999 - ERROR - Error processing article 1056: string indices must be integers, not 'str'
2025-04-01 09:14:45,999 - ERROR - Error processing article 1057: string indices must be integers, not 'str'
2025-04-01 09:14:46,002 - ERROR - Error processing article 1058: string indices must be integers, not 'str'
2025-04-01 09:14:46,002 - ERROR - Error processing article 1059: string indices must be integers, not 'str'
2025-04-01 09:14:46,002 - ERROR - Error processing article 1060: string indices must be integers, not 'str'
2025-04-01 09:14:46,002 - ERROR - Error processing article 1061: string indices must be integers, not 'str'
2025-04-01 09:14:46,002 - ERROR - Error processing article 1062: string indices must be integers, not 'str'
2025-04-01 09:14:46,002 - ERROR - Error processing article 1063: string indices must be integers, not 'str'
2025-04-01 09:14:46,002 - ERROR - Error processing article 1064: string indices must be integers, not 'str'
2025-04-01 09:14:46,002 - ERROR - Error processing article 1065: string indices must be integers, not 'str'
2025-04-01 09:14:46,002 - ERROR - Error processing article 1066: string indices must be integers, not 'str'
2025-04-01 09:14:46,002 - ERROR - Error processing article 1067: string indices must be integers, not 'str'
2025-04-01 09:14:46,002 - ERROR - Error processing article 1068: string indices must be integers, not 'str'
2025-04-01 09:14:46,002 - ERROR - Error processing article 1069: string indices must be integers, not 'str'
2025-04-01 09:14:46,002 - ERROR - Error processing article 1070: string indices must be integers, not 'str'
2025-04-01 09:14:46,005 - ERROR - Error processing article 1071: string indices must be integers, not 'str'
2025-04-01 09:14:46,005 - ERROR - Error processing article 1072: string indices must be integers, not 'str'
2025-04-01 09:14:46,005 - ERROR - Error processing article 1073: string indices must be integers, not 'str'
2025-04-01 09:14:46,006 - ERROR - Error processing article 1074: string indices must be integers, not 'str'
2025-04-01 09:14:46,006 - ERROR - Error processing article 1075: string indices must be integers, not 'str'
2025-04-01 09:14:46,006 - ERROR - Error processing article 1076: string indices must be integers, not 'str'
2025-04-01 09:14:46,006 - ERROR - Error processing article 1077: string indices must be integers, not 'str'
2025-04-01 09:14:46,006 - ERROR - Error processing article 1078: string indices must be integers, not 'str'
2025-04-01 09:14:46,007 - ERROR - Error processing article 1079: string indices must be integers, not 'str'
2025-04-01 09:14:46,007 - ERROR - Error processing article 1080: string indices must be integers, not 'str'
2025-04-01 09:14:46,007 - ERROR - Error processing article 1081: string indices must be integers, not 'str'
2025-04-01 09:14:46,007 - ERROR - Error processing article 1082: string indices must be integers, not 'str'
2025-04-01 09:14:46,007 - ERROR - Error processing article 1083: string indices must be integers, not 'str'
2025-04-01 09:14:46,008 - ERROR - Error processing article 1084: string indices must be integers, not 'str'
2025-04-01 09:14:46,008 - ERROR - Error processing article 1085: string indices must be integers, not 'str'
2025-04-01 09:14:46,008 - ERROR - Error processing article 1086: string indices must be integers, not 'str'
2025-04-01 09:14:46,008 - ERROR - Error processing article 1087: string indices must be integers, not 'str'
2025-04-01 09:14:46,008 - ERROR - Error processing article 1088: string indices must be integers, not 'str'
2025-04-01 09:14:46,008 - ERROR - Error processing article 1089: string indices must be integers, not 'str'
2025-04-01 09:14:46,009 - ERROR - Error processing article 1090: string indices must be integers, not 'str'
2025-04-01 09:14:46,009 - ERROR - Error processing article 1091: string indices must be integers, not 'str'
2025-04-01 09:14:46,009 - ERROR - Error processing article 1092: string indices must be integers, not 'str'
2025-04-01 09:14:46,009 - ERROR - Error processing article 1093: string indices must be integers, not 'str'
2025-04-01 09:14:46,009 - ERROR - Error processing article 1094: string indices must be integers, not 'str'
2025-04-01 09:14:46,009 - ERROR - Error processing article 1095: string indices must be integers, not 'str'
2025-04-01 09:14:46,009 - ERROR - Error processing article 1096: string indices must be integers, not 'str'
2025-04-01 09:14:46,009 - ERROR - Error processing article 1097: string indices must be integers, not 'str'
2025-04-01 09:14:46,009 - ERROR - Error processing article 1098: string indices must be integers, not 'str'
2025-04-01 09:14:46,009 - ERROR - Error processing article 1099: string indices must be integers, not 'str'
2025-04-01 09:14:46,009 - INFO - Processed 1100/4459 articles
2025-04-01 09:14:46,009 - ERROR - Error processing article 1100: string indices must be integers, not 'str'
2025-04-01 09:14:46,009 - ERROR - Error processing article 1101: string indices must be integers, not 'str'
2025-04-01 09:14:46,009 - ERROR - Error processing article 1102: string indices must be integers, not 'str'
2025-04-01 09:14:46,009 - ERROR - Error processing article 1103: string indices must be integers, not 'str'
2025-04-01 09:14:46,009 - ERROR - Error processing article 1104: string indices must be integers, not 'str'
2025-04-01 09:14:46,009 - ERROR - Error processing article 1105: string indices must be integers, not 'str'
2025-04-01 09:14:46,009 - ERROR - Error processing article 1106: string indices must be integers, not 'str'
2025-04-01 09:14:46,009 - ERROR - Error processing article 1107: string indices must be integers, not 'str'
2025-04-01 09:14:46,013 - ERROR - Error processing article 1108: string indices must be integers, not 'str'
2025-04-01 09:14:46,013 - ERROR - Error processing article 1109: string indices must be integers, not 'str'
2025-04-01 09:14:46,013 - ERROR - Error processing article 1110: string indices must be integers, not 'str'
2025-04-01 09:14:46,013 - ERROR - Error processing article 1111: string indices must be integers, not 'str'
2025-04-01 09:14:46,013 - ERROR - Error processing article 1112: string indices must be integers, not 'str'
2025-04-01 09:14:46,014 - ERROR - Error processing article 1113: string indices must be integers, not 'str'
2025-04-01 09:14:46,014 - ERROR - Error processing article 1114: string indices must be integers, not 'str'
2025-04-01 09:14:46,014 - ERROR - Error processing article 1115: string indices must be integers, not 'str'
2025-04-01 09:14:46,014 - ERROR - Error processing article 1116: string indices must be integers, not 'str'
2025-04-01 09:14:46,014 - ERROR - Error processing article 1117: string indices must be integers, not 'str'
2025-04-01 09:14:46,014 - ERROR - Error processing article 1118: string indices must be integers, not 'str'
2025-04-01 09:14:46,014 - ERROR - Error processing article 1119: string indices must be integers, not 'str'
2025-04-01 09:14:46,014 - ERROR - Error processing article 1120: string indices must be integers, not 'str'
2025-04-01 09:14:46,014 - ERROR - Error processing article 1121: string indices must be integers, not 'str'
2025-04-01 09:14:46,014 - ERROR - Error processing article 1122: string indices must be integers, not 'str'
2025-04-01 09:14:46,016 - ERROR - Error processing article 1123: string indices must be integers, not 'str'
2025-04-01 09:14:46,016 - ERROR - Error processing article 1124: string indices must be integers, not 'str'
2025-04-01 09:14:46,016 - ERROR - Error processing article 1125: string indices must be integers, not 'str'
2025-04-01 09:14:46,016 - ERROR - Error processing article 1126: string indices must be integers, not 'str'
2025-04-01 09:14:46,017 - ERROR - Error processing article 1127: string indices must be integers, not 'str'
2025-04-01 09:14:46,017 - ERROR - Error processing article 1128: string indices must be integers, not 'str'
2025-04-01 09:14:46,017 - ERROR - Error processing article 1129: string indices must be integers, not 'str'
2025-04-01 09:14:46,017 - ERROR - Error processing article 1130: string indices must be integers, not 'str'
2025-04-01 09:14:46,017 - ERROR - Error processing article 1131: string indices must be integers, not 'str'
2025-04-01 09:14:46,018 - ERROR - Error processing article 1132: string indices must be integers, not 'str'
2025-04-01 09:14:46,018 - ERROR - Error processing article 1133: string indices must be integers, not 'str'
2025-04-01 09:14:46,018 - ERROR - Error processing article 1134: string indices must be integers, not 'str'
2025-04-01 09:14:46,018 - ERROR - Error processing article 1135: string indices must be integers, not 'str'
2025-04-01 09:14:46,018 - ERROR - Error processing article 1136: string indices must be integers, not 'str'
2025-04-01 09:14:46,019 - ERROR - Error processing article 1137: string indices must be integers, not 'str'
2025-04-01 09:14:46,019 - ERROR - Error processing article 1138: string indices must be integers, not 'str'
2025-04-01 09:14:46,019 - ERROR - Error processing article 1139: string indices must be integers, not 'str'
2025-04-01 09:14:46,019 - ERROR - Error processing article 1140: string indices must be integers, not 'str'
2025-04-01 09:14:46,020 - ERROR - Error processing article 1141: string indices must be integers, not 'str'
2025-04-01 09:14:46,020 - ERROR - Error processing article 1142: string indices must be integers, not 'str'
2025-04-01 09:14:46,020 - ERROR - Error processing article 1143: string indices must be integers, not 'str'
2025-04-01 09:14:46,020 - ERROR - Error processing article 1144: string indices must be integers, not 'str'
2025-04-01 09:14:46,020 - ERROR - Error processing article 1145: string indices must be integers, not 'str'
2025-04-01 09:14:46,020 - ERROR - Error processing article 1146: string indices must be integers, not 'str'
2025-04-01 09:14:46,021 - ERROR - Error processing article 1147: string indices must be integers, not 'str'
2025-04-01 09:14:46,021 - ERROR - Error processing article 1148: string indices must be integers, not 'str'
2025-04-01 09:14:46,021 - ERROR - Error processing article 1149: string indices must be integers, not 'str'
2025-04-01 09:14:46,021 - ERROR - Error processing article 1150: string indices must be integers, not 'str'
2025-04-01 09:14:46,022 - ERROR - Error processing article 1151: string indices must be integers, not 'str'
2025-04-01 09:14:46,022 - ERROR - Error processing article 1152: string indices must be integers, not 'str'
2025-04-01 09:14:46,022 - ERROR - Error processing article 1153: string indices must be integers, not 'str'
2025-04-01 09:14:46,022 - ERROR - Error processing article 1154: string indices must be integers, not 'str'
2025-04-01 09:14:46,023 - ERROR - Error processing article 1155: string indices must be integers, not 'str'
2025-04-01 09:14:46,023 - ERROR - Error processing article 1156: string indices must be integers, not 'str'
2025-04-01 09:14:46,023 - ERROR - Error processing article 1157: string indices must be integers, not 'str'
2025-04-01 09:14:46,023 - ERROR - Error processing article 1158: string indices must be integers, not 'str'
2025-04-01 09:14:46,023 - ERROR - Error processing article 1159: string indices must be integers, not 'str'
2025-04-01 09:14:46,023 - ERROR - Error processing article 1160: string indices must be integers, not 'str'
2025-04-01 09:14:46,024 - ERROR - Error processing article 1161: string indices must be integers, not 'str'
2025-04-01 09:14:46,024 - ERROR - Error processing article 1162: string indices must be integers, not 'str'
2025-04-01 09:14:46,024 - ERROR - Error processing article 1163: string indices must be integers, not 'str'
2025-04-01 09:14:46,024 - ERROR - Error processing article 1164: string indices must be integers, not 'str'
2025-04-01 09:14:46,024 - ERROR - Error processing article 1165: string indices must be integers, not 'str'
2025-04-01 09:14:46,025 - ERROR - Error processing article 1166: string indices must be integers, not 'str'
2025-04-01 09:14:46,025 - ERROR - Error processing article 1167: string indices must be integers, not 'str'
2025-04-01 09:14:46,025 - ERROR - Error processing article 1168: string indices must be integers, not 'str'
2025-04-01 09:14:46,025 - ERROR - Error processing article 1169: string indices must be integers, not 'str'
2025-04-01 09:14:46,025 - ERROR - Error processing article 1170: string indices must be integers, not 'str'
2025-04-01 09:14:46,025 - ERROR - Error processing article 1171: string indices must be integers, not 'str'
2025-04-01 09:14:46,027 - ERROR - Error processing article 1172: string indices must be integers, not 'str'
2025-04-01 09:14:46,027 - ERROR - Error processing article 1173: string indices must be integers, not 'str'
2025-04-01 09:14:46,027 - ERROR - Error processing article 1174: string indices must be integers, not 'str'
2025-04-01 09:14:46,027 - ERROR - Error processing article 1175: string indices must be integers, not 'str'
2025-04-01 09:14:46,027 - ERROR - Error processing article 1176: string indices must be integers, not 'str'
2025-04-01 09:14:46,028 - ERROR - Error processing article 1177: string indices must be integers, not 'str'
2025-04-01 09:14:46,028 - ERROR - Error processing article 1178: string indices must be integers, not 'str'
2025-04-01 09:14:46,028 - ERROR - Error processing article 1179: string indices must be integers, not 'str'
2025-04-01 09:14:46,028 - ERROR - Error processing article 1180: string indices must be integers, not 'str'
2025-04-01 09:14:46,028 - ERROR - Error processing article 1181: string indices must be integers, not 'str'
2025-04-01 09:14:46,029 - ERROR - Error processing article 1182: string indices must be integers, not 'str'
2025-04-01 09:14:46,029 - ERROR - Error processing article 1183: string indices must be integers, not 'str'
2025-04-01 09:14:46,029 - ERROR - Error processing article 1184: string indices must be integers, not 'str'
2025-04-01 09:14:46,029 - ERROR - Error processing article 1185: string indices must be integers, not 'str'
2025-04-01 09:14:46,029 - ERROR - Error processing article 1186: string indices must be integers, not 'str'
2025-04-01 09:14:46,030 - ERROR - Error processing article 1187: string indices must be integers, not 'str'
2025-04-01 09:14:46,030 - ERROR - Error processing article 1188: string indices must be integers, not 'str'
2025-04-01 09:14:46,030 - ERROR - Error processing article 1189: string indices must be integers, not 'str'
2025-04-01 09:14:46,030 - ERROR - Error processing article 1190: string indices must be integers, not 'str'
2025-04-01 09:14:46,030 - ERROR - Error processing article 1191: string indices must be integers, not 'str'
2025-04-01 09:14:46,031 - ERROR - Error processing article 1192: string indices must be integers, not 'str'
2025-04-01 09:14:46,031 - ERROR - Error processing article 1193: string indices must be integers, not 'str'
2025-04-01 09:14:46,031 - ERROR - Error processing article 1194: string indices must be integers, not 'str'
2025-04-01 09:14:46,031 - ERROR - Error processing article 1195: string indices must be integers, not 'str'
2025-04-01 09:14:46,032 - ERROR - Error processing article 1196: string indices must be integers, not 'str'
2025-04-01 09:14:46,032 - ERROR - Error processing article 1197: string indices must be integers, not 'str'
2025-04-01 09:14:46,032 - ERROR - Error processing article 1198: string indices must be integers, not 'str'
2025-04-01 09:14:46,032 - ERROR - Error processing article 1199: string indices must be integers, not 'str'
2025-04-01 09:14:46,032 - INFO - Processed 1200/4459 articles
2025-04-01 09:14:46,033 - ERROR - Error processing article 1200: string indices must be integers, not 'str'
2025-04-01 09:14:46,033 - ERROR - Error processing article 1201: string indices must be integers, not 'str'
2025-04-01 09:14:46,033 - ERROR - Error processing article 1202: string indices must be integers, not 'str'
2025-04-01 09:14:46,033 - ERROR - Error processing article 1203: string indices must be integers, not 'str'
2025-04-01 09:14:46,033 - ERROR - Error processing article 1204: string indices must be integers, not 'str'
2025-04-01 09:14:46,033 - ERROR - Error processing article 1205: string indices must be integers, not 'str'
2025-04-01 09:14:46,034 - ERROR - Error processing article 1206: string indices must be integers, not 'str'
2025-04-01 09:14:46,034 - ERROR - Error processing article 1207: string indices must be integers, not 'str'
2025-04-01 09:14:46,034 - ERROR - Error processing article 1208: string indices must be integers, not 'str'
2025-04-01 09:14:46,034 - ERROR - Error processing article 1209: string indices must be integers, not 'str'
2025-04-01 09:14:46,034 - ERROR - Error processing article 1210: string indices must be integers, not 'str'
2025-04-01 09:14:46,034 - ERROR - Error processing article 1211: string indices must be integers, not 'str'
2025-04-01 09:14:46,036 - ERROR - Error processing article 1212: string indices must be integers, not 'str'
2025-04-01 09:14:46,036 - ERROR - Error processing article 1213: string indices must be integers, not 'str'
2025-04-01 09:14:46,036 - ERROR - Error processing article 1214: string indices must be integers, not 'str'
2025-04-01 09:14:46,036 - ERROR - Error processing article 1215: string indices must be integers, not 'str'
2025-04-01 09:14:46,036 - ERROR - Error processing article 1216: string indices must be integers, not 'str'
2025-04-01 09:14:46,036 - ERROR - Error processing article 1217: string indices must be integers, not 'str'
2025-04-01 09:14:46,037 - ERROR - Error processing article 1218: string indices must be integers, not 'str'
2025-04-01 09:14:46,037 - ERROR - Error processing article 1219: string indices must be integers, not 'str'
2025-04-01 09:14:46,037 - ERROR - Error processing article 1220: string indices must be integers, not 'str'
2025-04-01 09:14:46,037 - ERROR - Error processing article 1221: string indices must be integers, not 'str'
2025-04-01 09:14:46,037 - ERROR - Error processing article 1222: string indices must be integers, not 'str'
2025-04-01 09:14:46,038 - ERROR - Error processing article 1223: string indices must be integers, not 'str'
2025-04-01 09:14:46,038 - ERROR - Error processing article 1224: string indices must be integers, not 'str'
2025-04-01 09:14:46,038 - ERROR - Error processing article 1225: string indices must be integers, not 'str'
2025-04-01 09:14:46,038 - ERROR - Error processing article 1226: string indices must be integers, not 'str'
2025-04-01 09:14:46,038 - ERROR - Error processing article 1227: string indices must be integers, not 'str'
2025-04-01 09:14:46,039 - ERROR - Error processing article 1228: string indices must be integers, not 'str'
2025-04-01 09:14:46,039 - ERROR - Error processing article 1229: string indices must be integers, not 'str'
2025-04-01 09:14:46,039 - ERROR - Error processing article 1230: string indices must be integers, not 'str'
2025-04-01 09:14:46,039 - ERROR - Error processing article 1231: string indices must be integers, not 'str'
2025-04-01 09:14:46,039 - ERROR - Error processing article 1232: string indices must be integers, not 'str'
2025-04-01 09:14:46,040 - ERROR - Error processing article 1233: string indices must be integers, not 'str'
2025-04-01 09:14:46,040 - ERROR - Error processing article 1234: string indices must be integers, not 'str'
2025-04-01 09:14:46,040 - ERROR - Error processing article 1235: string indices must be integers, not 'str'
2025-04-01 09:14:46,040 - ERROR - Error processing article 1236: string indices must be integers, not 'str'
2025-04-01 09:14:46,040 - ERROR - Error processing article 1237: string indices must be integers, not 'str'
2025-04-01 09:14:46,040 - ERROR - Error processing article 1238: string indices must be integers, not 'str'
2025-04-01 09:14:46,041 - ERROR - Error processing article 1239: string indices must be integers, not 'str'
2025-04-01 09:14:46,041 - ERROR - Error processing article 1240: string indices must be integers, not 'str'
2025-04-01 09:14:46,041 - ERROR - Error processing article 1241: string indices must be integers, not 'str'
2025-04-01 09:14:46,041 - ERROR - Error processing article 1242: string indices must be integers, not 'str'
2025-04-01 09:14:46,043 - ERROR - Error processing article 1243: string indices must be integers, not 'str'
2025-04-01 09:14:46,043 - ERROR - Error processing article 1244: string indices must be integers, not 'str'
2025-04-01 09:14:46,043 - ERROR - Error processing article 1245: string indices must be integers, not 'str'
2025-04-01 09:14:46,043 - ERROR - Error processing article 1246: string indices must be integers, not 'str'
2025-04-01 09:14:46,043 - ERROR - Error processing article 1247: string indices must be integers, not 'str'
2025-04-01 09:14:46,044 - ERROR - Error processing article 1248: string indices must be integers, not 'str'
2025-04-01 09:14:46,044 - ERROR - Error processing article 1249: string indices must be integers, not 'str'
2025-04-01 09:14:46,044 - ERROR - Error processing article 1250: string indices must be integers, not 'str'
2025-04-01 09:14:46,044 - ERROR - Error processing article 1251: string indices must be integers, not 'str'
2025-04-01 09:14:46,044 - ERROR - Error processing article 1252: string indices must be integers, not 'str'
2025-04-01 09:14:46,045 - ERROR - Error processing article 1253: string indices must be integers, not 'str'
2025-04-01 09:14:46,045 - ERROR - Error processing article 1254: string indices must be integers, not 'str'
2025-04-01 09:14:46,045 - ERROR - Error processing article 1255: string indices must be integers, not 'str'
2025-04-01 09:14:46,045 - ERROR - Error processing article 1256: string indices must be integers, not 'str'
2025-04-01 09:14:46,045 - ERROR - Error processing article 1257: string indices must be integers, not 'str'
2025-04-01 09:14:46,045 - ERROR - Error processing article 1258: string indices must be integers, not 'str'
2025-04-01 09:14:46,046 - ERROR - Error processing article 1259: string indices must be integers, not 'str'
2025-04-01 09:14:46,046 - ERROR - Error processing article 1260: string indices must be integers, not 'str'
2025-04-01 09:14:46,046 - ERROR - Error processing article 1261: string indices must be integers, not 'str'
2025-04-01 09:14:46,046 - ERROR - Error processing article 1262: string indices must be integers, not 'str'
2025-04-01 09:14:46,046 - ERROR - Error processing article 1263: string indices must be integers, not 'str'
2025-04-01 09:14:46,046 - ERROR - Error processing article 1264: string indices must be integers, not 'str'
2025-04-01 09:14:46,046 - ERROR - Error processing article 1265: string indices must be integers, not 'str'
2025-04-01 09:14:46,046 - ERROR - Error processing article 1266: string indices must be integers, not 'str'
2025-04-01 09:14:46,047 - ERROR - Error processing article 1267: string indices must be integers, not 'str'
2025-04-01 09:14:46,048 - ERROR - Error processing article 1268: string indices must be integers, not 'str'
2025-04-01 09:14:46,048 - ERROR - Error processing article 1269: string indices must be integers, not 'str'
2025-04-01 09:14:46,048 - ERROR - Error processing article 1270: string indices must be integers, not 'str'
2025-04-01 09:14:46,048 - ERROR - Error processing article 1271: string indices must be integers, not 'str'
2025-04-01 09:14:46,049 - ERROR - Error processing article 1272: string indices must be integers, not 'str'
2025-04-01 09:14:46,049 - ERROR - Error processing article 1273: string indices must be integers, not 'str'
2025-04-01 09:14:46,049 - ERROR - Error processing article 1274: string indices must be integers, not 'str'
2025-04-01 09:14:46,049 - ERROR - Error processing article 1275: string indices must be integers, not 'str'
2025-04-01 09:14:46,049 - ERROR - Error processing article 1276: string indices must be integers, not 'str'
2025-04-01 09:14:46,049 - ERROR - Error processing article 1277: string indices must be integers, not 'str'
2025-04-01 09:14:46,050 - ERROR - Error processing article 1278: string indices must be integers, not 'str'
2025-04-01 09:14:46,050 - ERROR - Error processing article 1279: string indices must be integers, not 'str'
2025-04-01 09:14:46,051 - ERROR - Error processing article 1280: string indices must be integers, not 'str'
2025-04-01 09:14:46,051 - ERROR - Error processing article 1281: string indices must be integers, not 'str'
2025-04-01 09:14:46,051 - ERROR - Error processing article 1282: string indices must be integers, not 'str'
2025-04-01 09:14:46,051 - ERROR - Error processing article 1283: string indices must be integers, not 'str'
2025-04-01 09:14:46,051 - ERROR - Error processing article 1284: string indices must be integers, not 'str'
2025-04-01 09:14:46,052 - ERROR - Error processing article 1285: string indices must be integers, not 'str'
2025-04-01 09:14:46,052 - ERROR - Error processing article 1286: string indices must be integers, not 'str'
2025-04-01 09:14:46,052 - ERROR - Error processing article 1287: string indices must be integers, not 'str'
2025-04-01 09:14:46,052 - ERROR - Error processing article 1288: string indices must be integers, not 'str'
2025-04-01 09:14:46,052 - ERROR - Error processing article 1289: string indices must be integers, not 'str'
2025-04-01 09:14:46,052 - ERROR - Error processing article 1290: string indices must be integers, not 'str'
2025-04-01 09:14:46,052 - ERROR - Error processing article 1291: string indices must be integers, not 'str'
2025-04-01 09:14:46,053 - ERROR - Error processing article 1292: string indices must be integers, not 'str'
2025-04-01 09:14:46,053 - ERROR - Error processing article 1293: string indices must be integers, not 'str'
2025-04-01 09:14:46,053 - ERROR - Error processing article 1294: string indices must be integers, not 'str'
2025-04-01 09:14:46,053 - ERROR - Error processing article 1295: string indices must be integers, not 'str'
2025-04-01 09:14:46,053 - ERROR - Error processing article 1296: string indices must be integers, not 'str'
2025-04-01 09:14:46,053 - ERROR - Error processing article 1297: string indices must be integers, not 'str'
2025-04-01 09:14:46,054 - ERROR - Error processing article 1298: string indices must be integers, not 'str'
2025-04-01 09:14:46,055 - ERROR - Error processing article 1299: string indices must be integers, not 'str'
2025-04-01 09:14:46,055 - INFO - Processed 1300/4459 articles
2025-04-01 09:14:46,055 - ERROR - Error processing article 1300: string indices must be integers, not 'str'
2025-04-01 09:14:46,055 - ERROR - Error processing article 1301: string indices must be integers, not 'str'
2025-04-01 09:14:46,055 - ERROR - Error processing article 1302: string indices must be integers, not 'str'
2025-04-01 09:14:46,055 - ERROR - Error processing article 1303: string indices must be integers, not 'str'
2025-04-01 09:14:46,055 - ERROR - Error processing article 1304: string indices must be integers, not 'str'
2025-04-01 09:14:46,056 - ERROR - Error processing article 1305: string indices must be integers, not 'str'
2025-04-01 09:14:46,056 - ERROR - Error processing article 1306: string indices must be integers, not 'str'
2025-04-01 09:14:46,056 - ERROR - Error processing article 1307: string indices must be integers, not 'str'
2025-04-01 09:14:46,056 - ERROR - Error processing article 1308: string indices must be integers, not 'str'
2025-04-01 09:14:46,056 - ERROR - Error processing article 1309: string indices must be integers, not 'str'
2025-04-01 09:14:46,056 - ERROR - Error processing article 1310: string indices must be integers, not 'str'
2025-04-01 09:14:46,056 - ERROR - Error processing article 1311: string indices must be integers, not 'str'
2025-04-01 09:14:46,056 - ERROR - Error processing article 1312: string indices must be integers, not 'str'
2025-04-01 09:14:46,056 - ERROR - Error processing article 1313: string indices must be integers, not 'str'
2025-04-01 09:14:46,058 - ERROR - Error processing article 1314: string indices must be integers, not 'str'
2025-04-01 09:14:46,058 - ERROR - Error processing article 1315: string indices must be integers, not 'str'
2025-04-01 09:14:46,058 - ERROR - Error processing article 1316: string indices must be integers, not 'str'
2025-04-01 09:14:46,058 - ERROR - Error processing article 1317: string indices must be integers, not 'str'
2025-04-01 09:14:46,058 - ERROR - Error processing article 1318: string indices must be integers, not 'str'
2025-04-01 09:14:46,058 - ERROR - Error processing article 1319: string indices must be integers, not 'str'
2025-04-01 09:14:46,059 - ERROR - Error processing article 1320: string indices must be integers, not 'str'
2025-04-01 09:14:46,059 - ERROR - Error processing article 1321: string indices must be integers, not 'str'
2025-04-01 09:14:46,059 - ERROR - Error processing article 1322: string indices must be integers, not 'str'
2025-04-01 09:14:46,059 - ERROR - Error processing article 1323: string indices must be integers, not 'str'
2025-04-01 09:14:46,060 - ERROR - Error processing article 1324: string indices must be integers, not 'str'
2025-04-01 09:14:46,060 - ERROR - Error processing article 1325: string indices must be integers, not 'str'
2025-04-01 09:14:46,060 - ERROR - Error processing article 1326: string indices must be integers, not 'str'
2025-04-01 09:14:46,060 - ERROR - Error processing article 1327: string indices must be integers, not 'str'
2025-04-01 09:14:46,060 - ERROR - Error processing article 1328: string indices must be integers, not 'str'
2025-04-01 09:14:46,060 - ERROR - Error processing article 1329: string indices must be integers, not 'str'
2025-04-01 09:14:46,061 - ERROR - Error processing article 1330: string indices must be integers, not 'str'
2025-04-01 09:14:46,061 - ERROR - Error processing article 1331: string indices must be integers, not 'str'
2025-04-01 09:14:46,061 - ERROR - Error processing article 1332: string indices must be integers, not 'str'
2025-04-01 09:14:46,061 - ERROR - Error processing article 1333: string indices must be integers, not 'str'
2025-04-01 09:14:46,062 - ERROR - Error processing article 1334: string indices must be integers, not 'str'
2025-04-01 09:14:46,062 - ERROR - Error processing article 1335: string indices must be integers, not 'str'
2025-04-01 09:14:46,062 - ERROR - Error processing article 1336: string indices must be integers, not 'str'
2025-04-01 09:14:46,062 - ERROR - Error processing article 1337: string indices must be integers, not 'str'
2025-04-01 09:14:46,062 - ERROR - Error processing article 1338: string indices must be integers, not 'str'
2025-04-01 09:14:46,063 - ERROR - Error processing article 1339: string indices must be integers, not 'str'
2025-04-01 09:14:46,063 - ERROR - Error processing article 1340: string indices must be integers, not 'str'
2025-04-01 09:14:46,063 - ERROR - Error processing article 1341: string indices must be integers, not 'str'
2025-04-01 09:14:46,063 - ERROR - Error processing article 1342: string indices must be integers, not 'str'
2025-04-01 09:14:46,064 - ERROR - Error processing article 1343: string indices must be integers, not 'str'
2025-04-01 09:14:46,064 - ERROR - Error processing article 1344: string indices must be integers, not 'str'
2025-04-01 09:14:46,064 - ERROR - Error processing article 1345: string indices must be integers, not 'str'
2025-04-01 09:14:46,064 - ERROR - Error processing article 1346: string indices must be integers, not 'str'
2025-04-01 09:14:46,065 - ERROR - Error processing article 1347: string indices must be integers, not 'str'
2025-04-01 09:14:46,065 - ERROR - Error processing article 1348: string indices must be integers, not 'str'
2025-04-01 09:14:46,065 - ERROR - Error processing article 1349: string indices must be integers, not 'str'
2025-04-01 09:14:46,065 - ERROR - Error processing article 1350: string indices must be integers, not 'str'
2025-04-01 09:14:46,066 - ERROR - Error processing article 1351: string indices must be integers, not 'str'
2025-04-01 09:14:46,066 - ERROR - Error processing article 1352: string indices must be integers, not 'str'
2025-04-01 09:14:46,066 - ERROR - Error processing article 1353: string indices must be integers, not 'str'
2025-04-01 09:14:46,066 - ERROR - Error processing article 1354: string indices must be integers, not 'str'
2025-04-01 09:14:46,067 - ERROR - Error processing article 1355: string indices must be integers, not 'str'
2025-04-01 09:14:46,067 - ERROR - Error processing article 1356: string indices must be integers, not 'str'
2025-04-01 09:14:46,067 - ERROR - Error processing article 1357: string indices must be integers, not 'str'
2025-04-01 09:14:46,067 - ERROR - Error processing article 1358: string indices must be integers, not 'str'
2025-04-01 09:14:46,068 - ERROR - Error processing article 1359: string indices must be integers, not 'str'
2025-04-01 09:14:46,068 - ERROR - Error processing article 1360: string indices must be integers, not 'str'
2025-04-01 09:14:46,068 - ERROR - Error processing article 1361: string indices must be integers, not 'str'
2025-04-01 09:14:46,068 - ERROR - Error processing article 1362: string indices must be integers, not 'str'
2025-04-01 09:14:46,068 - ERROR - Error processing article 1363: string indices must be integers, not 'str'
2025-04-01 09:14:46,069 - ERROR - Error processing article 1364: string indices must be integers, not 'str'
2025-04-01 09:14:46,069 - ERROR - Error processing article 1365: string indices must be integers, not 'str'
2025-04-01 09:14:46,069 - ERROR - Error processing article 1366: string indices must be integers, not 'str'
2025-04-01 09:14:46,069 - ERROR - Error processing article 1367: string indices must be integers, not 'str'
2025-04-01 09:14:46,069 - ERROR - Error processing article 1368: string indices must be integers, not 'str'
2025-04-01 09:14:46,071 - ERROR - Error processing article 1369: string indices must be integers, not 'str'
2025-04-01 09:14:46,071 - ERROR - Error processing article 1370: string indices must be integers, not 'str'
2025-04-01 09:14:46,071 - ERROR - Error processing article 1371: string indices must be integers, not 'str'
2025-04-01 09:14:46,071 - ERROR - Error processing article 1372: string indices must be integers, not 'str'
2025-04-01 09:14:46,071 - ERROR - Error processing article 1373: string indices must be integers, not 'str'
2025-04-01 09:14:46,072 - ERROR - Error processing article 1374: string indices must be integers, not 'str'
2025-04-01 09:14:46,072 - ERROR - Error processing article 1375: string indices must be integers, not 'str'
2025-04-01 09:14:46,072 - ERROR - Error processing article 1376: string indices must be integers, not 'str'
2025-04-01 09:14:46,072 - ERROR - Error processing article 1377: string indices must be integers, not 'str'
2025-04-01 09:14:46,072 - ERROR - Error processing article 1378: string indices must be integers, not 'str'
2025-04-01 09:14:46,072 - ERROR - Error processing article 1379: string indices must be integers, not 'str'
2025-04-01 09:14:46,073 - ERROR - Error processing article 1380: string indices must be integers, not 'str'
2025-04-01 09:14:46,073 - ERROR - Error processing article 1381: string indices must be integers, not 'str'
2025-04-01 09:14:46,073 - ERROR - Error processing article 1382: string indices must be integers, not 'str'
2025-04-01 09:14:46,073 - ERROR - Error processing article 1383: string indices must be integers, not 'str'
2025-04-01 09:14:46,074 - ERROR - Error processing article 1384: string indices must be integers, not 'str'
2025-04-01 09:14:46,074 - ERROR - Error processing article 1385: string indices must be integers, not 'str'
2025-04-01 09:14:46,074 - ERROR - Error processing article 1386: string indices must be integers, not 'str'
2025-04-01 09:14:46,074 - ERROR - Error processing article 1387: string indices must be integers, not 'str'
2025-04-01 09:14:46,074 - ERROR - Error processing article 1388: string indices must be integers, not 'str'
2025-04-01 09:14:46,075 - ERROR - Error processing article 1389: string indices must be integers, not 'str'
2025-04-01 09:14:46,075 - ERROR - Error processing article 1390: string indices must be integers, not 'str'
2025-04-01 09:14:46,075 - ERROR - Error processing article 1391: string indices must be integers, not 'str'
2025-04-01 09:14:46,075 - ERROR - Error processing article 1392: string indices must be integers, not 'str'
2025-04-01 09:14:46,075 - ERROR - Error processing article 1393: string indices must be integers, not 'str'
2025-04-01 09:14:46,076 - ERROR - Error processing article 1394: string indices must be integers, not 'str'
2025-04-01 09:14:46,076 - ERROR - Error processing article 1395: string indices must be integers, not 'str'
2025-04-01 09:14:46,076 - ERROR - Error processing article 1396: string indices must be integers, not 'str'
2025-04-01 09:14:46,076 - ERROR - Error processing article 1397: string indices must be integers, not 'str'
2025-04-01 09:14:46,077 - ERROR - Error processing article 1398: string indices must be integers, not 'str'
2025-04-01 09:14:46,077 - ERROR - Error processing article 1399: string indices must be integers, not 'str'
2025-04-01 09:14:46,077 - INFO - Processed 1400/4459 articles
2025-04-01 09:14:46,077 - ERROR - Error processing article 1400: string indices must be integers, not 'str'
2025-04-01 09:14:46,077 - ERROR - Error processing article 1401: string indices must be integers, not 'str'
2025-04-01 09:14:46,077 - ERROR - Error processing article 1402: string indices must be integers, not 'str'
2025-04-01 09:14:46,078 - ERROR - Error processing article 1403: string indices must be integers, not 'str'
2025-04-01 09:14:46,078 - ERROR - Error processing article 1404: string indices must be integers, not 'str'
2025-04-01 09:14:46,078 - ERROR - Error processing article 1405: string indices must be integers, not 'str'
2025-04-01 09:14:46,078 - ERROR - Error processing article 1406: string indices must be integers, not 'str'
2025-04-01 09:14:46,078 - ERROR - Error processing article 1407: string indices must be integers, not 'str'
2025-04-01 09:14:46,079 - ERROR - Error processing article 1408: string indices must be integers, not 'str'
2025-04-01 09:14:46,079 - ERROR - Error processing article 1409: string indices must be integers, not 'str'
2025-04-01 09:14:46,079 - ERROR - Error processing article 1410: string indices must be integers, not 'str'
2025-04-01 09:14:46,079 - ERROR - Error processing article 1411: string indices must be integers, not 'str'
2025-04-01 09:14:46,079 - ERROR - Error processing article 1412: string indices must be integers, not 'str'
2025-04-01 09:14:46,079 - ERROR - Error processing article 1413: string indices must be integers, not 'str'
2025-04-01 09:14:46,079 - ERROR - Error processing article 1414: string indices must be integers, not 'str'
2025-04-01 09:14:46,081 - ERROR - Error processing article 1415: string indices must be integers, not 'str'
2025-04-01 09:14:46,081 - ERROR - Error processing article 1416: string indices must be integers, not 'str'
2025-04-01 09:14:46,081 - ERROR - Error processing article 1417: string indices must be integers, not 'str'
2025-04-01 09:14:46,081 - ERROR - Error processing article 1418: string indices must be integers, not 'str'
2025-04-01 09:14:46,081 - ERROR - Error processing article 1419: string indices must be integers, not 'str'
2025-04-01 09:14:46,081 - ERROR - Error processing article 1420: string indices must be integers, not 'str'
2025-04-01 09:14:46,082 - ERROR - Error processing article 1421: string indices must be integers, not 'str'
2025-04-01 09:14:46,082 - ERROR - Error processing article 1422: string indices must be integers, not 'str'
2025-04-01 09:14:46,082 - ERROR - Error processing article 1423: string indices must be integers, not 'str'
2025-04-01 09:14:46,082 - ERROR - Error processing article 1424: string indices must be integers, not 'str'
2025-04-01 09:14:46,083 - ERROR - Error processing article 1425: string indices must be integers, not 'str'
2025-04-01 09:14:46,083 - ERROR - Error processing article 1426: string indices must be integers, not 'str'
2025-04-01 09:14:46,083 - ERROR - Error processing article 1427: string indices must be integers, not 'str'
2025-04-01 09:14:46,083 - ERROR - Error processing article 1428: string indices must be integers, not 'str'
2025-04-01 09:14:46,083 - ERROR - Error processing article 1429: string indices must be integers, not 'str'
2025-04-01 09:14:46,083 - ERROR - Error processing article 1430: string indices must be integers, not 'str'
2025-04-01 09:14:46,085 - ERROR - Error processing article 1431: string indices must be integers, not 'str'
2025-04-01 09:14:46,085 - ERROR - Error processing article 1432: string indices must be integers, not 'str'
2025-04-01 09:14:46,085 - ERROR - Error processing article 1433: string indices must be integers, not 'str'
2025-04-01 09:14:46,085 - ERROR - Error processing article 1434: string indices must be integers, not 'str'
2025-04-01 09:14:46,085 - ERROR - Error processing article 1435: string indices must be integers, not 'str'
2025-04-01 09:14:46,085 - ERROR - Error processing article 1436: string indices must be integers, not 'str'
2025-04-01 09:14:46,086 - ERROR - Error processing article 1437: string indices must be integers, not 'str'
2025-04-01 09:14:46,086 - ERROR - Error processing article 1438: string indices must be integers, not 'str'
2025-04-01 09:14:46,086 - ERROR - Error processing article 1439: string indices must be integers, not 'str'
2025-04-01 09:14:46,086 - ERROR - Error processing article 1440: string indices must be integers, not 'str'
2025-04-01 09:14:46,086 - ERROR - Error processing article 1441: string indices must be integers, not 'str'
2025-04-01 09:14:46,086 - ERROR - Error processing article 1442: string indices must be integers, not 'str'
2025-04-01 09:14:46,087 - ERROR - Error processing article 1443: string indices must be integers, not 'str'
2025-04-01 09:14:46,087 - ERROR - Error processing article 1444: string indices must be integers, not 'str'
2025-04-01 09:14:46,087 - ERROR - Error processing article 1445: string indices must be integers, not 'str'
2025-04-01 09:14:46,087 - ERROR - Error processing article 1446: string indices must be integers, not 'str'
2025-04-01 09:14:46,087 - ERROR - Error processing article 1447: string indices must be integers, not 'str'
2025-04-01 09:14:46,087 - ERROR - Error processing article 1448: string indices must be integers, not 'str'
2025-04-01 09:14:46,088 - ERROR - Error processing article 1449: string indices must be integers, not 'str'
2025-04-01 09:14:46,088 - ERROR - Error processing article 1450: string indices must be integers, not 'str'
2025-04-01 09:14:46,088 - ERROR - Error processing article 1451: string indices must be integers, not 'str'
2025-04-01 09:14:46,088 - ERROR - Error processing article 1452: string indices must be integers, not 'str'
2025-04-01 09:14:46,089 - ERROR - Error processing article 1453: string indices must be integers, not 'str'
2025-04-01 09:14:46,089 - ERROR - Error processing article 1454: string indices must be integers, not 'str'
2025-04-01 09:14:46,089 - ERROR - Error processing article 1455: string indices must be integers, not 'str'
2025-04-01 09:14:46,089 - ERROR - Error processing article 1456: string indices must be integers, not 'str'
2025-04-01 09:14:46,089 - ERROR - Error processing article 1457: string indices must be integers, not 'str'
2025-04-01 09:14:46,090 - ERROR - Error processing article 1458: string indices must be integers, not 'str'
2025-04-01 09:14:46,090 - ERROR - Error processing article 1459: string indices must be integers, not 'str'
2025-04-01 09:14:46,090 - ERROR - Error processing article 1460: string indices must be integers, not 'str'
2025-04-01 09:14:46,090 - ERROR - Error processing article 1461: string indices must be integers, not 'str'
2025-04-01 09:14:46,090 - ERROR - Error processing article 1462: string indices must be integers, not 'str'
2025-04-01 09:14:46,091 - ERROR - Error processing article 1463: string indices must be integers, not 'str'
2025-04-01 09:14:46,091 - ERROR - Error processing article 1464: string indices must be integers, not 'str'
2025-04-01 09:14:46,091 - ERROR - Error processing article 1465: string indices must be integers, not 'str'
2025-04-01 09:14:46,091 - ERROR - Error processing article 1466: string indices must be integers, not 'str'
2025-04-01 09:14:46,091 - ERROR - Error processing article 1467: string indices must be integers, not 'str'
2025-04-01 09:14:46,092 - ERROR - Error processing article 1468: string indices must be integers, not 'str'
2025-04-01 09:14:46,092 - ERROR - Error processing article 1469: string indices must be integers, not 'str'
2025-04-01 09:14:46,092 - ERROR - Error processing article 1470: string indices must be integers, not 'str'
2025-04-01 09:14:46,092 - ERROR - Error processing article 1471: string indices must be integers, not 'str'
2025-04-01 09:14:46,092 - ERROR - Error processing article 1472: string indices must be integers, not 'str'
2025-04-01 09:14:46,092 - ERROR - Error processing article 1473: string indices must be integers, not 'str'
2025-04-01 09:14:46,093 - ERROR - Error processing article 1474: string indices must be integers, not 'str'
2025-04-01 09:14:46,093 - ERROR - Error processing article 1475: string indices must be integers, not 'str'
2025-04-01 09:14:46,093 - ERROR - Error processing article 1476: string indices must be integers, not 'str'
2025-04-01 09:14:46,093 - ERROR - Error processing article 1477: string indices must be integers, not 'str'
2025-04-01 09:14:46,093 - ERROR - Error processing article 1478: string indices must be integers, not 'str'
2025-04-01 09:14:46,094 - ERROR - Error processing article 1479: string indices must be integers, not 'str'
2025-04-01 09:14:46,094 - ERROR - Error processing article 1480: string indices must be integers, not 'str'
2025-04-01 09:14:46,094 - ERROR - Error processing article 1481: string indices must be integers, not 'str'
2025-04-01 09:14:46,094 - ERROR - Error processing article 1482: string indices must be integers, not 'str'
2025-04-01 09:14:46,094 - ERROR - Error processing article 1483: string indices must be integers, not 'str'
2025-04-01 09:14:46,096 - ERROR - Error processing article 1484: string indices must be integers, not 'str'
2025-04-01 09:14:46,096 - ERROR - Error processing article 1485: string indices must be integers, not 'str'
2025-04-01 09:14:46,096 - ERROR - Error processing article 1486: string indices must be integers, not 'str'
2025-04-01 09:14:46,096 - ERROR - Error processing article 1487: string indices must be integers, not 'str'
2025-04-01 09:14:46,097 - ERROR - Error processing article 1488: string indices must be integers, not 'str'
2025-04-01 09:14:46,097 - ERROR - Error processing article 1489: string indices must be integers, not 'str'
2025-04-01 09:14:46,097 - ERROR - Error processing article 1490: string indices must be integers, not 'str'
2025-04-01 09:14:46,097 - ERROR - Error processing article 1491: string indices must be integers, not 'str'
2025-04-01 09:14:46,097 - ERROR - Error processing article 1492: string indices must be integers, not 'str'
2025-04-01 09:14:46,098 - ERROR - Error processing article 1493: string indices must be integers, not 'str'
2025-04-01 09:14:46,098 - ERROR - Error processing article 1494: string indices must be integers, not 'str'
2025-04-01 09:14:46,098 - ERROR - Error processing article 1495: string indices must be integers, not 'str'
2025-04-01 09:14:46,098 - ERROR - Error processing article 1496: string indices must be integers, not 'str'
2025-04-01 09:14:46,098 - ERROR - Error processing article 1497: string indices must be integers, not 'str'
2025-04-01 09:14:46,099 - ERROR - Error processing article 1498: string indices must be integers, not 'str'
2025-04-01 09:14:46,099 - ERROR - Error processing article 1499: string indices must be integers, not 'str'
2025-04-01 09:14:46,099 - INFO - Processed 1500/4459 articles
2025-04-01 09:14:46,099 - ERROR - Error processing article 1500: string indices must be integers, not 'str'
2025-04-01 09:14:46,099 - ERROR - Error processing article 1501: string indices must be integers, not 'str'
2025-04-01 09:14:46,099 - ERROR - Error processing article 1502: string indices must be integers, not 'str'
2025-04-01 09:14:46,099 - ERROR - Error processing article 1503: string indices must be integers, not 'str'
2025-04-01 09:14:46,099 - ERROR - Error processing article 1504: string indices must be integers, not 'str'
2025-04-01 09:14:46,101 - ERROR - Error processing article 1505: string indices must be integers, not 'str'
2025-04-01 09:14:46,101 - ERROR - Error processing article 1506: string indices must be integers, not 'str'
2025-04-01 09:14:46,101 - ERROR - Error processing article 1507: string indices must be integers, not 'str'
2025-04-01 09:14:46,101 - ERROR - Error processing article 1508: string indices must be integers, not 'str'
2025-04-01 09:14:46,101 - ERROR - Error processing article 1509: string indices must be integers, not 'str'
2025-04-01 09:14:46,101 - ERROR - Error processing article 1510: string indices must be integers, not 'str'
2025-04-01 09:14:46,101 - ERROR - Error processing article 1511: string indices must be integers, not 'str'
2025-04-01 09:14:46,101 - ERROR - Error processing article 1512: string indices must be integers, not 'str'
2025-04-01 09:14:46,101 - ERROR - Error processing article 1513: string indices must be integers, not 'str'
2025-04-01 09:14:46,101 - ERROR - Error processing article 1514: string indices must be integers, not 'str'
2025-04-01 09:14:46,101 - ERROR - Error processing article 1515: string indices must be integers, not 'str'
2025-04-01 09:14:46,101 - ERROR - Error processing article 1516: string indices must be integers, not 'str'
2025-04-01 09:14:46,103 - ERROR - Error processing article 1517: string indices must be integers, not 'str'
2025-04-01 09:14:46,103 - ERROR - Error processing article 1518: string indices must be integers, not 'str'
2025-04-01 09:14:46,103 - ERROR - Error processing article 1519: string indices must be integers, not 'str'
2025-04-01 09:14:46,103 - ERROR - Error processing article 1520: string indices must be integers, not 'str'
2025-04-01 09:14:46,103 - ERROR - Error processing article 1521: string indices must be integers, not 'str'
2025-04-01 09:14:46,105 - ERROR - Error processing article 1522: string indices must be integers, not 'str'
2025-04-01 09:14:46,105 - ERROR - Error processing article 1523: string indices must be integers, not 'str'
2025-04-01 09:14:46,105 - ERROR - Error processing article 1524: string indices must be integers, not 'str'
2025-04-01 09:14:46,105 - ERROR - Error processing article 1525: string indices must be integers, not 'str'
2025-04-01 09:14:46,105 - ERROR - Error processing article 1526: string indices must be integers, not 'str'
2025-04-01 09:14:46,105 - ERROR - Error processing article 1527: string indices must be integers, not 'str'
2025-04-01 09:14:46,106 - ERROR - Error processing article 1528: string indices must be integers, not 'str'
2025-04-01 09:14:46,106 - ERROR - Error processing article 1529: string indices must be integers, not 'str'
2025-04-01 09:14:46,106 - ERROR - Error processing article 1530: string indices must be integers, not 'str'
2025-04-01 09:14:46,106 - ERROR - Error processing article 1531: string indices must be integers, not 'str'
2025-04-01 09:14:46,106 - ERROR - Error processing article 1532: string indices must be integers, not 'str'
2025-04-01 09:14:46,107 - ERROR - Error processing article 1533: string indices must be integers, not 'str'
2025-04-01 09:14:46,107 - ERROR - Error processing article 1534: string indices must be integers, not 'str'
2025-04-01 09:14:46,107 - ERROR - Error processing article 1535: string indices must be integers, not 'str'
2025-04-01 09:14:46,107 - ERROR - Error processing article 1536: string indices must be integers, not 'str'
2025-04-01 09:14:46,107 - ERROR - Error processing article 1537: string indices must be integers, not 'str'
2025-04-01 09:14:46,107 - ERROR - Error processing article 1538: string indices must be integers, not 'str'
2025-04-01 09:14:46,108 - ERROR - Error processing article 1539: string indices must be integers, not 'str'
2025-04-01 09:14:46,108 - ERROR - Error processing article 1540: string indices must be integers, not 'str'
2025-04-01 09:14:46,108 - ERROR - Error processing article 1541: string indices must be integers, not 'str'
2025-04-01 09:14:46,108 - ERROR - Error processing article 1542: string indices must be integers, not 'str'
2025-04-01 09:14:46,108 - ERROR - Error processing article 1543: string indices must be integers, not 'str'
2025-04-01 09:14:46,108 - ERROR - Error processing article 1544: string indices must be integers, not 'str'
2025-04-01 09:14:46,109 - ERROR - Error processing article 1545: string indices must be integers, not 'str'
2025-04-01 09:14:46,109 - ERROR - Error processing article 1546: string indices must be integers, not 'str'
2025-04-01 09:14:46,109 - ERROR - Error processing article 1547: string indices must be integers, not 'str'
2025-04-01 09:14:46,109 - ERROR - Error processing article 1548: string indices must be integers, not 'str'
2025-04-01 09:14:46,109 - ERROR - Error processing article 1549: string indices must be integers, not 'str'
2025-04-01 09:14:46,109 - ERROR - Error processing article 1550: string indices must be integers, not 'str'
2025-04-01 09:14:46,109 - ERROR - Error processing article 1551: string indices must be integers, not 'str'
2025-04-01 09:14:46,109 - ERROR - Error processing article 1552: string indices must be integers, not 'str'
2025-04-01 09:14:46,109 - ERROR - Error processing article 1553: string indices must be integers, not 'str'
2025-04-01 09:14:46,109 - ERROR - Error processing article 1554: string indices must be integers, not 'str'
2025-04-01 09:14:46,109 - ERROR - Error processing article 1555: string indices must be integers, not 'str'
2025-04-01 09:14:46,109 - ERROR - Error processing article 1556: string indices must be integers, not 'str'
2025-04-01 09:14:46,109 - ERROR - Error processing article 1557: string indices must be integers, not 'str'
2025-04-01 09:14:46,112 - ERROR - Error processing article 1558: string indices must be integers, not 'str'
2025-04-01 09:14:46,112 - ERROR - Error processing article 1559: string indices must be integers, not 'str'
2025-04-01 09:14:46,112 - ERROR - Error processing article 1560: string indices must be integers, not 'str'
2025-04-01 09:14:46,112 - ERROR - Error processing article 1561: string indices must be integers, not 'str'
2025-04-01 09:14:46,112 - ERROR - Error processing article 1562: string indices must be integers, not 'str'
2025-04-01 09:14:46,112 - ERROR - Error processing article 1563: string indices must be integers, not 'str'
2025-04-01 09:14:46,112 - ERROR - Error processing article 1564: string indices must be integers, not 'str'
2025-04-01 09:14:46,112 - ERROR - Error processing article 1565: string indices must be integers, not 'str'
2025-04-01 09:14:46,113 - ERROR - Error processing article 1566: string indices must be integers, not 'str'
2025-04-01 09:14:46,113 - ERROR - Error processing article 1567: string indices must be integers, not 'str'
2025-04-01 09:14:46,113 - ERROR - Error processing article 1568: string indices must be integers, not 'str'
2025-04-01 09:14:46,113 - ERROR - Error processing article 1569: string indices must be integers, not 'str'
2025-04-01 09:14:46,113 - ERROR - Error processing article 1570: string indices must be integers, not 'str'
2025-04-01 09:14:46,114 - ERROR - Error processing article 1571: string indices must be integers, not 'str'
2025-04-01 09:14:46,114 - ERROR - Error processing article 1572: string indices must be integers, not 'str'
2025-04-01 09:14:46,114 - ERROR - Error processing article 1573: string indices must be integers, not 'str'
2025-04-01 09:14:46,114 - ERROR - Error processing article 1574: string indices must be integers, not 'str'
2025-04-01 09:14:46,115 - ERROR - Error processing article 1575: string indices must be integers, not 'str'
2025-04-01 09:14:46,115 - ERROR - Error processing article 1576: string indices must be integers, not 'str'
2025-04-01 09:14:46,115 - ERROR - Error processing article 1577: string indices must be integers, not 'str'
2025-04-01 09:14:46,115 - ERROR - Error processing article 1578: string indices must be integers, not 'str'
2025-04-01 09:14:46,116 - ERROR - Error processing article 1579: string indices must be integers, not 'str'
2025-04-01 09:14:46,116 - ERROR - Error processing article 1580: string indices must be integers, not 'str'
2025-04-01 09:14:46,116 - ERROR - Error processing article 1581: string indices must be integers, not 'str'
2025-04-01 09:14:46,116 - ERROR - Error processing article 1582: string indices must be integers, not 'str'
2025-04-01 09:14:46,116 - ERROR - Error processing article 1583: string indices must be integers, not 'str'
2025-04-01 09:14:46,117 - ERROR - Error processing article 1584: string indices must be integers, not 'str'
2025-04-01 09:14:46,117 - ERROR - Error processing article 1585: string indices must be integers, not 'str'
2025-04-01 09:14:46,117 - ERROR - Error processing article 1586: string indices must be integers, not 'str'
2025-04-01 09:14:46,117 - ERROR - Error processing article 1587: string indices must be integers, not 'str'
2025-04-01 09:14:46,118 - ERROR - Error processing article 1588: string indices must be integers, not 'str'
2025-04-01 09:14:46,118 - ERROR - Error processing article 1589: string indices must be integers, not 'str'
2025-04-01 09:14:46,118 - ERROR - Error processing article 1590: string indices must be integers, not 'str'
2025-04-01 09:14:46,118 - ERROR - Error processing article 1591: string indices must be integers, not 'str'
2025-04-01 09:14:46,118 - ERROR - Error processing article 1592: string indices must be integers, not 'str'
2025-04-01 09:14:46,120 - ERROR - Error processing article 1593: string indices must be integers, not 'str'
2025-04-01 09:14:46,120 - ERROR - Error processing article 1594: string indices must be integers, not 'str'
2025-04-01 09:14:46,120 - ERROR - Error processing article 1595: string indices must be integers, not 'str'
2025-04-01 09:14:46,120 - ERROR - Error processing article 1596: string indices must be integers, not 'str'
2025-04-01 09:14:46,120 - ERROR - Error processing article 1597: string indices must be integers, not 'str'
2025-04-01 09:14:46,121 - ERROR - Error processing article 1598: string indices must be integers, not 'str'
2025-04-01 09:14:46,121 - ERROR - Error processing article 1599: string indices must be integers, not 'str'
2025-04-01 09:14:46,121 - INFO - Processed 1600/4459 articles
2025-04-01 09:14:46,121 - ERROR - Error processing article 1600: string indices must be integers, not 'str'
2025-04-01 09:14:46,121 - ERROR - Error processing article 1601: string indices must be integers, not 'str'
2025-04-01 09:14:46,122 - ERROR - Error processing article 1602: string indices must be integers, not 'str'
2025-04-01 09:14:46,122 - ERROR - Error processing article 1603: string indices must be integers, not 'str'
2025-04-01 09:14:46,122 - ERROR - Error processing article 1604: string indices must be integers, not 'str'
2025-04-01 09:14:46,122 - ERROR - Error processing article 1605: string indices must be integers, not 'str'
2025-04-01 09:14:46,122 - ERROR - Error processing article 1606: string indices must be integers, not 'str'
2025-04-01 09:14:46,123 - ERROR - Error processing article 1607: string indices must be integers, not 'str'
2025-04-01 09:14:46,123 - ERROR - Error processing article 1608: string indices must be integers, not 'str'
2025-04-01 09:14:46,123 - ERROR - Error processing article 1609: string indices must be integers, not 'str'
2025-04-01 09:14:46,123 - ERROR - Error processing article 1610: string indices must be integers, not 'str'
2025-04-01 09:14:46,123 - ERROR - Error processing article 1611: string indices must be integers, not 'str'
2025-04-01 09:14:46,124 - ERROR - Error processing article 1612: string indices must be integers, not 'str'
2025-04-01 09:14:46,124 - ERROR - Error processing article 1613: string indices must be integers, not 'str'
2025-04-01 09:14:46,124 - ERROR - Error processing article 1614: string indices must be integers, not 'str'
2025-04-01 09:14:46,124 - ERROR - Error processing article 1615: string indices must be integers, not 'str'
2025-04-01 09:14:46,125 - ERROR - Error processing article 1616: string indices must be integers, not 'str'
2025-04-01 09:14:46,125 - ERROR - Error processing article 1617: string indices must be integers, not 'str'
2025-04-01 09:14:46,125 - ERROR - Error processing article 1618: string indices must be integers, not 'str'
2025-04-01 09:14:46,125 - ERROR - Error processing article 1619: string indices must be integers, not 'str'
2025-04-01 09:14:46,126 - ERROR - Error processing article 1620: string indices must be integers, not 'str'
2025-04-01 09:14:46,126 - ERROR - Error processing article 1621: string indices must be integers, not 'str'
2025-04-01 09:14:46,126 - ERROR - Error processing article 1622: string indices must be integers, not 'str'
2025-04-01 09:14:46,126 - ERROR - Error processing article 1623: string indices must be integers, not 'str'
2025-04-01 09:14:46,126 - ERROR - Error processing article 1624: string indices must be integers, not 'str'
2025-04-01 09:14:46,127 - ERROR - Error processing article 1625: string indices must be integers, not 'str'
2025-04-01 09:14:46,127 - ERROR - Error processing article 1626: string indices must be integers, not 'str'
2025-04-01 09:14:46,127 - ERROR - Error processing article 1627: string indices must be integers, not 'str'
2025-04-01 09:14:46,127 - ERROR - Error processing article 1628: string indices must be integers, not 'str'
2025-04-01 09:14:46,127 - ERROR - Error processing article 1629: string indices must be integers, not 'str'
2025-04-01 09:14:46,128 - ERROR - Error processing article 1630: string indices must be integers, not 'str'
2025-04-01 09:14:46,128 - ERROR - Error processing article 1631: string indices must be integers, not 'str'
2025-04-01 09:14:46,128 - ERROR - Error processing article 1632: string indices must be integers, not 'str'
2025-04-01 09:14:46,128 - ERROR - Error processing article 1633: string indices must be integers, not 'str'
2025-04-01 09:14:46,128 - ERROR - Error processing article 1634: string indices must be integers, not 'str'
2025-04-01 09:14:46,128 - ERROR - Error processing article 1635: string indices must be integers, not 'str'
2025-04-01 09:14:46,129 - ERROR - Error processing article 1636: string indices must be integers, not 'str'
2025-04-01 09:14:46,129 - ERROR - Error processing article 1637: string indices must be integers, not 'str'
2025-04-01 09:14:46,129 - ERROR - Error processing article 1638: string indices must be integers, not 'str'
2025-04-01 09:14:46,129 - ERROR - Error processing article 1639: string indices must be integers, not 'str'
2025-04-01 09:14:46,129 - ERROR - Error processing article 1640: string indices must be integers, not 'str'
2025-04-01 09:14:46,129 - ERROR - Error processing article 1641: string indices must be integers, not 'str'
2025-04-01 09:14:46,130 - ERROR - Error processing article 1642: string indices must be integers, not 'str'
2025-04-01 09:14:46,130 - ERROR - Error processing article 1643: string indices must be integers, not 'str'
2025-04-01 09:14:46,130 - ERROR - Error processing article 1644: string indices must be integers, not 'str'
2025-04-01 09:14:46,130 - ERROR - Error processing article 1645: string indices must be integers, not 'str'
2025-04-01 09:14:46,131 - ERROR - Error processing article 1646: string indices must be integers, not 'str'
2025-04-01 09:14:46,131 - ERROR - Error processing article 1647: string indices must be integers, not 'str'
2025-04-01 09:14:46,131 - ERROR - Error processing article 1648: string indices must be integers, not 'str'
2025-04-01 09:14:46,131 - ERROR - Error processing article 1649: string indices must be integers, not 'str'
2025-04-01 09:14:46,132 - ERROR - Error processing article 1650: string indices must be integers, not 'str'
2025-04-01 09:14:46,132 - ERROR - Error processing article 1651: string indices must be integers, not 'str'
2025-04-01 09:14:46,132 - ERROR - Error processing article 1652: string indices must be integers, not 'str'
2025-04-01 09:14:46,132 - ERROR - Error processing article 1653: string indices must be integers, not 'str'
2025-04-01 09:14:46,133 - ERROR - Error processing article 1654: string indices must be integers, not 'str'
2025-04-01 09:14:46,133 - ERROR - Error processing article 1655: string indices must be integers, not 'str'
2025-04-01 09:14:46,133 - ERROR - Error processing article 1656: string indices must be integers, not 'str'
2025-04-01 09:14:46,133 - ERROR - Error processing article 1657: string indices must be integers, not 'str'
2025-04-01 09:14:46,134 - ERROR - Error processing article 1658: string indices must be integers, not 'str'
2025-04-01 09:14:46,134 - ERROR - Error processing article 1659: string indices must be integers, not 'str'
2025-04-01 09:14:46,134 - ERROR - Error processing article 1660: string indices must be integers, not 'str'
2025-04-01 09:14:46,134 - ERROR - Error processing article 1661: string indices must be integers, not 'str'
2025-04-01 09:14:46,134 - ERROR - Error processing article 1662: string indices must be integers, not 'str'
2025-04-01 09:14:46,135 - ERROR - Error processing article 1663: string indices must be integers, not 'str'
2025-04-01 09:14:46,135 - ERROR - Error processing article 1664: string indices must be integers, not 'str'
2025-04-01 09:14:46,135 - ERROR - Error processing article 1665: string indices must be integers, not 'str'
2025-04-01 09:14:46,135 - ERROR - Error processing article 1666: string indices must be integers, not 'str'
2025-04-01 09:14:46,135 - ERROR - Error processing article 1667: string indices must be integers, not 'str'
2025-04-01 09:14:46,135 - ERROR - Error processing article 1668: string indices must be integers, not 'str'
2025-04-01 09:14:46,137 - ERROR - Error processing article 1669: string indices must be integers, not 'str'
2025-04-01 09:14:46,137 - ERROR - Error processing article 1670: string indices must be integers, not 'str'
2025-04-01 09:14:46,137 - ERROR - Error processing article 1671: string indices must be integers, not 'str'
2025-04-01 09:14:46,137 - ERROR - Error processing article 1672: string indices must be integers, not 'str'
2025-04-01 09:14:46,137 - ERROR - Error processing article 1673: string indices must be integers, not 'str'
2025-04-01 09:14:46,137 - ERROR - Error processing article 1674: string indices must be integers, not 'str'
2025-04-01 09:14:46,138 - ERROR - Error processing article 1675: string indices must be integers, not 'str'
2025-04-01 09:14:46,138 - ERROR - Error processing article 1676: string indices must be integers, not 'str'
2025-04-01 09:14:46,138 - ERROR - Error processing article 1677: string indices must be integers, not 'str'
2025-04-01 09:14:46,138 - ERROR - Error processing article 1678: string indices must be integers, not 'str'
2025-04-01 09:14:46,138 - ERROR - Error processing article 1679: string indices must be integers, not 'str'
2025-04-01 09:14:46,138 - ERROR - Error processing article 1680: string indices must be integers, not 'str'
2025-04-01 09:14:46,139 - ERROR - Error processing article 1681: string indices must be integers, not 'str'
2025-04-01 09:14:46,139 - ERROR - Error processing article 1682: string indices must be integers, not 'str'
2025-04-01 09:14:46,139 - ERROR - Error processing article 1683: string indices must be integers, not 'str'
2025-04-01 09:14:46,139 - ERROR - Error processing article 1684: string indices must be integers, not 'str'
2025-04-01 09:14:46,139 - ERROR - Error processing article 1685: string indices must be integers, not 'str'
2025-04-01 09:14:46,139 - ERROR - Error processing article 1686: string indices must be integers, not 'str'
2025-04-01 09:14:46,140 - ERROR - Error processing article 1687: string indices must be integers, not 'str'
2025-04-01 09:14:46,140 - ERROR - Error processing article 1688: string indices must be integers, not 'str'
2025-04-01 09:14:46,140 - ERROR - Error processing article 1689: string indices must be integers, not 'str'
2025-04-01 09:14:46,140 - ERROR - Error processing article 1690: string indices must be integers, not 'str'
2025-04-01 09:14:46,140 - ERROR - Error processing article 1691: string indices must be integers, not 'str'
2025-04-01 09:14:46,140 - ERROR - Error processing article 1692: string indices must be integers, not 'str'
2025-04-01 09:14:46,142 - ERROR - Error processing article 1693: string indices must be integers, not 'str'
2025-04-01 09:14:46,142 - ERROR - Error processing article 1694: string indices must be integers, not 'str'
2025-04-01 09:14:46,142 - ERROR - Error processing article 1695: string indices must be integers, not 'str'
2025-04-01 09:14:46,142 - ERROR - Error processing article 1696: string indices must be integers, not 'str'
2025-04-01 09:14:46,142 - ERROR - Error processing article 1697: string indices must be integers, not 'str'
2025-04-01 09:14:46,142 - ERROR - Error processing article 1698: string indices must be integers, not 'str'
2025-04-01 09:14:46,143 - ERROR - Error processing article 1699: string indices must be integers, not 'str'
2025-04-01 09:14:46,143 - INFO - Processed 1700/4459 articles
2025-04-01 09:14:46,143 - ERROR - Error processing article 1700: string indices must be integers, not 'str'
2025-04-01 09:14:46,143 - ERROR - Error processing article 1701: string indices must be integers, not 'str'
2025-04-01 09:14:46,143 - ERROR - Error processing article 1702: string indices must be integers, not 'str'
2025-04-01 09:14:46,144 - ERROR - Error processing article 1703: string indices must be integers, not 'str'
2025-04-01 09:14:46,144 - ERROR - Error processing article 1704: string indices must be integers, not 'str'
2025-04-01 09:14:46,144 - ERROR - Error processing article 1705: string indices must be integers, not 'str'
2025-04-01 09:14:46,144 - ERROR - Error processing article 1706: string indices must be integers, not 'str'
2025-04-01 09:14:46,144 - ERROR - Error processing article 1707: string indices must be integers, not 'str'
2025-04-01 09:14:46,145 - ERROR - Error processing article 1708: string indices must be integers, not 'str'
2025-04-01 09:14:46,145 - ERROR - Error processing article 1709: string indices must be integers, not 'str'
2025-04-01 09:14:46,145 - ERROR - Error processing article 1710: string indices must be integers, not 'str'
2025-04-01 09:14:46,145 - ERROR - Error processing article 1711: string indices must be integers, not 'str'
2025-04-01 09:14:46,146 - ERROR - Error processing article 1712: string indices must be integers, not 'str'
2025-04-01 09:14:46,146 - ERROR - Error processing article 1713: string indices must be integers, not 'str'
2025-04-01 09:14:46,146 - ERROR - Error processing article 1714: string indices must be integers, not 'str'
2025-04-01 09:14:46,146 - ERROR - Error processing article 1715: string indices must be integers, not 'str'
2025-04-01 09:14:46,146 - ERROR - Error processing article 1716: string indices must be integers, not 'str'
2025-04-01 09:14:46,146 - ERROR - Error processing article 1717: string indices must be integers, not 'str'
2025-04-01 09:14:46,147 - ERROR - Error processing article 1718: string indices must be integers, not 'str'
2025-04-01 09:14:46,147 - ERROR - Error processing article 1719: string indices must be integers, not 'str'
2025-04-01 09:14:46,147 - ERROR - Error processing article 1720: string indices must be integers, not 'str'
2025-04-01 09:14:46,147 - ERROR - Error processing article 1721: string indices must be integers, not 'str'
2025-04-01 09:14:46,148 - ERROR - Error processing article 1722: string indices must be integers, not 'str'
2025-04-01 09:14:46,148 - ERROR - Error processing article 1723: string indices must be integers, not 'str'
2025-04-01 09:14:46,148 - ERROR - Error processing article 1724: string indices must be integers, not 'str'
2025-04-01 09:14:46,148 - ERROR - Error processing article 1725: string indices must be integers, not 'str'
2025-04-01 09:14:46,148 - ERROR - Error processing article 1726: string indices must be integers, not 'str'
2025-04-01 09:14:46,149 - ERROR - Error processing article 1727: string indices must be integers, not 'str'
2025-04-01 09:14:46,149 - ERROR - Error processing article 1728: string indices must be integers, not 'str'
2025-04-01 09:14:46,149 - ERROR - Error processing article 1729: string indices must be integers, not 'str'
2025-04-01 09:14:46,149 - ERROR - Error processing article 1730: string indices must be integers, not 'str'
2025-04-01 09:14:46,149 - ERROR - Error processing article 1731: string indices must be integers, not 'str'
2025-04-01 09:14:46,149 - ERROR - Error processing article 1732: string indices must be integers, not 'str'
2025-04-01 09:14:46,149 - ERROR - Error processing article 1733: string indices must be integers, not 'str'
2025-04-01 09:14:46,149 - ERROR - Error processing article 1734: string indices must be integers, not 'str'
2025-04-01 09:14:46,149 - ERROR - Error processing article 1735: string indices must be integers, not 'str'
2025-04-01 09:14:46,149 - ERROR - Error processing article 1736: string indices must be integers, not 'str'
2025-04-01 09:14:46,151 - ERROR - Error processing article 1737: string indices must be integers, not 'str'
2025-04-01 09:14:46,151 - ERROR - Error processing article 1738: string indices must be integers, not 'str'
2025-04-01 09:14:46,151 - ERROR - Error processing article 1739: string indices must be integers, not 'str'
2025-04-01 09:14:46,151 - ERROR - Error processing article 1740: string indices must be integers, not 'str'
2025-04-01 09:14:46,151 - ERROR - Error processing article 1741: string indices must be integers, not 'str'
2025-04-01 09:14:46,152 - ERROR - Error processing article 1742: string indices must be integers, not 'str'
2025-04-01 09:14:46,152 - ERROR - Error processing article 1743: string indices must be integers, not 'str'
2025-04-01 09:14:46,152 - ERROR - Error processing article 1744: string indices must be integers, not 'str'
2025-04-01 09:14:46,152 - ERROR - Error processing article 1745: string indices must be integers, not 'str'
2025-04-01 09:14:46,152 - ERROR - Error processing article 1746: string indices must be integers, not 'str'
2025-04-01 09:14:46,152 - ERROR - Error processing article 1747: string indices must be integers, not 'str'
2025-04-01 09:14:46,152 - ERROR - Error processing article 1748: string indices must be integers, not 'str'
2025-04-01 09:14:46,152 - ERROR - Error processing article 1749: string indices must be integers, not 'str'
2025-04-01 09:14:46,152 - ERROR - Error processing article 1750: string indices must be integers, not 'str'
2025-04-01 09:14:46,152 - ERROR - Error processing article 1751: string indices must be integers, not 'str'
2025-04-01 09:14:46,152 - ERROR - Error processing article 1752: string indices must be integers, not 'str'
2025-04-01 09:14:46,152 - ERROR - Error processing article 1753: string indices must be integers, not 'str'
2025-04-01 09:14:46,155 - ERROR - Error processing article 1754: string indices must be integers, not 'str'
2025-04-01 09:14:46,155 - ERROR - Error processing article 1755: string indices must be integers, not 'str'
2025-04-01 09:14:46,155 - ERROR - Error processing article 1756: string indices must be integers, not 'str'
2025-04-01 09:14:46,155 - ERROR - Error processing article 1757: string indices must be integers, not 'str'
2025-04-01 09:14:46,155 - ERROR - Error processing article 1758: string indices must be integers, not 'str'
2025-04-01 09:14:46,156 - ERROR - Error processing article 1759: string indices must be integers, not 'str'
2025-04-01 09:14:46,156 - ERROR - Error processing article 1760: string indices must be integers, not 'str'
2025-04-01 09:14:46,156 - ERROR - Error processing article 1761: string indices must be integers, not 'str'
2025-04-01 09:14:46,156 - ERROR - Error processing article 1762: string indices must be integers, not 'str'
2025-04-01 09:14:46,156 - ERROR - Error processing article 1763: string indices must be integers, not 'str'
2025-04-01 09:14:46,157 - ERROR - Error processing article 1764: string indices must be integers, not 'str'
2025-04-01 09:14:46,157 - ERROR - Error processing article 1765: string indices must be integers, not 'str'
2025-04-01 09:14:46,157 - ERROR - Error processing article 1766: string indices must be integers, not 'str'
2025-04-01 09:14:46,157 - ERROR - Error processing article 1767: string indices must be integers, not 'str'
2025-04-01 09:14:46,157 - ERROR - Error processing article 1768: string indices must be integers, not 'str'
2025-04-01 09:14:46,158 - ERROR - Error processing article 1769: string indices must be integers, not 'str'
2025-04-01 09:14:46,158 - ERROR - Error processing article 1770: string indices must be integers, not 'str'
2025-04-01 09:14:46,158 - ERROR - Error processing article 1771: string indices must be integers, not 'str'
2025-04-01 09:14:46,158 - ERROR - Error processing article 1772: string indices must be integers, not 'str'
2025-04-01 09:14:46,158 - ERROR - Error processing article 1773: string indices must be integers, not 'str'
2025-04-01 09:14:46,158 - ERROR - Error processing article 1774: string indices must be integers, not 'str'
2025-04-01 09:14:46,159 - ERROR - Error processing article 1775: string indices must be integers, not 'str'
2025-04-01 09:14:46,159 - ERROR - Error processing article 1776: string indices must be integers, not 'str'
2025-04-01 09:14:46,159 - ERROR - Error processing article 1777: string indices must be integers, not 'str'
2025-04-01 09:14:46,159 - ERROR - Error processing article 1778: string indices must be integers, not 'str'
2025-04-01 09:14:46,159 - ERROR - Error processing article 1779: string indices must be integers, not 'str'
2025-04-01 09:14:46,159 - ERROR - Error processing article 1780: string indices must be integers, not 'str'
2025-04-01 09:14:46,159 - ERROR - Error processing article 1781: string indices must be integers, not 'str'
2025-04-01 09:14:46,159 - ERROR - Error processing article 1782: string indices must be integers, not 'str'
2025-04-01 09:14:46,159 - ERROR - Error processing article 1783: string indices must be integers, not 'str'
2025-04-01 09:14:46,159 - ERROR - Error processing article 1784: string indices must be integers, not 'str'
2025-04-01 09:14:46,159 - ERROR - Error processing article 1785: string indices must be integers, not 'str'
2025-04-01 09:14:46,159 - ERROR - Error processing article 1786: string indices must be integers, not 'str'
2025-04-01 09:14:46,159 - ERROR - Error processing article 1787: string indices must be integers, not 'str'
2025-04-01 09:14:46,159 - ERROR - Error processing article 1788: string indices must be integers, not 'str'
2025-04-01 09:14:46,159 - ERROR - Error processing article 1789: string indices must be integers, not 'str'
2025-04-01 09:14:46,159 - ERROR - Error processing article 1790: string indices must be integers, not 'str'
2025-04-01 09:14:46,159 - ERROR - Error processing article 1791: string indices must be integers, not 'str'
2025-04-01 09:14:46,159 - ERROR - Error processing article 1792: string indices must be integers, not 'str'
2025-04-01 09:14:46,159 - ERROR - Error processing article 1793: string indices must be integers, not 'str'
2025-04-01 09:14:46,159 - ERROR - Error processing article 1794: string indices must be integers, not 'str'
2025-04-01 09:14:46,159 - ERROR - Error processing article 1795: string indices must be integers, not 'str'
2025-04-01 09:14:46,159 - ERROR - Error processing article 1796: string indices must be integers, not 'str'
2025-04-01 09:14:46,159 - ERROR - Error processing article 1797: string indices must be integers, not 'str'
2025-04-01 09:14:46,163 - ERROR - Error processing article 1798: string indices must be integers, not 'str'
2025-04-01 09:14:46,163 - ERROR - Error processing article 1799: string indices must be integers, not 'str'
2025-04-01 09:14:46,163 - INFO - Processed 1800/4459 articles
2025-04-01 09:14:46,163 - ERROR - Error processing article 1800: string indices must be integers, not 'str'
2025-04-01 09:14:46,163 - ERROR - Error processing article 1801: string indices must be integers, not 'str'
2025-04-01 09:14:46,164 - ERROR - Error processing article 1802: string indices must be integers, not 'str'
2025-04-01 09:14:46,164 - ERROR - Error processing article 1803: string indices must be integers, not 'str'
2025-04-01 09:14:46,164 - ERROR - Error processing article 1804: string indices must be integers, not 'str'
2025-04-01 09:14:46,164 - ERROR - Error processing article 1805: string indices must be integers, not 'str'
2025-04-01 09:14:46,165 - ERROR - Error processing article 1806: string indices must be integers, not 'str'
2025-04-01 09:14:46,165 - ERROR - Error processing article 1807: string indices must be integers, not 'str'
2025-04-01 09:14:46,165 - ERROR - Error processing article 1808: string indices must be integers, not 'str'
2025-04-01 09:14:46,165 - ERROR - Error processing article 1809: string indices must be integers, not 'str'
2025-04-01 09:14:46,165 - ERROR - Error processing article 1810: string indices must be integers, not 'str'
2025-04-01 09:14:46,166 - ERROR - Error processing article 1811: string indices must be integers, not 'str'
2025-04-01 09:14:46,166 - ERROR - Error processing article 1812: string indices must be integers, not 'str'
2025-04-01 09:14:46,166 - ERROR - Error processing article 1813: string indices must be integers, not 'str'
2025-04-01 09:14:46,166 - ERROR - Error processing article 1814: string indices must be integers, not 'str'
2025-04-01 09:14:46,166 - ERROR - Error processing article 1815: string indices must be integers, not 'str'
2025-04-01 09:14:46,167 - ERROR - Error processing article 1816: string indices must be integers, not 'str'
2025-04-01 09:14:46,167 - ERROR - Error processing article 1817: string indices must be integers, not 'str'
2025-04-01 09:14:46,167 - ERROR - Error processing article 1818: string indices must be integers, not 'str'
2025-04-01 09:14:46,167 - ERROR - Error processing article 1819: string indices must be integers, not 'str'
2025-04-01 09:14:46,167 - ERROR - Error processing article 1820: string indices must be integers, not 'str'
2025-04-01 09:14:46,168 - ERROR - Error processing article 1821: string indices must be integers, not 'str'
2025-04-01 09:14:46,168 - ERROR - Error processing article 1822: string indices must be integers, not 'str'
2025-04-01 09:14:46,168 - ERROR - Error processing article 1823: string indices must be integers, not 'str'
2025-04-01 09:14:46,168 - ERROR - Error processing article 1824: string indices must be integers, not 'str'
2025-04-01 09:14:46,168 - ERROR - Error processing article 1825: string indices must be integers, not 'str'
2025-04-01 09:14:46,168 - ERROR - Error processing article 1826: string indices must be integers, not 'str'
2025-04-01 09:14:46,170 - ERROR - Error processing article 1827: string indices must be integers, not 'str'
2025-04-01 09:14:46,170 - ERROR - Error processing article 1828: string indices must be integers, not 'str'
2025-04-01 09:14:46,170 - ERROR - Error processing article 1829: string indices must be integers, not 'str'
2025-04-01 09:14:46,170 - ERROR - Error processing article 1830: string indices must be integers, not 'str'
2025-04-01 09:14:46,170 - ERROR - Error processing article 1831: string indices must be integers, not 'str'
2025-04-01 09:14:46,171 - ERROR - Error processing article 1832: string indices must be integers, not 'str'
2025-04-01 09:14:46,171 - ERROR - Error processing article 1833: string indices must be integers, not 'str'
2025-04-01 09:14:46,171 - ERROR - Error processing article 1834: string indices must be integers, not 'str'
2025-04-01 09:14:46,171 - ERROR - Error processing article 1835: string indices must be integers, not 'str'
2025-04-01 09:14:46,171 - ERROR - Error processing article 1836: string indices must be integers, not 'str'
2025-04-01 09:14:46,172 - ERROR - Error processing article 1837: string indices must be integers, not 'str'
2025-04-01 09:14:46,172 - ERROR - Error processing article 1838: string indices must be integers, not 'str'
2025-04-01 09:14:46,172 - ERROR - Error processing article 1839: string indices must be integers, not 'str'
2025-04-01 09:14:46,172 - ERROR - Error processing article 1840: string indices must be integers, not 'str'
2025-04-01 09:14:46,172 - ERROR - Error processing article 1841: string indices must be integers, not 'str'
2025-04-01 09:14:46,173 - ERROR - Error processing article 1842: string indices must be integers, not 'str'
2025-04-01 09:14:46,173 - ERROR - Error processing article 1843: string indices must be integers, not 'str'
2025-04-01 09:14:46,173 - ERROR - Error processing article 1844: string indices must be integers, not 'str'
2025-04-01 09:14:46,173 - ERROR - Error processing article 1845: string indices must be integers, not 'str'
2025-04-01 09:14:46,173 - ERROR - Error processing article 1846: string indices must be integers, not 'str'
2025-04-01 09:14:46,174 - ERROR - Error processing article 1847: string indices must be integers, not 'str'
2025-04-01 09:14:46,174 - ERROR - Error processing article 1848: string indices must be integers, not 'str'
2025-04-01 09:14:46,174 - ERROR - Error processing article 1849: string indices must be integers, not 'str'
2025-04-01 09:14:46,174 - ERROR - Error processing article 1850: string indices must be integers, not 'str'
2025-04-01 09:14:46,174 - ERROR - Error processing article 1851: string indices must be integers, not 'str'
2025-04-01 09:14:46,174 - ERROR - Error processing article 1852: string indices must be integers, not 'str'
2025-04-01 09:14:46,175 - ERROR - Error processing article 1853: string indices must be integers, not 'str'
2025-04-01 09:14:46,175 - ERROR - Error processing article 1854: string indices must be integers, not 'str'
2025-04-01 09:14:46,175 - ERROR - Error processing article 1855: string indices must be integers, not 'str'
2025-04-01 09:14:46,175 - ERROR - Error processing article 1856: string indices must be integers, not 'str'
2025-04-01 09:14:46,176 - ERROR - Error processing article 1857: string indices must be integers, not 'str'
2025-04-01 09:14:46,176 - ERROR - Error processing article 1858: string indices must be integers, not 'str'
2025-04-01 09:14:46,176 - ERROR - Error processing article 1859: string indices must be integers, not 'str'
2025-04-01 09:14:46,176 - ERROR - Error processing article 1860: string indices must be integers, not 'str'
2025-04-01 09:14:46,176 - ERROR - Error processing article 1861: string indices must be integers, not 'str'
2025-04-01 09:14:46,177 - ERROR - Error processing article 1862: string indices must be integers, not 'str'
2025-04-01 09:14:46,177 - ERROR - Error processing article 1863: string indices must be integers, not 'str'
2025-04-01 09:14:46,177 - ERROR - Error processing article 1864: string indices must be integers, not 'str'
2025-04-01 09:14:46,177 - ERROR - Error processing article 1865: string indices must be integers, not 'str'
2025-04-01 09:14:46,177 - ERROR - Error processing article 1866: string indices must be integers, not 'str'
2025-04-01 09:14:46,178 - ERROR - Error processing article 1867: string indices must be integers, not 'str'
2025-04-01 09:14:46,178 - ERROR - Error processing article 1868: string indices must be integers, not 'str'
2025-04-01 09:14:46,178 - ERROR - Error processing article 1869: string indices must be integers, not 'str'
2025-04-01 09:14:46,178 - ERROR - Error processing article 1870: string indices must be integers, not 'str'
2025-04-01 09:14:46,178 - ERROR - Error processing article 1871: string indices must be integers, not 'str'
2025-04-01 09:14:46,179 - ERROR - Error processing article 1872: string indices must be integers, not 'str'
2025-04-01 09:14:46,179 - ERROR - Error processing article 1873: string indices must be integers, not 'str'
2025-04-01 09:14:46,179 - ERROR - Error processing article 1874: string indices must be integers, not 'str'
2025-04-01 09:14:46,179 - ERROR - Error processing article 1875: string indices must be integers, not 'str'
2025-04-01 09:14:46,180 - ERROR - Error processing article 1876: string indices must be integers, not 'str'
2025-04-01 09:14:46,180 - ERROR - Error processing article 1877: string indices must be integers, not 'str'
2025-04-01 09:14:46,180 - ERROR - Error processing article 1878: string indices must be integers, not 'str'
2025-04-01 09:14:46,180 - ERROR - Error processing article 1879: string indices must be integers, not 'str'
2025-04-01 09:14:46,181 - ERROR - Error processing article 1880: string indices must be integers, not 'str'
2025-04-01 09:14:46,181 - ERROR - Error processing article 1881: string indices must be integers, not 'str'
2025-04-01 09:14:46,181 - ERROR - Error processing article 1882: string indices must be integers, not 'str'
2025-04-01 09:14:46,181 - ERROR - Error processing article 1883: string indices must be integers, not 'str'
2025-04-01 09:14:46,181 - ERROR - Error processing article 1884: string indices must be integers, not 'str'
2025-04-01 09:14:46,183 - ERROR - Error processing article 1885: string indices must be integers, not 'str'
2025-04-01 09:14:46,183 - ERROR - Error processing article 1886: string indices must be integers, not 'str'
2025-04-01 09:14:46,183 - ERROR - Error processing article 1887: string indices must be integers, not 'str'
2025-04-01 09:14:46,183 - ERROR - Error processing article 1888: string indices must be integers, not 'str'
2025-04-01 09:14:46,184 - ERROR - Error processing article 1889: string indices must be integers, not 'str'
2025-04-01 09:14:46,184 - ERROR - Error processing article 1890: string indices must be integers, not 'str'
2025-04-01 09:14:46,184 - ERROR - Error processing article 1891: string indices must be integers, not 'str'
2025-04-01 09:14:46,184 - ERROR - Error processing article 1892: string indices must be integers, not 'str'
2025-04-01 09:14:46,184 - ERROR - Error processing article 1893: string indices must be integers, not 'str'
2025-04-01 09:14:46,185 - ERROR - Error processing article 1894: string indices must be integers, not 'str'
2025-04-01 09:14:46,185 - ERROR - Error processing article 1895: string indices must be integers, not 'str'
2025-04-01 09:14:46,185 - ERROR - Error processing article 1896: string indices must be integers, not 'str'
2025-04-01 09:14:46,185 - ERROR - Error processing article 1897: string indices must be integers, not 'str'
2025-04-01 09:14:46,185 - ERROR - Error processing article 1898: string indices must be integers, not 'str'
2025-04-01 09:14:46,186 - ERROR - Error processing article 1899: string indices must be integers, not 'str'
2025-04-01 09:14:46,186 - INFO - Processed 1900/4459 articles
2025-04-01 09:14:46,186 - ERROR - Error processing article 1900: string indices must be integers, not 'str'
2025-04-01 09:14:46,186 - ERROR - Error processing article 1901: string indices must be integers, not 'str'
2025-04-01 09:14:46,186 - ERROR - Error processing article 1902: string indices must be integers, not 'str'
2025-04-01 09:14:46,187 - ERROR - Error processing article 1903: string indices must be integers, not 'str'
2025-04-01 09:14:46,187 - ERROR - Error processing article 1904: string indices must be integers, not 'str'
2025-04-01 09:14:46,187 - ERROR - Error processing article 1905: string indices must be integers, not 'str'
2025-04-01 09:14:46,187 - ERROR - Error processing article 1906: string indices must be integers, not 'str'
2025-04-01 09:14:46,188 - ERROR - Error processing article 1907: string indices must be integers, not 'str'
2025-04-01 09:14:46,188 - ERROR - Error processing article 1908: string indices must be integers, not 'str'
2025-04-01 09:14:46,188 - ERROR - Error processing article 1909: string indices must be integers, not 'str'
2025-04-01 09:14:46,188 - ERROR - Error processing article 1910: string indices must be integers, not 'str'
2025-04-01 09:14:46,188 - ERROR - Error processing article 1911: string indices must be integers, not 'str'
2025-04-01 09:14:46,189 - ERROR - Error processing article 1912: string indices must be integers, not 'str'
2025-04-01 09:14:46,189 - ERROR - Error processing article 1913: string indices must be integers, not 'str'
2025-04-01 09:14:46,189 - ERROR - Error processing article 1914: string indices must be integers, not 'str'
2025-04-01 09:14:46,189 - ERROR - Error processing article 1915: string indices must be integers, not 'str'
2025-04-01 09:14:46,189 - ERROR - Error processing article 1916: string indices must be integers, not 'str'
2025-04-01 09:14:46,190 - ERROR - Error processing article 1917: string indices must be integers, not 'str'
2025-04-01 09:14:46,190 - ERROR - Error processing article 1918: string indices must be integers, not 'str'
2025-04-01 09:14:46,190 - ERROR - Error processing article 1919: string indices must be integers, not 'str'
2025-04-01 09:14:46,190 - ERROR - Error processing article 1920: string indices must be integers, not 'str'
2025-04-01 09:14:46,190 - ERROR - Error processing article 1921: string indices must be integers, not 'str'
2025-04-01 09:14:46,190 - ERROR - Error processing article 1922: string indices must be integers, not 'str'
2025-04-01 09:14:46,190 - ERROR - Error processing article 1923: string indices must be integers, not 'str'
2025-04-01 09:14:46,191 - ERROR - Error processing article 1924: string indices must be integers, not 'str'
2025-04-01 09:14:46,191 - ERROR - Error processing article 1925: string indices must be integers, not 'str'
2025-04-01 09:14:46,191 - ERROR - Error processing article 1926: string indices must be integers, not 'str'
2025-04-01 09:14:46,191 - ERROR - Error processing article 1927: string indices must be integers, not 'str'
2025-04-01 09:14:46,191 - ERROR - Error processing article 1928: string indices must be integers, not 'str'
2025-04-01 09:14:46,192 - ERROR - Error processing article 1929: string indices must be integers, not 'str'
2025-04-01 09:14:46,192 - ERROR - Error processing article 1930: string indices must be integers, not 'str'
2025-04-01 09:14:46,192 - ERROR - Error processing article 1931: string indices must be integers, not 'str'
2025-04-01 09:14:46,192 - ERROR - Error processing article 1932: string indices must be integers, not 'str'
2025-04-01 09:14:46,192 - ERROR - Error processing article 1933: string indices must be integers, not 'str'
2025-04-01 09:14:46,193 - ERROR - Error processing article 1934: string indices must be integers, not 'str'
2025-04-01 09:14:46,193 - ERROR - Error processing article 1935: string indices must be integers, not 'str'
2025-04-01 09:14:46,193 - ERROR - Error processing article 1936: string indices must be integers, not 'str'
2025-04-01 09:14:46,193 - ERROR - Error processing article 1937: string indices must be integers, not 'str'
2025-04-01 09:14:46,193 - ERROR - Error processing article 1938: string indices must be integers, not 'str'
2025-04-01 09:14:46,194 - ERROR - Error processing article 1939: string indices must be integers, not 'str'
2025-04-01 09:14:46,194 - ERROR - Error processing article 1940: string indices must be integers, not 'str'
2025-04-01 09:14:46,194 - ERROR - Error processing article 1941: string indices must be integers, not 'str'
2025-04-01 09:14:46,194 - ERROR - Error processing article 1942: string indices must be integers, not 'str'
2025-04-01 09:14:46,194 - ERROR - Error processing article 1943: string indices must be integers, not 'str'
2025-04-01 09:14:46,194 - ERROR - Error processing article 1944: string indices must be integers, not 'str'
2025-04-01 09:14:46,195 - ERROR - Error processing article 1945: string indices must be integers, not 'str'
2025-04-01 09:14:46,195 - ERROR - Error processing article 1946: string indices must be integers, not 'str'
2025-04-01 09:14:46,195 - ERROR - Error processing article 1947: string indices must be integers, not 'str'
2025-04-01 09:14:46,195 - ERROR - Error processing article 1948: string indices must be integers, not 'str'
2025-04-01 09:14:46,195 - ERROR - Error processing article 1949: string indices must be integers, not 'str'
2025-04-01 09:14:46,195 - ERROR - Error processing article 1950: string indices must be integers, not 'str'
2025-04-01 09:14:46,195 - ERROR - Error processing article 1951: string indices must be integers, not 'str'
2025-04-01 09:14:46,196 - ERROR - Error processing article 1952: string indices must be integers, not 'str'
2025-04-01 09:14:46,196 - ERROR - Error processing article 1953: string indices must be integers, not 'str'
2025-04-01 09:14:46,196 - ERROR - Error processing article 1954: string indices must be integers, not 'str'
2025-04-01 09:14:46,196 - ERROR - Error processing article 1955: string indices must be integers, not 'str'
2025-04-01 09:14:46,196 - ERROR - Error processing article 1956: string indices must be integers, not 'str'
2025-04-01 09:14:46,196 - ERROR - Error processing article 1957: string indices must be integers, not 'str'
2025-04-01 09:14:46,197 - ERROR - Error processing article 1958: string indices must be integers, not 'str'
2025-04-01 09:14:46,197 - ERROR - Error processing article 1959: string indices must be integers, not 'str'
2025-04-01 09:14:46,197 - ERROR - Error processing article 1960: string indices must be integers, not 'str'
2025-04-01 09:14:46,197 - ERROR - Error processing article 1961: string indices must be integers, not 'str'
2025-04-01 09:14:46,198 - ERROR - Error processing article 1962: string indices must be integers, not 'str'
2025-04-01 09:14:46,198 - ERROR - Error processing article 1963: string indices must be integers, not 'str'
2025-04-01 09:14:46,198 - ERROR - Error processing article 1964: string indices must be integers, not 'str'
2025-04-01 09:14:46,198 - ERROR - Error processing article 1965: string indices must be integers, not 'str'
2025-04-01 09:14:46,198 - ERROR - Error processing article 1966: string indices must be integers, not 'str'
2025-04-01 09:14:46,199 - ERROR - Error processing article 1967: string indices must be integers, not 'str'
2025-04-01 09:14:46,199 - ERROR - Error processing article 1968: string indices must be integers, not 'str'
2025-04-01 09:14:46,199 - ERROR - Error processing article 1969: string indices must be integers, not 'str'
2025-04-01 09:14:46,199 - ERROR - Error processing article 1970: string indices must be integers, not 'str'
2025-04-01 09:14:46,199 - ERROR - Error processing article 1971: string indices must be integers, not 'str'
2025-04-01 09:14:46,201 - ERROR - Error processing article 1972: string indices must be integers, not 'str'
2025-04-01 09:14:46,201 - ERROR - Error processing article 1973: string indices must be integers, not 'str'
2025-04-01 09:14:46,201 - ERROR - Error processing article 1974: string indices must be integers, not 'str'
2025-04-01 09:14:46,201 - ERROR - Error processing article 1975: string indices must be integers, not 'str'
2025-04-01 09:14:46,201 - ERROR - Error processing article 1976: string indices must be integers, not 'str'
2025-04-01 09:14:46,201 - ERROR - Error processing article 1977: string indices must be integers, not 'str'
2025-04-01 09:14:46,201 - ERROR - Error processing article 1978: string indices must be integers, not 'str'
2025-04-01 09:14:46,201 - ERROR - Error processing article 1979: string indices must be integers, not 'str'
2025-04-01 09:14:46,201 - ERROR - Error processing article 1980: string indices must be integers, not 'str'
2025-04-01 09:14:46,201 - ERROR - Error processing article 1981: string indices must be integers, not 'str'
2025-04-01 09:14:46,201 - ERROR - Error processing article 1982: string indices must be integers, not 'str'
2025-04-01 09:14:46,201 - ERROR - Error processing article 1983: string indices must be integers, not 'str'
2025-04-01 09:14:46,201 - ERROR - Error processing article 1984: string indices must be integers, not 'str'
2025-04-01 09:14:46,201 - ERROR - Error processing article 1985: string indices must be integers, not 'str'
2025-04-01 09:14:46,201 - ERROR - Error processing article 1986: string indices must be integers, not 'str'
2025-04-01 09:14:46,201 - ERROR - Error processing article 1987: string indices must be integers, not 'str'
2025-04-01 09:14:46,204 - ERROR - Error processing article 1988: string indices must be integers, not 'str'
2025-04-01 09:14:46,204 - ERROR - Error processing article 1989: string indices must be integers, not 'str'
2025-04-01 09:14:46,204 - ERROR - Error processing article 1990: string indices must be integers, not 'str'
2025-04-01 09:14:46,205 - ERROR - Error processing article 1991: string indices must be integers, not 'str'
2025-04-01 09:14:46,205 - ERROR - Error processing article 1992: string indices must be integers, not 'str'
2025-04-01 09:14:46,205 - ERROR - Error processing article 1993: string indices must be integers, not 'str'
2025-04-01 09:14:46,205 - ERROR - Error processing article 1994: string indices must be integers, not 'str'
2025-04-01 09:14:46,206 - ERROR - Error processing article 1995: string indices must be integers, not 'str'
2025-04-01 09:14:46,206 - ERROR - Error processing article 1996: string indices must be integers, not 'str'
2025-04-01 09:14:46,206 - ERROR - Error processing article 1997: string indices must be integers, not 'str'
2025-04-01 09:14:46,206 - ERROR - Error processing article 1998: string indices must be integers, not 'str'
2025-04-01 09:14:46,206 - ERROR - Error processing article 1999: string indices must be integers, not 'str'
2025-04-01 09:14:46,206 - INFO - Processed 2000/4459 articles
2025-04-01 09:14:46,207 - ERROR - Error processing article 2000: string indices must be integers, not 'str'
2025-04-01 09:14:46,207 - ERROR - Error processing article 2001: string indices must be integers, not 'str'
2025-04-01 09:14:46,207 - ERROR - Error processing article 2002: string indices must be integers, not 'str'
2025-04-01 09:14:46,207 - ERROR - Error processing article 2003: string indices must be integers, not 'str'
2025-04-01 09:14:46,207 - ERROR - Error processing article 2004: string indices must be integers, not 'str'
2025-04-01 09:14:46,207 - ERROR - Error processing article 2005: string indices must be integers, not 'str'
2025-04-01 09:14:46,207 - ERROR - Error processing article 2006: string indices must be integers, not 'str'
2025-04-01 09:14:46,207 - ERROR - Error processing article 2007: string indices must be integers, not 'str'
2025-04-01 09:14:46,208 - ERROR - Error processing article 2008: string indices must be integers, not 'str'
2025-04-01 09:14:46,208 - ERROR - Error processing article 2009: string indices must be integers, not 'str'
2025-04-01 09:14:46,208 - ERROR - Error processing article 2010: string indices must be integers, not 'str'
2025-04-01 09:14:46,208 - ERROR - Error processing article 2011: string indices must be integers, not 'str'
2025-04-01 09:14:46,209 - ERROR - Error processing article 2012: string indices must be integers, not 'str'
2025-04-01 09:14:46,209 - ERROR - Error processing article 2013: string indices must be integers, not 'str'
2025-04-01 09:14:46,209 - ERROR - Error processing article 2014: string indices must be integers, not 'str'
2025-04-01 09:14:46,209 - ERROR - Error processing article 2015: string indices must be integers, not 'str'
2025-04-01 09:14:46,209 - ERROR - Error processing article 2016: string indices must be integers, not 'str'
2025-04-01 09:14:46,209 - ERROR - Error processing article 2017: string indices must be integers, not 'str'
2025-04-01 09:14:46,209 - ERROR - Error processing article 2018: string indices must be integers, not 'str'
2025-04-01 09:14:46,209 - ERROR - Error processing article 2019: string indices must be integers, not 'str'
2025-04-01 09:14:46,211 - ERROR - Error processing article 2020: string indices must be integers, not 'str'
2025-04-01 09:14:46,211 - ERROR - Error processing article 2021: string indices must be integers, not 'str'
2025-04-01 09:14:46,211 - ERROR - Error processing article 2022: string indices must be integers, not 'str'
2025-04-01 09:14:46,211 - ERROR - Error processing article 2023: string indices must be integers, not 'str'
2025-04-01 09:14:46,211 - ERROR - Error processing article 2024: string indices must be integers, not 'str'
2025-04-01 09:14:46,211 - ERROR - Error processing article 2025: string indices must be integers, not 'str'
2025-04-01 09:14:46,211 - ERROR - Error processing article 2026: string indices must be integers, not 'str'
2025-04-01 09:14:46,211 - ERROR - Error processing article 2027: string indices must be integers, not 'str'
2025-04-01 09:14:46,211 - ERROR - Error processing article 2028: string indices must be integers, not 'str'
2025-04-01 09:14:46,211 - ERROR - Error processing article 2029: string indices must be integers, not 'str'
2025-04-01 09:14:46,211 - ERROR - Error processing article 2030: string indices must be integers, not 'str'
2025-04-01 09:14:46,211 - ERROR - Error processing article 2031: string indices must be integers, not 'str'
2025-04-01 09:14:46,211 - ERROR - Error processing article 2032: string indices must be integers, not 'str'
2025-04-01 09:14:46,211 - ERROR - Error processing article 2033: string indices must be integers, not 'str'
2025-04-01 09:14:46,211 - ERROR - Error processing article 2034: string indices must be integers, not 'str'
2025-04-01 09:14:46,211 - ERROR - Error processing article 2035: string indices must be integers, not 'str'
2025-04-01 09:14:46,211 - ERROR - Error processing article 2036: string indices must be integers, not 'str'
2025-04-01 09:14:46,211 - ERROR - Error processing article 2037: string indices must be integers, not 'str'
2025-04-01 09:14:46,214 - ERROR - Error processing article 2038: string indices must be integers, not 'str'
2025-04-01 09:14:46,214 - ERROR - Error processing article 2039: string indices must be integers, not 'str'
2025-04-01 09:14:46,214 - ERROR - Error processing article 2040: string indices must be integers, not 'str'
2025-04-01 09:14:46,214 - ERROR - Error processing article 2041: string indices must be integers, not 'str'
2025-04-01 09:14:46,214 - ERROR - Error processing article 2042: string indices must be integers, not 'str'
2025-04-01 09:14:46,215 - ERROR - Error processing article 2043: string indices must be integers, not 'str'
2025-04-01 09:14:46,215 - ERROR - Error processing article 2044: string indices must be integers, not 'str'
2025-04-01 09:14:46,215 - ERROR - Error processing article 2045: string indices must be integers, not 'str'
2025-04-01 09:14:46,215 - ERROR - Error processing article 2046: string indices must be integers, not 'str'
2025-04-01 09:14:46,215 - ERROR - Error processing article 2047: string indices must be integers, not 'str'
2025-04-01 09:14:46,216 - ERROR - Error processing article 2048: string indices must be integers, not 'str'
2025-04-01 09:14:46,216 - ERROR - Error processing article 2049: string indices must be integers, not 'str'
2025-04-01 09:14:46,216 - ERROR - Error processing article 2050: string indices must be integers, not 'str'
2025-04-01 09:14:46,216 - ERROR - Error processing article 2051: string indices must be integers, not 'str'
2025-04-01 09:14:46,216 - ERROR - Error processing article 2052: string indices must be integers, not 'str'
2025-04-01 09:14:46,217 - ERROR - Error processing article 2053: string indices must be integers, not 'str'
2025-04-01 09:14:46,217 - ERROR - Error processing article 2054: string indices must be integers, not 'str'
2025-04-01 09:14:46,217 - ERROR - Error processing article 2055: string indices must be integers, not 'str'
2025-04-01 09:14:46,217 - ERROR - Error processing article 2056: string indices must be integers, not 'str'
2025-04-01 09:14:46,217 - ERROR - Error processing article 2057: string indices must be integers, not 'str'
2025-04-01 09:14:46,217 - ERROR - Error processing article 2058: string indices must be integers, not 'str'
2025-04-01 09:14:46,219 - ERROR - Error processing article 2059: string indices must be integers, not 'str'
2025-04-01 09:14:46,219 - ERROR - Error processing article 2060: string indices must be integers, not 'str'
2025-04-01 09:14:46,219 - ERROR - Error processing article 2061: string indices must be integers, not 'str'
2025-04-01 09:14:46,219 - ERROR - Error processing article 2062: string indices must be integers, not 'str'
2025-04-01 09:14:46,219 - ERROR - Error processing article 2063: string indices must be integers, not 'str'
2025-04-01 09:14:46,220 - ERROR - Error processing article 2064: string indices must be integers, not 'str'
2025-04-01 09:14:46,220 - ERROR - Error processing article 2065: string indices must be integers, not 'str'
2025-04-01 09:14:46,220 - ERROR - Error processing article 2066: string indices must be integers, not 'str'
2025-04-01 09:14:46,220 - ERROR - Error processing article 2067: string indices must be integers, not 'str'
2025-04-01 09:14:46,220 - ERROR - Error processing article 2068: string indices must be integers, not 'str'
2025-04-01 09:14:46,221 - ERROR - Error processing article 2069: string indices must be integers, not 'str'
2025-04-01 09:14:46,221 - ERROR - Error processing article 2070: string indices must be integers, not 'str'
2025-04-01 09:14:46,221 - ERROR - Error processing article 2071: string indices must be integers, not 'str'
2025-04-01 09:14:46,221 - ERROR - Error processing article 2072: string indices must be integers, not 'str'
2025-04-01 09:14:46,221 - ERROR - Error processing article 2073: string indices must be integers, not 'str'
2025-04-01 09:14:46,222 - ERROR - Error processing article 2074: string indices must be integers, not 'str'
2025-04-01 09:14:46,222 - ERROR - Error processing article 2075: string indices must be integers, not 'str'
2025-04-01 09:14:46,222 - ERROR - Error processing article 2076: string indices must be integers, not 'str'
2025-04-01 09:14:46,222 - ERROR - Error processing article 2077: string indices must be integers, not 'str'
2025-04-01 09:14:46,222 - ERROR - Error processing article 2078: string indices must be integers, not 'str'
2025-04-01 09:14:46,223 - ERROR - Error processing article 2079: string indices must be integers, not 'str'
2025-04-01 09:14:46,223 - ERROR - Error processing article 2080: string indices must be integers, not 'str'
2025-04-01 09:14:46,223 - ERROR - Error processing article 2081: string indices must be integers, not 'str'
2025-04-01 09:14:46,223 - ERROR - Error processing article 2082: string indices must be integers, not 'str'
2025-04-01 09:14:46,223 - ERROR - Error processing article 2083: string indices must be integers, not 'str'
2025-04-01 09:14:46,223 - ERROR - Error processing article 2084: string indices must be integers, not 'str'
2025-04-01 09:14:46,224 - ERROR - Error processing article 2085: string indices must be integers, not 'str'
2025-04-01 09:14:46,224 - ERROR - Error processing article 2086: string indices must be integers, not 'str'
2025-04-01 09:14:46,224 - ERROR - Error processing article 2087: string indices must be integers, not 'str'
2025-04-01 09:14:46,224 - ERROR - Error processing article 2088: string indices must be integers, not 'str'
2025-04-01 09:14:46,224 - ERROR - Error processing article 2089: string indices must be integers, not 'str'
2025-04-01 09:14:46,224 - ERROR - Error processing article 2090: string indices must be integers, not 'str'
2025-04-01 09:14:46,225 - ERROR - Error processing article 2091: string indices must be integers, not 'str'
2025-04-01 09:14:46,225 - ERROR - Error processing article 2092: string indices must be integers, not 'str'
2025-04-01 09:14:46,225 - ERROR - Error processing article 2093: string indices must be integers, not 'str'
2025-04-01 09:14:46,225 - ERROR - Error processing article 2094: string indices must be integers, not 'str'
2025-04-01 09:14:46,225 - ERROR - Error processing article 2095: string indices must be integers, not 'str'
2025-04-01 09:14:46,226 - ERROR - Error processing article 2096: string indices must be integers, not 'str'
2025-04-01 09:14:46,226 - ERROR - Error processing article 2097: string indices must be integers, not 'str'
2025-04-01 09:14:46,226 - ERROR - Error processing article 2098: string indices must be integers, not 'str'
2025-04-01 09:14:46,226 - ERROR - Error processing article 2099: string indices must be integers, not 'str'
2025-04-01 09:14:46,227 - INFO - Processed 2100/4459 articles
2025-04-01 09:14:46,227 - ERROR - Error processing article 2100: string indices must be integers, not 'str'
2025-04-01 09:14:46,227 - ERROR - Error processing article 2101: string indices must be integers, not 'str'
2025-04-01 09:14:46,227 - ERROR - Error processing article 2102: string indices must be integers, not 'str'
2025-04-01 09:14:46,227 - ERROR - Error processing article 2103: string indices must be integers, not 'str'
2025-04-01 09:14:46,227 - ERROR - Error processing article 2104: string indices must be integers, not 'str'
2025-04-01 09:14:46,227 - ERROR - Error processing article 2105: string indices must be integers, not 'str'
2025-04-01 09:14:46,228 - ERROR - Error processing article 2106: string indices must be integers, not 'str'
2025-04-01 09:14:46,228 - ERROR - Error processing article 2107: string indices must be integers, not 'str'
2025-04-01 09:14:46,228 - ERROR - Error processing article 2108: string indices must be integers, not 'str'
2025-04-01 09:14:46,228 - ERROR - Error processing article 2109: string indices must be integers, not 'str'
2025-04-01 09:14:46,228 - ERROR - Error processing article 2110: string indices must be integers, not 'str'
2025-04-01 09:14:46,228 - ERROR - Error processing article 2111: string indices must be integers, not 'str'
2025-04-01 09:14:46,228 - ERROR - Error processing article 2112: string indices must be integers, not 'str'
2025-04-01 09:14:46,230 - ERROR - Error processing article 2113: string indices must be integers, not 'str'
2025-04-01 09:14:46,230 - ERROR - Error processing article 2114: string indices must be integers, not 'str'
2025-04-01 09:14:46,230 - ERROR - Error processing article 2115: string indices must be integers, not 'str'
2025-04-01 09:14:46,230 - ERROR - Error processing article 2116: string indices must be integers, not 'str'
2025-04-01 09:14:46,230 - ERROR - Error processing article 2117: string indices must be integers, not 'str'
2025-04-01 09:14:46,230 - ERROR - Error processing article 2118: string indices must be integers, not 'str'
2025-04-01 09:14:46,231 - ERROR - Error processing article 2119: string indices must be integers, not 'str'
2025-04-01 09:14:46,231 - ERROR - Error processing article 2120: string indices must be integers, not 'str'
2025-04-01 09:14:46,231 - ERROR - Error processing article 2121: string indices must be integers, not 'str'
2025-04-01 09:14:46,231 - ERROR - Error processing article 2122: string indices must be integers, not 'str'
2025-04-01 09:14:46,232 - ERROR - Error processing article 2123: string indices must be integers, not 'str'
2025-04-01 09:14:46,232 - ERROR - Error processing article 2124: string indices must be integers, not 'str'
2025-04-01 09:14:46,232 - ERROR - Error processing article 2125: string indices must be integers, not 'str'
2025-04-01 09:14:46,232 - ERROR - Error processing article 2126: string indices must be integers, not 'str'
2025-04-01 09:14:46,232 - ERROR - Error processing article 2127: string indices must be integers, not 'str'
2025-04-01 09:14:46,232 - ERROR - Error processing article 2128: string indices must be integers, not 'str'
2025-04-01 09:14:46,233 - ERROR - Error processing article 2129: string indices must be integers, not 'str'
2025-04-01 09:14:46,233 - ERROR - Error processing article 2130: string indices must be integers, not 'str'
2025-04-01 09:14:46,233 - ERROR - Error processing article 2131: string indices must be integers, not 'str'
2025-04-01 09:14:46,233 - ERROR - Error processing article 2132: string indices must be integers, not 'str'
2025-04-01 09:14:46,233 - ERROR - Error processing article 2133: string indices must be integers, not 'str'
2025-04-01 09:14:46,234 - ERROR - Error processing article 2134: string indices must be integers, not 'str'
2025-04-01 09:14:46,234 - ERROR - Error processing article 2135: string indices must be integers, not 'str'
2025-04-01 09:14:46,234 - ERROR - Error processing article 2136: string indices must be integers, not 'str'
2025-04-01 09:14:46,234 - ERROR - Error processing article 2137: string indices must be integers, not 'str'
2025-04-01 09:14:46,234 - ERROR - Error processing article 2138: string indices must be integers, not 'str'
2025-04-01 09:14:46,234 - ERROR - Error processing article 2139: string indices must be integers, not 'str'
2025-04-01 09:14:46,235 - ERROR - Error processing article 2140: string indices must be integers, not 'str'
2025-04-01 09:14:46,235 - ERROR - Error processing article 2141: string indices must be integers, not 'str'
2025-04-01 09:14:46,235 - ERROR - Error processing article 2142: string indices must be integers, not 'str'
2025-04-01 09:14:46,235 - ERROR - Error processing article 2143: string indices must be integers, not 'str'
2025-04-01 09:14:46,235 - ERROR - Error processing article 2144: string indices must be integers, not 'str'
2025-04-01 09:14:46,237 - ERROR - Error processing article 2145: string indices must be integers, not 'str'
2025-04-01 09:14:46,237 - ERROR - Error processing article 2146: string indices must be integers, not 'str'
2025-04-01 09:14:46,237 - ERROR - Error processing article 2147: string indices must be integers, not 'str'
2025-04-01 09:14:46,237 - ERROR - Error processing article 2148: string indices must be integers, not 'str'
2025-04-01 09:14:46,237 - ERROR - Error processing article 2149: string indices must be integers, not 'str'
2025-04-01 09:14:46,237 - ERROR - Error processing article 2150: string indices must be integers, not 'str'
2025-04-01 09:14:46,237 - ERROR - Error processing article 2151: string indices must be integers, not 'str'
2025-04-01 09:14:46,238 - ERROR - Error processing article 2152: string indices must be integers, not 'str'
2025-04-01 09:14:46,238 - ERROR - Error processing article 2153: string indices must be integers, not 'str'
2025-04-01 09:14:46,238 - ERROR - Error processing article 2154: string indices must be integers, not 'str'
2025-04-01 09:14:46,238 - ERROR - Error processing article 2155: string indices must be integers, not 'str'
2025-04-01 09:14:46,238 - ERROR - Error processing article 2156: string indices must be integers, not 'str'
2025-04-01 09:14:46,239 - ERROR - Error processing article 2157: string indices must be integers, not 'str'
2025-04-01 09:14:46,239 - ERROR - Error processing article 2158: string indices must be integers, not 'str'
2025-04-01 09:14:46,239 - ERROR - Error processing article 2159: string indices must be integers, not 'str'
2025-04-01 09:14:46,239 - ERROR - Error processing article 2160: string indices must be integers, not 'str'
2025-04-01 09:14:46,239 - ERROR - Error processing article 2161: string indices must be integers, not 'str'
2025-04-01 09:14:46,240 - ERROR - Error processing article 2162: string indices must be integers, not 'str'
2025-04-01 09:14:46,240 - ERROR - Error processing article 2163: string indices must be integers, not 'str'
2025-04-01 09:14:46,240 - ERROR - Error processing article 2164: string indices must be integers, not 'str'
2025-04-01 09:14:46,240 - ERROR - Error processing article 2165: string indices must be integers, not 'str'
2025-04-01 09:14:46,240 - ERROR - Error processing article 2166: string indices must be integers, not 'str'
2025-04-01 09:14:46,240 - ERROR - Error processing article 2167: string indices must be integers, not 'str'
2025-04-01 09:14:46,240 - ERROR - Error processing article 2168: string indices must be integers, not 'str'
2025-04-01 09:14:46,240 - ERROR - Error processing article 2169: string indices must be integers, not 'str'
2025-04-01 09:14:46,241 - ERROR - Error processing article 2170: string indices must be integers, not 'str'
2025-04-01 09:14:46,241 - ERROR - Error processing article 2171: string indices must be integers, not 'str'
2025-04-01 09:14:46,241 - ERROR - Error processing article 2172: string indices must be integers, not 'str'
2025-04-01 09:14:46,241 - ERROR - Error processing article 2173: string indices must be integers, not 'str'
2025-04-01 09:14:46,241 - ERROR - Error processing article 2174: string indices must be integers, not 'str'
2025-04-01 09:14:46,242 - ERROR - Error processing article 2175: string indices must be integers, not 'str'
2025-04-01 09:14:46,242 - ERROR - Error processing article 2176: string indices must be integers, not 'str'
2025-04-01 09:14:46,242 - ERROR - Error processing article 2177: string indices must be integers, not 'str'
2025-04-01 09:14:46,242 - ERROR - Error processing article 2178: string indices must be integers, not 'str'
2025-04-01 09:14:46,242 - ERROR - Error processing article 2179: string indices must be integers, not 'str'
2025-04-01 09:14:46,243 - ERROR - Error processing article 2180: string indices must be integers, not 'str'
2025-04-01 09:14:46,243 - ERROR - Error processing article 2181: string indices must be integers, not 'str'
2025-04-01 09:14:46,243 - ERROR - Error processing article 2182: string indices must be integers, not 'str'
2025-04-01 09:14:46,243 - ERROR - Error processing article 2183: string indices must be integers, not 'str'
2025-04-01 09:14:46,243 - ERROR - Error processing article 2184: string indices must be integers, not 'str'
2025-04-01 09:14:46,244 - ERROR - Error processing article 2185: string indices must be integers, not 'str'
2025-04-01 09:14:46,244 - ERROR - Error processing article 2186: string indices must be integers, not 'str'
2025-04-01 09:14:46,244 - ERROR - Error processing article 2187: string indices must be integers, not 'str'
2025-04-01 09:14:46,244 - ERROR - Error processing article 2188: string indices must be integers, not 'str'
2025-04-01 09:14:46,244 - ERROR - Error processing article 2189: string indices must be integers, not 'str'
2025-04-01 09:14:46,244 - ERROR - Error processing article 2190: string indices must be integers, not 'str'
2025-04-01 09:14:46,244 - ERROR - Error processing article 2191: string indices must be integers, not 'str'
2025-04-01 09:14:46,244 - ERROR - Error processing article 2192: string indices must be integers, not 'str'
2025-04-01 09:14:46,246 - ERROR - Error processing article 2193: string indices must be integers, not 'str'
2025-04-01 09:14:46,246 - ERROR - Error processing article 2194: string indices must be integers, not 'str'
2025-04-01 09:14:46,246 - ERROR - Error processing article 2195: string indices must be integers, not 'str'
2025-04-01 09:14:46,246 - ERROR - Error processing article 2196: string indices must be integers, not 'str'
2025-04-01 09:14:46,246 - ERROR - Error processing article 2197: string indices must be integers, not 'str'
2025-04-01 09:14:46,247 - ERROR - Error processing article 2198: string indices must be integers, not 'str'
2025-04-01 09:14:46,247 - ERROR - Error processing article 2199: string indices must be integers, not 'str'
2025-04-01 09:14:46,247 - INFO - Processed 2200/4459 articles
2025-04-01 09:14:46,247 - ERROR - Error processing article 2200: string indices must be integers, not 'str'
2025-04-01 09:14:46,247 - ERROR - Error processing article 2201: string indices must be integers, not 'str'
2025-04-01 09:14:46,247 - ERROR - Error processing article 2202: string indices must be integers, not 'str'
2025-04-01 09:14:46,248 - ERROR - Error processing article 2203: string indices must be integers, not 'str'
2025-04-01 09:14:46,248 - ERROR - Error processing article 2204: string indices must be integers, not 'str'
2025-04-01 09:14:46,248 - ERROR - Error processing article 2205: string indices must be integers, not 'str'
2025-04-01 09:14:46,248 - ERROR - Error processing article 2206: string indices must be integers, not 'str'
2025-04-01 09:14:46,249 - ERROR - Error processing article 2207: string indices must be integers, not 'str'
2025-04-01 09:14:46,249 - ERROR - Error processing article 2208: string indices must be integers, not 'str'
2025-04-01 09:14:46,249 - ERROR - Error processing article 2209: string indices must be integers, not 'str'
2025-04-01 09:14:46,250 - ERROR - Error processing article 2210: string indices must be integers, not 'str'
2025-04-01 09:14:46,250 - ERROR - Error processing article 2211: string indices must be integers, not 'str'
2025-04-01 09:14:46,250 - ERROR - Error processing article 2212: string indices must be integers, not 'str'
2025-04-01 09:14:46,250 - ERROR - Error processing article 2213: string indices must be integers, not 'str'
2025-04-01 09:14:46,250 - ERROR - Error processing article 2214: string indices must be integers, not 'str'
2025-04-01 09:14:46,250 - ERROR - Error processing article 2215: string indices must be integers, not 'str'
2025-04-01 09:14:46,250 - ERROR - Error processing article 2216: string indices must be integers, not 'str'
2025-04-01 09:14:46,250 - ERROR - Error processing article 2217: string indices must be integers, not 'str'
2025-04-01 09:14:46,250 - ERROR - Error processing article 2218: string indices must be integers, not 'str'
2025-04-01 09:14:46,250 - ERROR - Error processing article 2219: string indices must be integers, not 'str'
2025-04-01 09:14:46,250 - ERROR - Error processing article 2220: string indices must be integers, not 'str'
2025-04-01 09:14:46,250 - ERROR - Error processing article 2221: string indices must be integers, not 'str'
2025-04-01 09:14:46,250 - ERROR - Error processing article 2222: string indices must be integers, not 'str'
2025-04-01 09:14:46,250 - ERROR - Error processing article 2223: string indices must be integers, not 'str'
2025-04-01 09:14:46,250 - ERROR - Error processing article 2224: string indices must be integers, not 'str'
2025-04-01 09:14:46,250 - ERROR - Error processing article 2225: string indices must be integers, not 'str'
2025-04-01 09:14:46,250 - ERROR - Error processing article 2226: string indices must be integers, not 'str'
2025-04-01 09:14:46,250 - ERROR - Error processing article 2227: string indices must be integers, not 'str'
2025-04-01 09:14:46,250 - ERROR - Error processing article 2228: string indices must be integers, not 'str'
2025-04-01 09:14:46,250 - ERROR - Error processing article 2229: string indices must be integers, not 'str'
2025-04-01 09:14:46,250 - ERROR - Error processing article 2230: string indices must be integers, not 'str'
2025-04-01 09:14:46,250 - ERROR - Error processing article 2231: string indices must be integers, not 'str'
2025-04-01 09:14:46,250 - ERROR - Error processing article 2232: string indices must be integers, not 'str'
2025-04-01 09:14:46,255 - ERROR - Error processing article 2233: string indices must be integers, not 'str'
2025-04-01 09:14:46,255 - ERROR - Error processing article 2234: string indices must be integers, not 'str'
2025-04-01 09:14:46,255 - ERROR - Error processing article 2235: string indices must be integers, not 'str'
2025-04-01 09:14:46,255 - ERROR - Error processing article 2236: string indices must be integers, not 'str'
2025-04-01 09:14:46,255 - ERROR - Error processing article 2237: string indices must be integers, not 'str'
2025-04-01 09:14:46,255 - ERROR - Error processing article 2238: string indices must be integers, not 'str'
2025-04-01 09:14:46,255 - ERROR - Error processing article 2239: string indices must be integers, not 'str'
2025-04-01 09:14:46,256 - ERROR - Error processing article 2240: string indices must be integers, not 'str'
2025-04-01 09:14:46,256 - ERROR - Error processing article 2241: string indices must be integers, not 'str'
2025-04-01 09:14:46,256 - ERROR - Error processing article 2242: string indices must be integers, not 'str'
2025-04-01 09:14:46,256 - ERROR - Error processing article 2243: string indices must be integers, not 'str'
2025-04-01 09:14:46,256 - ERROR - Error processing article 2244: string indices must be integers, not 'str'
2025-04-01 09:14:46,256 - ERROR - Error processing article 2245: string indices must be integers, not 'str'
2025-04-01 09:14:46,257 - ERROR - Error processing article 2246: string indices must be integers, not 'str'
2025-04-01 09:14:46,257 - ERROR - Error processing article 2247: string indices must be integers, not 'str'
2025-04-01 09:14:46,257 - ERROR - Error processing article 2248: string indices must be integers, not 'str'
2025-04-01 09:14:46,257 - ERROR - Error processing article 2249: string indices must be integers, not 'str'
2025-04-01 09:14:46,258 - ERROR - Error processing article 2250: string indices must be integers, not 'str'
2025-04-01 09:14:46,258 - ERROR - Error processing article 2251: string indices must be integers, not 'str'
2025-04-01 09:14:46,258 - ERROR - Error processing article 2252: string indices must be integers, not 'str'
2025-04-01 09:14:46,258 - ERROR - Error processing article 2253: string indices must be integers, not 'str'
2025-04-01 09:14:46,258 - ERROR - Error processing article 2254: string indices must be integers, not 'str'
2025-04-01 09:14:46,259 - ERROR - Error processing article 2255: string indices must be integers, not 'str'
2025-04-01 09:14:46,259 - ERROR - Error processing article 2256: string indices must be integers, not 'str'
2025-04-01 09:14:46,260 - ERROR - Error processing article 2257: string indices must be integers, not 'str'
2025-04-01 09:14:46,260 - ERROR - Error processing article 2258: string indices must be integers, not 'str'
2025-04-01 09:14:46,260 - ERROR - Error processing article 2259: string indices must be integers, not 'str'
2025-04-01 09:14:46,260 - ERROR - Error processing article 2260: string indices must be integers, not 'str'
2025-04-01 09:14:46,260 - ERROR - Error processing article 2261: string indices must be integers, not 'str'
2025-04-01 09:14:46,260 - ERROR - Error processing article 2262: string indices must be integers, not 'str'
2025-04-01 09:14:46,260 - ERROR - Error processing article 2263: string indices must be integers, not 'str'
2025-04-01 09:14:46,260 - ERROR - Error processing article 2264: string indices must be integers, not 'str'
2025-04-01 09:14:46,260 - ERROR - Error processing article 2265: string indices must be integers, not 'str'
2025-04-01 09:14:46,260 - ERROR - Error processing article 2266: string indices must be integers, not 'str'
2025-04-01 09:14:46,260 - ERROR - Error processing article 2267: string indices must be integers, not 'str'
2025-04-01 09:14:46,262 - ERROR - Error processing article 2268: string indices must be integers, not 'str'
2025-04-01 09:14:46,262 - ERROR - Error processing article 2269: string indices must be integers, not 'str'
2025-04-01 09:14:46,262 - ERROR - Error processing article 2270: string indices must be integers, not 'str'
2025-04-01 09:14:46,262 - ERROR - Error processing article 2271: string indices must be integers, not 'str'
2025-04-01 09:14:46,262 - ERROR - Error processing article 2272: string indices must be integers, not 'str'
2025-04-01 09:14:46,262 - ERROR - Error processing article 2273: string indices must be integers, not 'str'
2025-04-01 09:14:46,262 - ERROR - Error processing article 2274: string indices must be integers, not 'str'
2025-04-01 09:14:46,263 - ERROR - Error processing article 2275: string indices must be integers, not 'str'
2025-04-01 09:14:46,263 - ERROR - Error processing article 2276: string indices must be integers, not 'str'
2025-04-01 09:14:46,263 - ERROR - Error processing article 2277: string indices must be integers, not 'str'
2025-04-01 09:14:46,263 - ERROR - Error processing article 2278: string indices must be integers, not 'str'
2025-04-01 09:14:46,263 - ERROR - Error processing article 2279: string indices must be integers, not 'str'
2025-04-01 09:14:46,264 - ERROR - Error processing article 2280: string indices must be integers, not 'str'
2025-04-01 09:14:46,264 - ERROR - Error processing article 2281: string indices must be integers, not 'str'
2025-04-01 09:14:46,264 - ERROR - Error processing article 2282: string indices must be integers, not 'str'
2025-04-01 09:14:46,264 - ERROR - Error processing article 2283: string indices must be integers, not 'str'
2025-04-01 09:14:46,264 - ERROR - Error processing article 2284: string indices must be integers, not 'str'
2025-04-01 09:14:46,265 - ERROR - Error processing article 2285: string indices must be integers, not 'str'
2025-04-01 09:14:46,265 - ERROR - Error processing article 2286: string indices must be integers, not 'str'
2025-04-01 09:14:46,265 - ERROR - Error processing article 2287: string indices must be integers, not 'str'
2025-04-01 09:14:46,265 - ERROR - Error processing article 2288: string indices must be integers, not 'str'
2025-04-01 09:14:46,266 - ERROR - Error processing article 2289: string indices must be integers, not 'str'
2025-04-01 09:14:46,266 - ERROR - Error processing article 2290: string indices must be integers, not 'str'
2025-04-01 09:14:46,266 - ERROR - Error processing article 2291: string indices must be integers, not 'str'
2025-04-01 09:14:46,266 - ERROR - Error processing article 2292: string indices must be integers, not 'str'
2025-04-01 09:14:46,266 - ERROR - Error processing article 2293: string indices must be integers, not 'str'
2025-04-01 09:14:46,266 - ERROR - Error processing article 2294: string indices must be integers, not 'str'
2025-04-01 09:14:46,268 - ERROR - Error processing article 2295: string indices must be integers, not 'str'
2025-04-01 09:14:46,268 - ERROR - Error processing article 2296: string indices must be integers, not 'str'
2025-04-01 09:14:46,268 - ERROR - Error processing article 2297: string indices must be integers, not 'str'
2025-04-01 09:14:46,268 - ERROR - Error processing article 2298: string indices must be integers, not 'str'
2025-04-01 09:14:46,268 - ERROR - Error processing article 2299: string indices must be integers, not 'str'
2025-04-01 09:14:46,269 - INFO - Processed 2300/4459 articles
2025-04-01 09:14:46,269 - ERROR - Error processing article 2300: string indices must be integers, not 'str'
2025-04-01 09:14:46,269 - ERROR - Error processing article 2301: string indices must be integers, not 'str'
2025-04-01 09:14:46,269 - ERROR - Error processing article 2302: string indices must be integers, not 'str'
2025-04-01 09:14:46,269 - ERROR - Error processing article 2303: string indices must be integers, not 'str'
2025-04-01 09:14:46,269 - ERROR - Error processing article 2304: string indices must be integers, not 'str'
2025-04-01 09:14:46,270 - ERROR - Error processing article 2305: string indices must be integers, not 'str'
2025-04-01 09:14:46,270 - ERROR - Error processing article 2306: string indices must be integers, not 'str'
2025-04-01 09:14:46,270 - ERROR - Error processing article 2307: string indices must be integers, not 'str'
2025-04-01 09:14:46,270 - ERROR - Error processing article 2308: string indices must be integers, not 'str'
2025-04-01 09:14:46,270 - ERROR - Error processing article 2309: string indices must be integers, not 'str'
2025-04-01 09:14:46,271 - ERROR - Error processing article 2310: string indices must be integers, not 'str'
2025-04-01 09:14:46,271 - ERROR - Error processing article 2311: string indices must be integers, not 'str'
2025-04-01 09:14:46,271 - ERROR - Error processing article 2312: string indices must be integers, not 'str'
2025-04-01 09:14:46,271 - ERROR - Error processing article 2313: string indices must be integers, not 'str'
2025-04-01 09:14:46,271 - ERROR - Error processing article 2314: string indices must be integers, not 'str'
2025-04-01 09:14:46,272 - ERROR - Error processing article 2315: string indices must be integers, not 'str'
2025-04-01 09:14:46,272 - ERROR - Error processing article 2316: string indices must be integers, not 'str'
2025-04-01 09:14:46,272 - ERROR - Error processing article 2317: string indices must be integers, not 'str'
2025-04-01 09:14:46,272 - ERROR - Error processing article 2318: string indices must be integers, not 'str'
2025-04-01 09:14:46,272 - ERROR - Error processing article 2319: string indices must be integers, not 'str'
2025-04-01 09:14:46,272 - ERROR - Error processing article 2320: string indices must be integers, not 'str'
2025-04-01 09:14:46,273 - ERROR - Error processing article 2321: string indices must be integers, not 'str'
2025-04-01 09:14:46,273 - ERROR - Error processing article 2322: string indices must be integers, not 'str'
2025-04-01 09:14:46,273 - ERROR - Error processing article 2323: string indices must be integers, not 'str'
2025-04-01 09:14:46,273 - ERROR - Error processing article 2324: string indices must be integers, not 'str'
2025-04-01 09:14:46,274 - ERROR - Error processing article 2325: string indices must be integers, not 'str'
2025-04-01 09:14:46,274 - ERROR - Error processing article 2326: string indices must be integers, not 'str'
2025-04-01 09:14:46,274 - ERROR - Error processing article 2327: string indices must be integers, not 'str'
2025-04-01 09:14:46,274 - ERROR - Error processing article 2328: string indices must be integers, not 'str'
2025-04-01 09:14:46,274 - ERROR - Error processing article 2329: string indices must be integers, not 'str'
2025-04-01 09:14:46,275 - ERROR - Error processing article 2330: string indices must be integers, not 'str'
2025-04-01 09:14:46,275 - ERROR - Error processing article 2331: string indices must be integers, not 'str'
2025-04-01 09:14:46,275 - ERROR - Error processing article 2332: string indices must be integers, not 'str'
2025-04-01 09:14:46,275 - ERROR - Error processing article 2333: string indices must be integers, not 'str'
2025-04-01 09:14:46,275 - ERROR - Error processing article 2334: string indices must be integers, not 'str'
2025-04-01 09:14:46,276 - ERROR - Error processing article 2335: string indices must be integers, not 'str'
2025-04-01 09:14:46,276 - ERROR - Error processing article 2336: string indices must be integers, not 'str'
2025-04-01 09:14:46,276 - ERROR - Error processing article 2337: string indices must be integers, not 'str'
2025-04-01 09:14:46,276 - ERROR - Error processing article 2338: string indices must be integers, not 'str'
2025-04-01 09:14:46,276 - ERROR - Error processing article 2339: string indices must be integers, not 'str'
2025-04-01 09:14:46,276 - ERROR - Error processing article 2340: string indices must be integers, not 'str'
2025-04-01 09:14:46,277 - ERROR - Error processing article 2341: string indices must be integers, not 'str'
2025-04-01 09:14:46,277 - ERROR - Error processing article 2342: string indices must be integers, not 'str'
2025-04-01 09:14:46,277 - ERROR - Error processing article 2343: string indices must be integers, not 'str'
2025-04-01 09:14:46,277 - ERROR - Error processing article 2344: string indices must be integers, not 'str'
2025-04-01 09:14:46,277 - ERROR - Error processing article 2345: string indices must be integers, not 'str'
2025-04-01 09:14:46,277 - ERROR - Error processing article 2346: string indices must be integers, not 'str'
2025-04-01 09:14:46,278 - ERROR - Error processing article 2347: string indices must be integers, not 'str'
2025-04-01 09:14:46,278 - ERROR - Error processing article 2348: string indices must be integers, not 'str'
2025-04-01 09:14:46,278 - ERROR - Error processing article 2349: string indices must be integers, not 'str'
2025-04-01 09:14:46,278 - ERROR - Error processing article 2350: string indices must be integers, not 'str'
2025-04-01 09:14:46,278 - ERROR - Error processing article 2351: string indices must be integers, not 'str'
2025-04-01 09:14:46,278 - ERROR - Error processing article 2352: string indices must be integers, not 'str'
2025-04-01 09:14:46,279 - ERROR - Error processing article 2353: string indices must be integers, not 'str'
2025-04-01 09:14:46,279 - ERROR - Error processing article 2354: string indices must be integers, not 'str'
2025-04-01 09:14:46,279 - ERROR - Error processing article 2355: string indices must be integers, not 'str'
2025-04-01 09:14:46,279 - ERROR - Error processing article 2356: string indices must be integers, not 'str'
2025-04-01 09:14:46,279 - ERROR - Error processing article 2357: string indices must be integers, not 'str'
2025-04-01 09:14:46,279 - ERROR - Error processing article 2358: string indices must be integers, not 'str'
2025-04-01 09:14:46,280 - ERROR - Error processing article 2359: string indices must be integers, not 'str'
2025-04-01 09:14:46,280 - ERROR - Error processing article 2360: string indices must be integers, not 'str'
2025-04-01 09:14:46,280 - ERROR - Error processing article 2361: string indices must be integers, not 'str'
2025-04-01 09:14:46,280 - ERROR - Error processing article 2362: string indices must be integers, not 'str'
2025-04-01 09:14:46,281 - ERROR - Error processing article 2363: string indices must be integers, not 'str'
2025-04-01 09:14:46,281 - ERROR - Error processing article 2364: string indices must be integers, not 'str'
2025-04-01 09:14:46,281 - ERROR - Error processing article 2365: string indices must be integers, not 'str'
2025-04-01 09:14:46,281 - ERROR - Error processing article 2366: string indices must be integers, not 'str'
2025-04-01 09:14:46,281 - ERROR - Error processing article 2367: string indices must be integers, not 'str'
2025-04-01 09:14:46,282 - ERROR - Error processing article 2368: string indices must be integers, not 'str'
2025-04-01 09:14:46,282 - ERROR - Error processing article 2369: string indices must be integers, not 'str'
2025-04-01 09:14:46,282 - ERROR - Error processing article 2370: string indices must be integers, not 'str'
2025-04-01 09:14:46,282 - ERROR - Error processing article 2371: string indices must be integers, not 'str'
2025-04-01 09:14:46,282 - ERROR - Error processing article 2372: string indices must be integers, not 'str'
2025-04-01 09:14:46,283 - ERROR - Error processing article 2373: string indices must be integers, not 'str'
2025-04-01 09:14:46,283 - ERROR - Error processing article 2374: string indices must be integers, not 'str'
2025-04-01 09:14:46,283 - ERROR - Error processing article 2375: string indices must be integers, not 'str'
2025-04-01 09:14:46,283 - ERROR - Error processing article 2376: string indices must be integers, not 'str'
2025-04-01 09:14:46,283 - ERROR - Error processing article 2377: string indices must be integers, not 'str'
2025-04-01 09:14:46,284 - ERROR - Error processing article 2378: string indices must be integers, not 'str'
2025-04-01 09:14:46,284 - ERROR - Error processing article 2379: string indices must be integers, not 'str'
2025-04-01 09:14:46,284 - ERROR - Error processing article 2380: string indices must be integers, not 'str'
2025-04-01 09:14:46,284 - ERROR - Error processing article 2381: string indices must be integers, not 'str'
2025-04-01 09:14:46,284 - ERROR - Error processing article 2382: string indices must be integers, not 'str'
2025-04-01 09:14:46,284 - ERROR - Error processing article 2383: string indices must be integers, not 'str'
2025-04-01 09:14:46,285 - ERROR - Error processing article 2384: string indices must be integers, not 'str'
2025-04-01 09:14:46,285 - ERROR - Error processing article 2385: string indices must be integers, not 'str'
2025-04-01 09:14:46,285 - ERROR - Error processing article 2386: string indices must be integers, not 'str'
2025-04-01 09:14:46,285 - ERROR - Error processing article 2387: string indices must be integers, not 'str'
2025-04-01 09:14:46,285 - ERROR - Error processing article 2388: string indices must be integers, not 'str'
2025-04-01 09:14:46,287 - ERROR - Error processing article 2389: string indices must be integers, not 'str'
2025-04-01 09:14:46,287 - ERROR - Error processing article 2390: string indices must be integers, not 'str'
2025-04-01 09:14:46,287 - ERROR - Error processing article 2391: string indices must be integers, not 'str'
2025-04-01 09:14:46,287 - ERROR - Error processing article 2392: string indices must be integers, not 'str'
2025-04-01 09:14:46,287 - ERROR - Error processing article 2393: string indices must be integers, not 'str'
2025-04-01 09:14:46,288 - ERROR - Error processing article 2394: string indices must be integers, not 'str'
2025-04-01 09:14:46,288 - ERROR - Error processing article 2395: string indices must be integers, not 'str'
2025-04-01 09:14:46,288 - ERROR - Error processing article 2396: string indices must be integers, not 'str'
2025-04-01 09:14:46,288 - ERROR - Error processing article 2397: string indices must be integers, not 'str'
2025-04-01 09:14:46,288 - ERROR - Error processing article 2398: string indices must be integers, not 'str'
2025-04-01 09:14:46,288 - ERROR - Error processing article 2399: string indices must be integers, not 'str'
2025-04-01 09:14:46,289 - INFO - Processed 2400/4459 articles
2025-04-01 09:14:46,289 - ERROR - Error processing article 2400: string indices must be integers, not 'str'
2025-04-01 09:14:46,289 - ERROR - Error processing article 2401: string indices must be integers, not 'str'
2025-04-01 09:14:46,289 - ERROR - Error processing article 2402: string indices must be integers, not 'str'
2025-04-01 09:14:46,289 - ERROR - Error processing article 2403: string indices must be integers, not 'str'
2025-04-01 09:14:46,289 - ERROR - Error processing article 2404: string indices must be integers, not 'str'
2025-04-01 09:14:46,290 - ERROR - Error processing article 2405: string indices must be integers, not 'str'
2025-04-01 09:14:46,290 - ERROR - Error processing article 2406: string indices must be integers, not 'str'
2025-04-01 09:14:46,290 - ERROR - Error processing article 2407: string indices must be integers, not 'str'
2025-04-01 09:14:46,290 - ERROR - Error processing article 2408: string indices must be integers, not 'str'
2025-04-01 09:14:46,290 - ERROR - Error processing article 2409: string indices must be integers, not 'str'
2025-04-01 09:14:46,290 - ERROR - Error processing article 2410: string indices must be integers, not 'str'
2025-04-01 09:14:46,291 - ERROR - Error processing article 2411: string indices must be integers, not 'str'
2025-04-01 09:14:46,291 - ERROR - Error processing article 2412: string indices must be integers, not 'str'
2025-04-01 09:14:46,291 - ERROR - Error processing article 2413: string indices must be integers, not 'str'
2025-04-01 09:14:46,291 - ERROR - Error processing article 2414: string indices must be integers, not 'str'
2025-04-01 09:14:46,291 - ERROR - Error processing article 2415: string indices must be integers, not 'str'
2025-04-01 09:14:46,292 - ERROR - Error processing article 2416: string indices must be integers, not 'str'
2025-04-01 09:14:46,292 - ERROR - Error processing article 2417: string indices must be integers, not 'str'
2025-04-01 09:14:46,292 - ERROR - Error processing article 2418: string indices must be integers, not 'str'
2025-04-01 09:14:46,292 - ERROR - Error processing article 2419: string indices must be integers, not 'str'
2025-04-01 09:14:46,292 - ERROR - Error processing article 2420: string indices must be integers, not 'str'
2025-04-01 09:14:46,292 - ERROR - Error processing article 2421: string indices must be integers, not 'str'
2025-04-01 09:14:46,293 - ERROR - Error processing article 2422: string indices must be integers, not 'str'
2025-04-01 09:14:46,293 - ERROR - Error processing article 2423: string indices must be integers, not 'str'
2025-04-01 09:14:46,293 - ERROR - Error processing article 2424: string indices must be integers, not 'str'
2025-04-01 09:14:46,293 - ERROR - Error processing article 2425: string indices must be integers, not 'str'
2025-04-01 09:14:46,293 - ERROR - Error processing article 2426: string indices must be integers, not 'str'
2025-04-01 09:14:46,294 - ERROR - Error processing article 2427: string indices must be integers, not 'str'
2025-04-01 09:14:46,294 - ERROR - Error processing article 2428: string indices must be integers, not 'str'
2025-04-01 09:14:46,294 - ERROR - Error processing article 2429: string indices must be integers, not 'str'
2025-04-01 09:14:46,294 - ERROR - Error processing article 2430: string indices must be integers, not 'str'
2025-04-01 09:14:46,294 - ERROR - Error processing article 2431: string indices must be integers, not 'str'
2025-04-01 09:14:46,294 - ERROR - Error processing article 2432: string indices must be integers, not 'str'
2025-04-01 09:14:46,296 - ERROR - Error processing article 2433: string indices must be integers, not 'str'
2025-04-01 09:14:46,296 - ERROR - Error processing article 2434: string indices must be integers, not 'str'
2025-04-01 09:14:46,296 - ERROR - Error processing article 2435: string indices must be integers, not 'str'
2025-04-01 09:14:46,296 - ERROR - Error processing article 2436: string indices must be integers, not 'str'
2025-04-01 09:14:46,296 - ERROR - Error processing article 2437: string indices must be integers, not 'str'
2025-04-01 09:14:46,296 - ERROR - Error processing article 2438: string indices must be integers, not 'str'
2025-04-01 09:14:46,297 - ERROR - Error processing article 2439: string indices must be integers, not 'str'
2025-04-01 09:14:46,297 - ERROR - Error processing article 2440: string indices must be integers, not 'str'
2025-04-01 09:14:46,297 - ERROR - Error processing article 2441: string indices must be integers, not 'str'
2025-04-01 09:14:46,297 - ERROR - Error processing article 2442: string indices must be integers, not 'str'
2025-04-01 09:14:46,297 - ERROR - Error processing article 2443: string indices must be integers, not 'str'
2025-04-01 09:14:46,298 - ERROR - Error processing article 2444: string indices must be integers, not 'str'
2025-04-01 09:14:46,298 - ERROR - Error processing article 2445: string indices must be integers, not 'str'
2025-04-01 09:14:46,298 - ERROR - Error processing article 2446: string indices must be integers, not 'str'
2025-04-01 09:14:46,298 - ERROR - Error processing article 2447: string indices must be integers, not 'str'
2025-04-01 09:14:46,299 - ERROR - Error processing article 2448: string indices must be integers, not 'str'
2025-04-01 09:14:46,299 - ERROR - Error processing article 2449: string indices must be integers, not 'str'
2025-04-01 09:14:46,299 - ERROR - Error processing article 2450: string indices must be integers, not 'str'
2025-04-01 09:14:46,299 - ERROR - Error processing article 2451: string indices must be integers, not 'str'
2025-04-01 09:14:46,299 - ERROR - Error processing article 2452: string indices must be integers, not 'str'
2025-04-01 09:14:46,299 - ERROR - Error processing article 2453: string indices must be integers, not 'str'
2025-04-01 09:14:46,299 - ERROR - Error processing article 2454: string indices must be integers, not 'str'
2025-04-01 09:14:46,299 - ERROR - Error processing article 2455: string indices must be integers, not 'str'
2025-04-01 09:14:46,299 - ERROR - Error processing article 2456: string indices must be integers, not 'str'
2025-04-01 09:14:46,299 - ERROR - Error processing article 2457: string indices must be integers, not 'str'
2025-04-01 09:14:46,301 - ERROR - Error processing article 2458: string indices must be integers, not 'str'
2025-04-01 09:14:46,301 - ERROR - Error processing article 2459: string indices must be integers, not 'str'
2025-04-01 09:14:46,301 - ERROR - Error processing article 2460: string indices must be integers, not 'str'
2025-04-01 09:14:46,301 - ERROR - Error processing article 2461: string indices must be integers, not 'str'
2025-04-01 09:14:46,301 - ERROR - Error processing article 2462: string indices must be integers, not 'str'
2025-04-01 09:14:46,301 - ERROR - Error processing article 2463: string indices must be integers, not 'str'
2025-04-01 09:14:46,301 - ERROR - Error processing article 2464: string indices must be integers, not 'str'
2025-04-01 09:14:46,301 - ERROR - Error processing article 2465: string indices must be integers, not 'str'
2025-04-01 09:14:46,301 - ERROR - Error processing article 2466: string indices must be integers, not 'str'
2025-04-01 09:14:46,301 - ERROR - Error processing article 2467: string indices must be integers, not 'str'
2025-04-01 09:14:46,303 - ERROR - Error processing article 2468: string indices must be integers, not 'str'
2025-04-01 09:14:46,303 - ERROR - Error processing article 2469: string indices must be integers, not 'str'
2025-04-01 09:14:46,303 - ERROR - Error processing article 2470: string indices must be integers, not 'str'
2025-04-01 09:14:46,303 - ERROR - Error processing article 2471: string indices must be integers, not 'str'
2025-04-01 09:14:46,303 - ERROR - Error processing article 2472: string indices must be integers, not 'str'
2025-04-01 09:14:46,303 - ERROR - Error processing article 2473: string indices must be integers, not 'str'
2025-04-01 09:14:46,304 - ERROR - Error processing article 2474: string indices must be integers, not 'str'
2025-04-01 09:14:46,304 - ERROR - Error processing article 2475: string indices must be integers, not 'str'
2025-04-01 09:14:46,305 - ERROR - Error processing article 2476: string indices must be integers, not 'str'
2025-04-01 09:14:46,305 - ERROR - Error processing article 2477: string indices must be integers, not 'str'
2025-04-01 09:14:46,305 - ERROR - Error processing article 2478: string indices must be integers, not 'str'
2025-04-01 09:14:46,305 - ERROR - Error processing article 2479: string indices must be integers, not 'str'
2025-04-01 09:14:46,305 - ERROR - Error processing article 2480: string indices must be integers, not 'str'
2025-04-01 09:14:46,306 - ERROR - Error processing article 2481: string indices must be integers, not 'str'
2025-04-01 09:14:46,306 - ERROR - Error processing article 2482: string indices must be integers, not 'str'
2025-04-01 09:14:46,306 - ERROR - Error processing article 2483: string indices must be integers, not 'str'
2025-04-01 09:14:46,306 - ERROR - Error processing article 2484: string indices must be integers, not 'str'
2025-04-01 09:14:46,306 - ERROR - Error processing article 2485: string indices must be integers, not 'str'
2025-04-01 09:14:46,307 - ERROR - Error processing article 2486: string indices must be integers, not 'str'
2025-04-01 09:14:46,307 - ERROR - Error processing article 2487: string indices must be integers, not 'str'
2025-04-01 09:14:46,307 - ERROR - Error processing article 2488: string indices must be integers, not 'str'
2025-04-01 09:14:46,307 - ERROR - Error processing article 2489: string indices must be integers, not 'str'
2025-04-01 09:14:46,307 - ERROR - Error processing article 2490: string indices must be integers, not 'str'
2025-04-01 09:14:46,307 - ERROR - Error processing article 2491: string indices must be integers, not 'str'
2025-04-01 09:14:46,308 - ERROR - Error processing article 2492: string indices must be integers, not 'str'
2025-04-01 09:14:46,308 - ERROR - Error processing article 2493: string indices must be integers, not 'str'
2025-04-01 09:14:46,308 - ERROR - Error processing article 2494: string indices must be integers, not 'str'
2025-04-01 09:14:46,308 - ERROR - Error processing article 2495: string indices must be integers, not 'str'
2025-04-01 09:14:46,308 - ERROR - Error processing article 2496: string indices must be integers, not 'str'
2025-04-01 09:14:46,308 - ERROR - Error processing article 2497: string indices must be integers, not 'str'
2025-04-01 09:14:46,308 - ERROR - Error processing article 2498: string indices must be integers, not 'str'
2025-04-01 09:14:46,309 - ERROR - Error processing article 2499: string indices must be integers, not 'str'
2025-04-01 09:14:46,309 - INFO - Processed 2500/4459 articles
2025-04-01 09:14:46,309 - ERROR - Error processing article 2500: string indices must be integers, not 'str'
2025-04-01 09:14:46,309 - ERROR - Error processing article 2501: string indices must be integers, not 'str'
2025-04-01 09:14:46,309 - ERROR - Error processing article 2502: string indices must be integers, not 'str'
2025-04-01 09:14:46,309 - ERROR - Error processing article 2503: string indices must be integers, not 'str'
2025-04-01 09:14:46,309 - ERROR - Error processing article 2504: string indices must be integers, not 'str'
2025-04-01 09:14:46,309 - ERROR - Error processing article 2505: string indices must be integers, not 'str'
2025-04-01 09:14:46,309 - ERROR - Error processing article 2506: string indices must be integers, not 'str'
2025-04-01 09:14:46,309 - ERROR - Error processing article 2507: string indices must be integers, not 'str'
2025-04-01 09:14:46,309 - ERROR - Error processing article 2508: string indices must be integers, not 'str'
2025-04-01 09:14:46,309 - ERROR - Error processing article 2509: string indices must be integers, not 'str'
2025-04-01 09:14:46,311 - ERROR - Error processing article 2510: string indices must be integers, not 'str'
2025-04-01 09:14:46,311 - ERROR - Error processing article 2511: string indices must be integers, not 'str'
2025-04-01 09:14:46,311 - ERROR - Error processing article 2512: string indices must be integers, not 'str'
2025-04-01 09:14:46,311 - ERROR - Error processing article 2513: string indices must be integers, not 'str'
2025-04-01 09:14:46,311 - ERROR - Error processing article 2514: string indices must be integers, not 'str'
2025-04-01 09:14:46,311 - ERROR - Error processing article 2515: string indices must be integers, not 'str'
2025-04-01 09:14:46,313 - ERROR - Error processing article 2516: string indices must be integers, not 'str'
2025-04-01 09:14:46,313 - ERROR - Error processing article 2517: string indices must be integers, not 'str'
2025-04-01 09:14:46,313 - ERROR - Error processing article 2518: string indices must be integers, not 'str'
2025-04-01 09:14:46,313 - ERROR - Error processing article 2519: string indices must be integers, not 'str'
2025-04-01 09:14:46,313 - ERROR - Error processing article 2520: string indices must be integers, not 'str'
2025-04-01 09:14:46,314 - ERROR - Error processing article 2521: string indices must be integers, not 'str'
2025-04-01 09:14:46,314 - ERROR - Error processing article 2522: string indices must be integers, not 'str'
2025-04-01 09:14:46,314 - ERROR - Error processing article 2523: string indices must be integers, not 'str'
2025-04-01 09:14:46,314 - ERROR - Error processing article 2524: string indices must be integers, not 'str'
2025-04-01 09:14:46,314 - ERROR - Error processing article 2525: string indices must be integers, not 'str'
2025-04-01 09:14:46,314 - ERROR - Error processing article 2526: string indices must be integers, not 'str'
2025-04-01 09:14:46,314 - ERROR - Error processing article 2527: string indices must be integers, not 'str'
2025-04-01 09:14:46,315 - ERROR - Error processing article 2528: string indices must be integers, not 'str'
2025-04-01 09:14:46,315 - ERROR - Error processing article 2529: string indices must be integers, not 'str'
2025-04-01 09:14:46,315 - ERROR - Error processing article 2530: string indices must be integers, not 'str'
2025-04-01 09:14:46,315 - ERROR - Error processing article 2531: string indices must be integers, not 'str'
2025-04-01 09:14:46,316 - ERROR - Error processing article 2532: string indices must be integers, not 'str'
2025-04-01 09:14:46,316 - ERROR - Error processing article 2533: string indices must be integers, not 'str'
2025-04-01 09:14:46,316 - ERROR - Error processing article 2534: string indices must be integers, not 'str'
2025-04-01 09:14:46,316 - ERROR - Error processing article 2535: string indices must be integers, not 'str'
2025-04-01 09:14:46,316 - ERROR - Error processing article 2536: string indices must be integers, not 'str'
2025-04-01 09:14:46,317 - ERROR - Error processing article 2537: string indices must be integers, not 'str'
2025-04-01 09:14:46,317 - ERROR - Error processing article 2538: string indices must be integers, not 'str'
2025-04-01 09:14:46,317 - ERROR - Error processing article 2539: string indices must be integers, not 'str'
2025-04-01 09:14:46,317 - ERROR - Error processing article 2540: string indices must be integers, not 'str'
2025-04-01 09:14:46,317 - ERROR - Error processing article 2541: string indices must be integers, not 'str'
2025-04-01 09:14:46,319 - ERROR - Error processing article 2542: string indices must be integers, not 'str'
2025-04-01 09:14:46,319 - ERROR - Error processing article 2543: string indices must be integers, not 'str'
2025-04-01 09:14:46,319 - ERROR - Error processing article 2544: string indices must be integers, not 'str'
2025-04-01 09:14:46,319 - ERROR - Error processing article 2545: string indices must be integers, not 'str'
2025-04-01 09:14:46,319 - ERROR - Error processing article 2546: string indices must be integers, not 'str'
2025-04-01 09:14:46,319 - ERROR - Error processing article 2547: string indices must be integers, not 'str'
2025-04-01 09:14:46,320 - ERROR - Error processing article 2548: string indices must be integers, not 'str'
2025-04-01 09:14:46,320 - ERROR - Error processing article 2549: string indices must be integers, not 'str'
2025-04-01 09:14:46,320 - ERROR - Error processing article 2550: string indices must be integers, not 'str'
2025-04-01 09:14:46,320 - ERROR - Error processing article 2551: string indices must be integers, not 'str'
2025-04-01 09:14:46,320 - ERROR - Error processing article 2552: string indices must be integers, not 'str'
2025-04-01 09:14:46,320 - ERROR - Error processing article 2553: string indices must be integers, not 'str'
2025-04-01 09:14:46,320 - ERROR - Error processing article 2554: string indices must be integers, not 'str'
2025-04-01 09:14:46,320 - ERROR - Error processing article 2555: string indices must be integers, not 'str'
2025-04-01 09:14:46,320 - ERROR - Error processing article 2556: string indices must be integers, not 'str'
2025-04-01 09:14:46,322 - ERROR - Error processing article 2557: string indices must be integers, not 'str'
2025-04-01 09:14:46,322 - ERROR - Error processing article 2558: string indices must be integers, not 'str'
2025-04-01 09:14:46,322 - ERROR - Error processing article 2559: string indices must be integers, not 'str'
2025-04-01 09:14:46,322 - ERROR - Error processing article 2560: string indices must be integers, not 'str'
2025-04-01 09:14:46,322 - ERROR - Error processing article 2561: string indices must be integers, not 'str'
2025-04-01 09:14:46,323 - ERROR - Error processing article 2562: string indices must be integers, not 'str'
2025-04-01 09:14:46,323 - ERROR - Error processing article 2563: string indices must be integers, not 'str'
2025-04-01 09:14:46,323 - ERROR - Error processing article 2564: string indices must be integers, not 'str'
2025-04-01 09:14:46,323 - ERROR - Error processing article 2565: string indices must be integers, not 'str'
2025-04-01 09:14:46,324 - ERROR - Error processing article 2566: string indices must be integers, not 'str'
2025-04-01 09:14:46,324 - ERROR - Error processing article 2567: string indices must be integers, not 'str'
2025-04-01 09:14:46,324 - ERROR - Error processing article 2568: string indices must be integers, not 'str'
2025-04-01 09:14:46,324 - ERROR - Error processing article 2569: string indices must be integers, not 'str'
2025-04-01 09:14:46,324 - ERROR - Error processing article 2570: string indices must be integers, not 'str'
2025-04-01 09:14:46,324 - ERROR - Error processing article 2571: string indices must be integers, not 'str'
2025-04-01 09:14:46,325 - ERROR - Error processing article 2572: string indices must be integers, not 'str'
2025-04-01 09:14:46,325 - ERROR - Error processing article 2573: string indices must be integers, not 'str'
2025-04-01 09:14:46,325 - ERROR - Error processing article 2574: string indices must be integers, not 'str'
2025-04-01 09:14:46,325 - ERROR - Error processing article 2575: string indices must be integers, not 'str'
2025-04-01 09:14:46,325 - ERROR - Error processing article 2576: string indices must be integers, not 'str'
2025-04-01 09:14:46,325 - ERROR - Error processing article 2577: string indices must be integers, not 'str'
2025-04-01 09:14:46,326 - ERROR - Error processing article 2578: string indices must be integers, not 'str'
2025-04-01 09:14:46,326 - ERROR - Error processing article 2579: string indices must be integers, not 'str'
2025-04-01 09:14:46,326 - ERROR - Error processing article 2580: string indices must be integers, not 'str'
2025-04-01 09:14:46,326 - ERROR - Error processing article 2581: string indices must be integers, not 'str'
2025-04-01 09:14:46,326 - ERROR - Error processing article 2582: string indices must be integers, not 'str'
2025-04-01 09:14:46,327 - ERROR - Error processing article 2583: string indices must be integers, not 'str'
2025-04-01 09:14:46,327 - ERROR - Error processing article 2584: string indices must be integers, not 'str'
2025-04-01 09:14:46,327 - ERROR - Error processing article 2585: string indices must be integers, not 'str'
2025-04-01 09:14:46,327 - ERROR - Error processing article 2586: string indices must be integers, not 'str'
2025-04-01 09:14:46,327 - ERROR - Error processing article 2587: string indices must be integers, not 'str'
2025-04-01 09:14:46,328 - ERROR - Error processing article 2588: string indices must be integers, not 'str'
2025-04-01 09:14:46,328 - ERROR - Error processing article 2589: string indices must be integers, not 'str'
2025-04-01 09:14:46,328 - ERROR - Error processing article 2590: string indices must be integers, not 'str'
2025-04-01 09:14:46,328 - ERROR - Error processing article 2591: string indices must be integers, not 'str'
2025-04-01 09:14:46,328 - ERROR - Error processing article 2592: string indices must be integers, not 'str'
2025-04-01 09:14:46,328 - ERROR - Error processing article 2593: string indices must be integers, not 'str'
2025-04-01 09:14:46,329 - ERROR - Error processing article 2594: string indices must be integers, not 'str'
2025-04-01 09:14:46,329 - ERROR - Error processing article 2595: string indices must be integers, not 'str'
2025-04-01 09:14:46,329 - ERROR - Error processing article 2596: string indices must be integers, not 'str'
2025-04-01 09:14:46,329 - ERROR - Error processing article 2597: string indices must be integers, not 'str'
2025-04-01 09:14:46,329 - ERROR - Error processing article 2598: string indices must be integers, not 'str'
2025-04-01 09:14:46,330 - ERROR - Error processing article 2599: string indices must be integers, not 'str'
2025-04-01 09:14:46,330 - INFO - Processed 2600/4459 articles
2025-04-01 09:14:46,330 - ERROR - Error processing article 2600: string indices must be integers, not 'str'
2025-04-01 09:14:46,330 - ERROR - Error processing article 2601: string indices must be integers, not 'str'
2025-04-01 09:14:46,330 - ERROR - Error processing article 2602: string indices must be integers, not 'str'
2025-04-01 09:14:46,331 - ERROR - Error processing article 2603: string indices must be integers, not 'str'
2025-04-01 09:14:46,332 - ERROR - Error processing article 2604: string indices must be integers, not 'str'
2025-04-01 09:14:46,332 - ERROR - Error processing article 2605: string indices must be integers, not 'str'
2025-04-01 09:14:46,332 - ERROR - Error processing article 2606: string indices must be integers, not 'str'
2025-04-01 09:14:46,333 - ERROR - Error processing article 2607: string indices must be integers, not 'str'
2025-04-01 09:14:46,333 - ERROR - Error processing article 2608: string indices must be integers, not 'str'
2025-04-01 09:14:46,333 - ERROR - Error processing article 2609: string indices must be integers, not 'str'
2025-04-01 09:14:46,333 - ERROR - Error processing article 2610: string indices must be integers, not 'str'
2025-04-01 09:14:46,333 - ERROR - Error processing article 2611: string indices must be integers, not 'str'
2025-04-01 09:14:46,333 - ERROR - Error processing article 2612: string indices must be integers, not 'str'
2025-04-01 09:14:46,334 - ERROR - Error processing article 2613: string indices must be integers, not 'str'
2025-04-01 09:14:46,334 - ERROR - Error processing article 2614: string indices must be integers, not 'str'
2025-04-01 09:14:46,334 - ERROR - Error processing article 2615: string indices must be integers, not 'str'
2025-04-01 09:14:46,334 - ERROR - Error processing article 2616: string indices must be integers, not 'str'
2025-04-01 09:14:46,334 - ERROR - Error processing article 2617: string indices must be integers, not 'str'
2025-04-01 09:14:46,334 - ERROR - Error processing article 2618: string indices must be integers, not 'str'
2025-04-01 09:14:46,335 - ERROR - Error processing article 2619: string indices must be integers, not 'str'
2025-04-01 09:14:46,335 - ERROR - Error processing article 2620: string indices must be integers, not 'str'
2025-04-01 09:14:46,335 - ERROR - Error processing article 2621: string indices must be integers, not 'str'
2025-04-01 09:14:46,335 - ERROR - Error processing article 2622: string indices must be integers, not 'str'
2025-04-01 09:14:46,335 - ERROR - Error processing article 2623: string indices must be integers, not 'str'
2025-04-01 09:14:46,336 - ERROR - Error processing article 2624: string indices must be integers, not 'str'
2025-04-01 09:14:46,336 - ERROR - Error processing article 2625: string indices must be integers, not 'str'
2025-04-01 09:14:46,336 - ERROR - Error processing article 2626: string indices must be integers, not 'str'
2025-04-01 09:14:46,336 - ERROR - Error processing article 2627: string indices must be integers, not 'str'
2025-04-01 09:14:46,336 - ERROR - Error processing article 2628: string indices must be integers, not 'str'
2025-04-01 09:14:46,336 - ERROR - Error processing article 2629: string indices must be integers, not 'str'
2025-04-01 09:14:46,337 - ERROR - Error processing article 2630: string indices must be integers, not 'str'
2025-04-01 09:14:46,337 - ERROR - Error processing article 2631: string indices must be integers, not 'str'
2025-04-01 09:14:46,337 - ERROR - Error processing article 2632: string indices must be integers, not 'str'
2025-04-01 09:14:46,337 - ERROR - Error processing article 2633: string indices must be integers, not 'str'
2025-04-01 09:14:46,337 - ERROR - Error processing article 2634: string indices must be integers, not 'str'
2025-04-01 09:14:46,339 - ERROR - Error processing article 2635: string indices must be integers, not 'str'
2025-04-01 09:14:46,339 - ERROR - Error processing article 2636: string indices must be integers, not 'str'
2025-04-01 09:14:46,339 - ERROR - Error processing article 2637: string indices must be integers, not 'str'
2025-04-01 09:14:46,339 - ERROR - Error processing article 2638: string indices must be integers, not 'str'
2025-04-01 09:14:46,339 - ERROR - Error processing article 2639: string indices must be integers, not 'str'
2025-04-01 09:14:46,340 - ERROR - Error processing article 2640: string indices must be integers, not 'str'
2025-04-01 09:14:46,340 - ERROR - Error processing article 2641: string indices must be integers, not 'str'
2025-04-01 09:14:46,340 - ERROR - Error processing article 2642: string indices must be integers, not 'str'
2025-04-01 09:14:46,340 - ERROR - Error processing article 2643: string indices must be integers, not 'str'
2025-04-01 09:14:46,340 - ERROR - Error processing article 2644: string indices must be integers, not 'str'
2025-04-01 09:14:46,341 - ERROR - Error processing article 2645: string indices must be integers, not 'str'
2025-04-01 09:14:46,341 - ERROR - Error processing article 2646: string indices must be integers, not 'str'
2025-04-01 09:14:46,341 - ERROR - Error processing article 2647: string indices must be integers, not 'str'
2025-04-01 09:14:46,341 - ERROR - Error processing article 2648: string indices must be integers, not 'str'
2025-04-01 09:14:46,342 - ERROR - Error processing article 2649: string indices must be integers, not 'str'
2025-04-01 09:14:46,342 - ERROR - Error processing article 2650: string indices must be integers, not 'str'
2025-04-01 09:14:46,342 - ERROR - Error processing article 2651: string indices must be integers, not 'str'
2025-04-01 09:14:46,342 - ERROR - Error processing article 2652: string indices must be integers, not 'str'
2025-04-01 09:14:46,342 - ERROR - Error processing article 2653: string indices must be integers, not 'str'
2025-04-01 09:14:46,342 - ERROR - Error processing article 2654: string indices must be integers, not 'str'
2025-04-01 09:14:46,342 - ERROR - Error processing article 2655: string indices must be integers, not 'str'
2025-04-01 09:14:46,343 - ERROR - Error processing article 2656: string indices must be integers, not 'str'
2025-04-01 09:14:46,343 - ERROR - Error processing article 2657: string indices must be integers, not 'str'
2025-04-01 09:14:46,343 - ERROR - Error processing article 2658: string indices must be integers, not 'str'
2025-04-01 09:14:46,343 - ERROR - Error processing article 2659: string indices must be integers, not 'str'
2025-04-01 09:14:46,343 - ERROR - Error processing article 2660: string indices must be integers, not 'str'
2025-04-01 09:14:46,344 - ERROR - Error processing article 2661: string indices must be integers, not 'str'
2025-04-01 09:14:46,344 - ERROR - Error processing article 2662: string indices must be integers, not 'str'
2025-04-01 09:14:46,344 - ERROR - Error processing article 2663: string indices must be integers, not 'str'
2025-04-01 09:14:46,344 - ERROR - Error processing article 2664: string indices must be integers, not 'str'
2025-04-01 09:14:46,344 - ERROR - Error processing article 2665: string indices must be integers, not 'str'
2025-04-01 09:14:46,345 - ERROR - Error processing article 2666: string indices must be integers, not 'str'
2025-04-01 09:14:46,345 - ERROR - Error processing article 2667: string indices must be integers, not 'str'
2025-04-01 09:14:46,345 - ERROR - Error processing article 2668: string indices must be integers, not 'str'
2025-04-01 09:14:46,345 - ERROR - Error processing article 2669: string indices must be integers, not 'str'
2025-04-01 09:14:46,345 - ERROR - Error processing article 2670: string indices must be integers, not 'str'
2025-04-01 09:14:46,345 - ERROR - Error processing article 2671: string indices must be integers, not 'str'
2025-04-01 09:14:46,346 - ERROR - Error processing article 2672: string indices must be integers, not 'str'
2025-04-01 09:14:46,346 - ERROR - Error processing article 2673: string indices must be integers, not 'str'
2025-04-01 09:14:46,346 - ERROR - Error processing article 2674: string indices must be integers, not 'str'
2025-04-01 09:14:46,346 - ERROR - Error processing article 2675: string indices must be integers, not 'str'
2025-04-01 09:14:46,346 - ERROR - Error processing article 2676: string indices must be integers, not 'str'
2025-04-01 09:14:46,346 - ERROR - Error processing article 2677: string indices must be integers, not 'str'
2025-04-01 09:14:46,346 - ERROR - Error processing article 2678: string indices must be integers, not 'str'
2025-04-01 09:14:46,347 - ERROR - Error processing article 2679: string indices must be integers, not 'str'
2025-04-01 09:14:46,347 - ERROR - Error processing article 2680: string indices must be integers, not 'str'
2025-04-01 09:14:46,347 - ERROR - Error processing article 2681: string indices must be integers, not 'str'
2025-04-01 09:14:46,347 - ERROR - Error processing article 2682: string indices must be integers, not 'str'
2025-04-01 09:14:46,349 - ERROR - Error processing article 2683: string indices must be integers, not 'str'
2025-04-01 09:14:46,349 - ERROR - Error processing article 2684: string indices must be integers, not 'str'
2025-04-01 09:14:46,349 - ERROR - Error processing article 2685: string indices must be integers, not 'str'
2025-04-01 09:14:46,349 - ERROR - Error processing article 2686: string indices must be integers, not 'str'
2025-04-01 09:14:46,349 - ERROR - Error processing article 2687: string indices must be integers, not 'str'
2025-04-01 09:14:46,349 - ERROR - Error processing article 2688: string indices must be integers, not 'str'
2025-04-01 09:14:46,349 - ERROR - Error processing article 2689: string indices must be integers, not 'str'
2025-04-01 09:14:46,350 - ERROR - Error processing article 2690: string indices must be integers, not 'str'
2025-04-01 09:14:46,351 - ERROR - Error processing article 2691: string indices must be integers, not 'str'
2025-04-01 09:14:46,351 - ERROR - Error processing article 2692: string indices must be integers, not 'str'
2025-04-01 09:14:46,351 - ERROR - Error processing article 2693: string indices must be integers, not 'str'
2025-04-01 09:14:46,351 - ERROR - Error processing article 2694: string indices must be integers, not 'str'
2025-04-01 09:14:46,351 - ERROR - Error processing article 2695: string indices must be integers, not 'str'
2025-04-01 09:14:46,351 - ERROR - Error processing article 2696: string indices must be integers, not 'str'
2025-04-01 09:14:46,352 - ERROR - Error processing article 2697: string indices must be integers, not 'str'
2025-04-01 09:14:46,352 - ERROR - Error processing article 2698: string indices must be integers, not 'str'
2025-04-01 09:14:46,352 - ERROR - Error processing article 2699: string indices must be integers, not 'str'
2025-04-01 09:14:46,352 - INFO - Processed 2700/4459 articles
2025-04-01 09:14:46,352 - ERROR - Error processing article 2700: string indices must be integers, not 'str'
2025-04-01 09:14:46,353 - ERROR - Error processing article 2701: string indices must be integers, not 'str'
2025-04-01 09:14:46,353 - ERROR - Error processing article 2702: string indices must be integers, not 'str'
2025-04-01 09:14:46,353 - ERROR - Error processing article 2703: string indices must be integers, not 'str'
2025-04-01 09:14:46,353 - ERROR - Error processing article 2704: string indices must be integers, not 'str'
2025-04-01 09:14:46,353 - ERROR - Error processing article 2705: string indices must be integers, not 'str'
2025-04-01 09:14:46,354 - ERROR - Error processing article 2706: string indices must be integers, not 'str'
2025-04-01 09:14:46,354 - ERROR - Error processing article 2707: string indices must be integers, not 'str'
2025-04-01 09:14:46,354 - ERROR - Error processing article 2708: string indices must be integers, not 'str'
2025-04-01 09:14:46,354 - ERROR - Error processing article 2709: string indices must be integers, not 'str'
2025-04-01 09:14:46,354 - ERROR - Error processing article 2710: string indices must be integers, not 'str'
2025-04-01 09:14:46,355 - ERROR - Error processing article 2711: string indices must be integers, not 'str'
2025-04-01 09:14:46,355 - ERROR - Error processing article 2712: string indices must be integers, not 'str'
2025-04-01 09:14:46,355 - ERROR - Error processing article 2713: string indices must be integers, not 'str'
2025-04-01 09:14:46,355 - ERROR - Error processing article 2714: string indices must be integers, not 'str'
2025-04-01 09:14:46,355 - ERROR - Error processing article 2715: string indices must be integers, not 'str'
2025-04-01 09:14:46,355 - ERROR - Error processing article 2716: string indices must be integers, not 'str'
2025-04-01 09:14:46,356 - ERROR - Error processing article 2717: string indices must be integers, not 'str'
2025-04-01 09:14:46,356 - ERROR - Error processing article 2718: string indices must be integers, not 'str'
2025-04-01 09:14:46,356 - ERROR - Error processing article 2719: string indices must be integers, not 'str'
2025-04-01 09:14:46,356 - ERROR - Error processing article 2720: string indices must be integers, not 'str'
2025-04-01 09:14:46,356 - ERROR - Error processing article 2721: string indices must be integers, not 'str'
2025-04-01 09:14:46,356 - ERROR - Error processing article 2722: string indices must be integers, not 'str'
2025-04-01 09:14:46,357 - ERROR - Error processing article 2723: string indices must be integers, not 'str'
2025-04-01 09:14:46,357 - ERROR - Error processing article 2724: string indices must be integers, not 'str'
2025-04-01 09:14:46,357 - ERROR - Error processing article 2725: string indices must be integers, not 'str'
2025-04-01 09:14:46,357 - ERROR - Error processing article 2726: string indices must be integers, not 'str'
2025-04-01 09:14:46,357 - ERROR - Error processing article 2727: string indices must be integers, not 'str'
2025-04-01 09:14:46,357 - ERROR - Error processing article 2728: string indices must be integers, not 'str'
2025-04-01 09:14:46,357 - ERROR - Error processing article 2729: string indices must be integers, not 'str'
2025-04-01 09:14:46,357 - ERROR - Error processing article 2730: string indices must be integers, not 'str'
2025-04-01 09:14:46,357 - ERROR - Error processing article 2731: string indices must be integers, not 'str'
2025-04-01 09:14:46,357 - ERROR - Error processing article 2732: string indices must be integers, not 'str'
2025-04-01 09:14:46,359 - ERROR - Error processing article 2733: string indices must be integers, not 'str'
2025-04-01 09:14:46,359 - ERROR - Error processing article 2734: string indices must be integers, not 'str'
2025-04-01 09:14:46,360 - ERROR - Error processing article 2735: string indices must be integers, not 'str'
2025-04-01 09:14:46,360 - ERROR - Error processing article 2736: string indices must be integers, not 'str'
2025-04-01 09:14:46,360 - ERROR - Error processing article 2737: string indices must be integers, not 'str'
2025-04-01 09:14:46,360 - ERROR - Error processing article 2738: string indices must be integers, not 'str'
2025-04-01 09:14:46,360 - ERROR - Error processing article 2739: string indices must be integers, not 'str'
2025-04-01 09:14:46,360 - ERROR - Error processing article 2740: string indices must be integers, not 'str'
2025-04-01 09:14:46,360 - ERROR - Error processing article 2741: string indices must be integers, not 'str'
2025-04-01 09:14:46,361 - ERROR - Error processing article 2742: string indices must be integers, not 'str'
2025-04-01 09:14:46,361 - ERROR - Error processing article 2743: string indices must be integers, not 'str'
2025-04-01 09:14:46,361 - ERROR - Error processing article 2744: string indices must be integers, not 'str'
2025-04-01 09:14:46,361 - ERROR - Error processing article 2745: string indices must be integers, not 'str'
2025-04-01 09:14:46,361 - ERROR - Error processing article 2746: string indices must be integers, not 'str'
2025-04-01 09:14:46,362 - ERROR - Error processing article 2747: string indices must be integers, not 'str'
2025-04-01 09:14:46,362 - ERROR - Error processing article 2748: string indices must be integers, not 'str'
2025-04-01 09:14:46,362 - ERROR - Error processing article 2749: string indices must be integers, not 'str'
2025-04-01 09:14:46,362 - ERROR - Error processing article 2750: string indices must be integers, not 'str'
2025-04-01 09:14:46,362 - ERROR - Error processing article 2751: string indices must be integers, not 'str'
2025-04-01 09:14:46,362 - ERROR - Error processing article 2752: string indices must be integers, not 'str'
2025-04-01 09:14:46,363 - ERROR - Error processing article 2753: string indices must be integers, not 'str'
2025-04-01 09:14:46,363 - ERROR - Error processing article 2754: string indices must be integers, not 'str'
2025-04-01 09:14:46,363 - ERROR - Error processing article 2755: string indices must be integers, not 'str'
2025-04-01 09:14:46,363 - ERROR - Error processing article 2756: string indices must be integers, not 'str'
2025-04-01 09:14:46,363 - ERROR - Error processing article 2757: string indices must be integers, not 'str'
2025-04-01 09:14:46,363 - ERROR - Error processing article 2758: string indices must be integers, not 'str'
2025-04-01 09:14:46,364 - ERROR - Error processing article 2759: string indices must be integers, not 'str'
2025-04-01 09:14:46,364 - ERROR - Error processing article 2760: string indices must be integers, not 'str'
2025-04-01 09:14:46,364 - ERROR - Error processing article 2761: string indices must be integers, not 'str'
2025-04-01 09:14:46,364 - ERROR - Error processing article 2762: string indices must be integers, not 'str'
2025-04-01 09:14:46,364 - ERROR - Error processing article 2763: string indices must be integers, not 'str'
2025-04-01 09:14:46,365 - ERROR - Error processing article 2764: string indices must be integers, not 'str'
2025-04-01 09:14:46,365 - ERROR - Error processing article 2765: string indices must be integers, not 'str'
2025-04-01 09:14:46,365 - ERROR - Error processing article 2766: string indices must be integers, not 'str'
2025-04-01 09:14:46,365 - ERROR - Error processing article 2767: string indices must be integers, not 'str'
2025-04-01 09:14:46,366 - ERROR - Error processing article 2768: string indices must be integers, not 'str'
2025-04-01 09:14:46,366 - ERROR - Error processing article 2769: string indices must be integers, not 'str'
2025-04-01 09:14:46,366 - ERROR - Error processing article 2770: string indices must be integers, not 'str'
2025-04-01 09:14:46,366 - ERROR - Error processing article 2771: string indices must be integers, not 'str'
2025-04-01 09:14:46,367 - ERROR - Error processing article 2772: string indices must be integers, not 'str'
2025-04-01 09:14:46,367 - ERROR - Error processing article 2773: string indices must be integers, not 'str'
2025-04-01 09:14:46,367 - ERROR - Error processing article 2774: string indices must be integers, not 'str'
2025-04-01 09:14:46,367 - ERROR - Error processing article 2775: string indices must be integers, not 'str'
2025-04-01 09:14:46,367 - ERROR - Error processing article 2776: string indices must be integers, not 'str'
2025-04-01 09:14:46,367 - ERROR - Error processing article 2777: string indices must be integers, not 'str'
2025-04-01 09:14:46,368 - ERROR - Error processing article 2778: string indices must be integers, not 'str'
2025-04-01 09:14:46,368 - ERROR - Error processing article 2779: string indices must be integers, not 'str'
2025-04-01 09:14:46,368 - ERROR - Error processing article 2780: string indices must be integers, not 'str'
2025-04-01 09:14:46,368 - ERROR - Error processing article 2781: string indices must be integers, not 'str'
2025-04-01 09:14:46,368 - ERROR - Error processing article 2782: string indices must be integers, not 'str'
2025-04-01 09:14:46,369 - ERROR - Error processing article 2783: string indices must be integers, not 'str'
2025-04-01 09:14:46,369 - ERROR - Error processing article 2784: string indices must be integers, not 'str'
2025-04-01 09:14:46,369 - ERROR - Error processing article 2785: string indices must be integers, not 'str'
2025-04-01 09:14:46,369 - ERROR - Error processing article 2786: string indices must be integers, not 'str'
2025-04-01 09:14:46,369 - ERROR - Error processing article 2787: string indices must be integers, not 'str'
2025-04-01 09:14:46,369 - ERROR - Error processing article 2788: string indices must be integers, not 'str'
2025-04-01 09:14:46,369 - ERROR - Error processing article 2789: string indices must be integers, not 'str'
2025-04-01 09:14:46,371 - ERROR - Error processing article 2790: string indices must be integers, not 'str'
2025-04-01 09:14:46,371 - ERROR - Error processing article 2791: string indices must be integers, not 'str'
2025-04-01 09:14:46,371 - ERROR - Error processing article 2792: string indices must be integers, not 'str'
2025-04-01 09:14:46,371 - ERROR - Error processing article 2793: string indices must be integers, not 'str'
2025-04-01 09:14:46,371 - ERROR - Error processing article 2794: string indices must be integers, not 'str'
2025-04-01 09:14:46,372 - ERROR - Error processing article 2795: string indices must be integers, not 'str'
2025-04-01 09:14:46,372 - ERROR - Error processing article 2796: string indices must be integers, not 'str'
2025-04-01 09:14:46,372 - ERROR - Error processing article 2797: string indices must be integers, not 'str'
2025-04-01 09:14:46,372 - ERROR - Error processing article 2798: string indices must be integers, not 'str'
2025-04-01 09:14:46,372 - ERROR - Error processing article 2799: string indices must be integers, not 'str'
2025-04-01 09:14:46,373 - INFO - Processed 2800/4459 articles
2025-04-01 09:14:46,373 - ERROR - Error processing article 2800: string indices must be integers, not 'str'
2025-04-01 09:14:46,373 - ERROR - Error processing article 2801: string indices must be integers, not 'str'
2025-04-01 09:14:46,373 - ERROR - Error processing article 2802: string indices must be integers, not 'str'
2025-04-01 09:14:46,373 - ERROR - Error processing article 2803: string indices must be integers, not 'str'
2025-04-01 09:14:46,374 - ERROR - Error processing article 2804: string indices must be integers, not 'str'
2025-04-01 09:14:46,374 - ERROR - Error processing article 2805: string indices must be integers, not 'str'
2025-04-01 09:14:46,374 - ERROR - Error processing article 2806: string indices must be integers, not 'str'
2025-04-01 09:14:46,374 - ERROR - Error processing article 2807: string indices must be integers, not 'str'
2025-04-01 09:14:46,374 - ERROR - Error processing article 2808: string indices must be integers, not 'str'
2025-04-01 09:14:46,375 - ERROR - Error processing article 2809: string indices must be integers, not 'str'
2025-04-01 09:14:46,375 - ERROR - Error processing article 2810: string indices must be integers, not 'str'
2025-04-01 09:14:46,375 - ERROR - Error processing article 2811: string indices must be integers, not 'str'
2025-04-01 09:14:46,375 - ERROR - Error processing article 2812: string indices must be integers, not 'str'
2025-04-01 09:14:46,375 - ERROR - Error processing article 2813: string indices must be integers, not 'str'
2025-04-01 09:14:46,375 - ERROR - Error processing article 2814: string indices must be integers, not 'str'
2025-04-01 09:14:46,376 - ERROR - Error processing article 2815: string indices must be integers, not 'str'
2025-04-01 09:14:46,376 - ERROR - Error processing article 2816: string indices must be integers, not 'str'
2025-04-01 09:14:46,376 - ERROR - Error processing article 2817: string indices must be integers, not 'str'
2025-04-01 09:14:46,376 - ERROR - Error processing article 2818: string indices must be integers, not 'str'
2025-04-01 09:14:46,376 - ERROR - Error processing article 2819: string indices must be integers, not 'str'
2025-04-01 09:14:46,377 - ERROR - Error processing article 2820: string indices must be integers, not 'str'
2025-04-01 09:14:46,377 - ERROR - Error processing article 2821: string indices must be integers, not 'str'
2025-04-01 09:14:46,377 - ERROR - Error processing article 2822: string indices must be integers, not 'str'
2025-04-01 09:14:46,377 - ERROR - Error processing article 2823: string indices must be integers, not 'str'
2025-04-01 09:14:46,377 - ERROR - Error processing article 2824: string indices must be integers, not 'str'
2025-04-01 09:14:46,377 - ERROR - Error processing article 2825: string indices must be integers, not 'str'
2025-04-01 09:14:46,378 - ERROR - Error processing article 2826: string indices must be integers, not 'str'
2025-04-01 09:14:46,378 - ERROR - Error processing article 2827: string indices must be integers, not 'str'
2025-04-01 09:14:46,378 - ERROR - Error processing article 2828: string indices must be integers, not 'str'
2025-04-01 09:14:46,378 - ERROR - Error processing article 2829: string indices must be integers, not 'str'
2025-04-01 09:14:46,378 - ERROR - Error processing article 2830: string indices must be integers, not 'str'
2025-04-01 09:14:46,379 - ERROR - Error processing article 2831: string indices must be integers, not 'str'
2025-04-01 09:14:46,379 - ERROR - Error processing article 2832: string indices must be integers, not 'str'
2025-04-01 09:14:46,379 - ERROR - Error processing article 2833: string indices must be integers, not 'str'
2025-04-01 09:14:46,379 - ERROR - Error processing article 2834: string indices must be integers, not 'str'
2025-04-01 09:14:46,380 - ERROR - Error processing article 2835: string indices must be integers, not 'str'
2025-04-01 09:14:46,380 - ERROR - Error processing article 2836: string indices must be integers, not 'str'
2025-04-01 09:14:46,380 - ERROR - Error processing article 2837: string indices must be integers, not 'str'
2025-04-01 09:14:46,380 - ERROR - Error processing article 2838: string indices must be integers, not 'str'
2025-04-01 09:14:46,380 - ERROR - Error processing article 2839: string indices must be integers, not 'str'
2025-04-01 09:14:46,381 - ERROR - Error processing article 2840: string indices must be integers, not 'str'
2025-04-01 09:14:46,381 - ERROR - Error processing article 2841: string indices must be integers, not 'str'
2025-04-01 09:14:46,381 - ERROR - Error processing article 2842: string indices must be integers, not 'str'
2025-04-01 09:14:46,381 - ERROR - Error processing article 2843: string indices must be integers, not 'str'
2025-04-01 09:14:46,382 - ERROR - Error processing article 2844: string indices must be integers, not 'str'
2025-04-01 09:14:46,382 - ERROR - Error processing article 2845: string indices must be integers, not 'str'
2025-04-01 09:14:46,382 - ERROR - Error processing article 2846: string indices must be integers, not 'str'
2025-04-01 09:14:46,382 - ERROR - Error processing article 2847: string indices must be integers, not 'str'
2025-04-01 09:14:46,382 - ERROR - Error processing article 2848: string indices must be integers, not 'str'
2025-04-01 09:14:46,382 - ERROR - Error processing article 2849: string indices must be integers, not 'str'
2025-04-01 09:14:46,383 - ERROR - Error processing article 2850: string indices must be integers, not 'str'
2025-04-01 09:14:46,383 - ERROR - Error processing article 2851: string indices must be integers, not 'str'
2025-04-01 09:14:46,383 - ERROR - Error processing article 2852: string indices must be integers, not 'str'
2025-04-01 09:14:46,383 - ERROR - Error processing article 2853: string indices must be integers, not 'str'
2025-04-01 09:14:46,383 - ERROR - Error processing article 2854: string indices must be integers, not 'str'
2025-04-01 09:14:46,384 - ERROR - Error processing article 2855: string indices must be integers, not 'str'
2025-04-01 09:14:46,384 - ERROR - Error processing article 2856: string indices must be integers, not 'str'
2025-04-01 09:14:46,384 - ERROR - Error processing article 2857: string indices must be integers, not 'str'
2025-04-01 09:14:46,384 - ERROR - Error processing article 2858: string indices must be integers, not 'str'
2025-04-01 09:14:46,384 - ERROR - Error processing article 2859: string indices must be integers, not 'str'
2025-04-01 09:14:46,385 - ERROR - Error processing article 2860: string indices must be integers, not 'str'
2025-04-01 09:14:46,385 - ERROR - Error processing article 2861: string indices must be integers, not 'str'
2025-04-01 09:14:46,385 - ERROR - Error processing article 2862: string indices must be integers, not 'str'
2025-04-01 09:14:46,385 - ERROR - Error processing article 2863: string indices must be integers, not 'str'
2025-04-01 09:14:46,385 - ERROR - Error processing article 2864: string indices must be integers, not 'str'
2025-04-01 09:14:46,386 - ERROR - Error processing article 2865: string indices must be integers, not 'str'
2025-04-01 09:14:46,386 - ERROR - Error processing article 2866: string indices must be integers, not 'str'
2025-04-01 09:14:46,386 - ERROR - Error processing article 2867: string indices must be integers, not 'str'
2025-04-01 09:14:46,386 - ERROR - Error processing article 2868: string indices must be integers, not 'str'
2025-04-01 09:14:46,386 - ERROR - Error processing article 2869: string indices must be integers, not 'str'
2025-04-01 09:14:46,386 - ERROR - Error processing article 2870: string indices must be integers, not 'str'
2025-04-01 09:14:46,388 - ERROR - Error processing article 2871: string indices must be integers, not 'str'
2025-04-01 09:14:46,388 - ERROR - Error processing article 2872: string indices must be integers, not 'str'
2025-04-01 09:14:46,388 - ERROR - Error processing article 2873: string indices must be integers, not 'str'
2025-04-01 09:14:46,388 - ERROR - Error processing article 2874: string indices must be integers, not 'str'
2025-04-01 09:14:46,388 - ERROR - Error processing article 2875: string indices must be integers, not 'str'
2025-04-01 09:14:46,388 - ERROR - Error processing article 2876: string indices must be integers, not 'str'
2025-04-01 09:14:46,389 - ERROR - Error processing article 2877: string indices must be integers, not 'str'
2025-04-01 09:14:46,389 - ERROR - Error processing article 2878: string indices must be integers, not 'str'
2025-04-01 09:14:46,389 - ERROR - Error processing article 2879: string indices must be integers, not 'str'
2025-04-01 09:14:46,389 - ERROR - Error processing article 2880: string indices must be integers, not 'str'
2025-04-01 09:14:46,389 - ERROR - Error processing article 2881: string indices must be integers, not 'str'
2025-04-01 09:14:46,389 - ERROR - Error processing article 2882: string indices must be integers, not 'str'
2025-04-01 09:14:46,390 - ERROR - Error processing article 2883: string indices must be integers, not 'str'
2025-04-01 09:14:46,390 - ERROR - Error processing article 2884: string indices must be integers, not 'str'
2025-04-01 09:14:46,390 - ERROR - Error processing article 2885: string indices must be integers, not 'str'
2025-04-01 09:14:46,390 - ERROR - Error processing article 2886: string indices must be integers, not 'str'
2025-04-01 09:14:46,390 - ERROR - Error processing article 2887: string indices must be integers, not 'str'
2025-04-01 09:14:46,391 - ERROR - Error processing article 2888: string indices must be integers, not 'str'
2025-04-01 09:14:46,391 - ERROR - Error processing article 2889: string indices must be integers, not 'str'
2025-04-01 09:14:46,391 - ERROR - Error processing article 2890: string indices must be integers, not 'str'
2025-04-01 09:14:46,391 - ERROR - Error processing article 2891: string indices must be integers, not 'str'
2025-04-01 09:14:46,392 - ERROR - Error processing article 2892: string indices must be integers, not 'str'
2025-04-01 09:14:46,392 - ERROR - Error processing article 2893: string indices must be integers, not 'str'
2025-04-01 09:14:46,392 - ERROR - Error processing article 2894: string indices must be integers, not 'str'
2025-04-01 09:14:46,392 - ERROR - Error processing article 2895: string indices must be integers, not 'str'
2025-04-01 09:14:46,392 - ERROR - Error processing article 2896: string indices must be integers, not 'str'
2025-04-01 09:14:46,392 - ERROR - Error processing article 2897: string indices must be integers, not 'str'
2025-04-01 09:14:46,392 - ERROR - Error processing article 2898: string indices must be integers, not 'str'
2025-04-01 09:14:46,393 - ERROR - Error processing article 2899: string indices must be integers, not 'str'
2025-04-01 09:14:46,393 - INFO - Processed 2900/4459 articles
2025-04-01 09:14:46,393 - ERROR - Error processing article 2900: string indices must be integers, not 'str'
2025-04-01 09:14:46,393 - ERROR - Error processing article 2901: string indices must be integers, not 'str'
2025-04-01 09:14:46,393 - ERROR - Error processing article 2902: string indices must be integers, not 'str'
2025-04-01 09:14:46,393 - ERROR - Error processing article 2903: string indices must be integers, not 'str'
2025-04-01 09:14:46,394 - ERROR - Error processing article 2904: string indices must be integers, not 'str'
2025-04-01 09:14:46,394 - ERROR - Error processing article 2905: string indices must be integers, not 'str'
2025-04-01 09:14:46,394 - ERROR - Error processing article 2906: string indices must be integers, not 'str'
2025-04-01 09:14:46,394 - ERROR - Error processing article 2907: string indices must be integers, not 'str'
2025-04-01 09:14:46,394 - ERROR - Error processing article 2908: string indices must be integers, not 'str'
2025-04-01 09:14:46,395 - ERROR - Error processing article 2909: string indices must be integers, not 'str'
2025-04-01 09:14:46,395 - ERROR - Error processing article 2910: string indices must be integers, not 'str'
2025-04-01 09:14:46,395 - ERROR - Error processing article 2911: string indices must be integers, not 'str'
2025-04-01 09:14:46,395 - ERROR - Error processing article 2912: string indices must be integers, not 'str'
2025-04-01 09:14:46,395 - ERROR - Error processing article 2913: string indices must be integers, not 'str'
2025-04-01 09:14:46,396 - ERROR - Error processing article 2914: string indices must be integers, not 'str'
2025-04-01 09:14:46,396 - ERROR - Error processing article 2915: string indices must be integers, not 'str'
2025-04-01 09:14:46,396 - ERROR - Error processing article 2916: string indices must be integers, not 'str'
2025-04-01 09:14:46,396 - ERROR - Error processing article 2917: string indices must be integers, not 'str'
2025-04-01 09:14:46,396 - ERROR - Error processing article 2918: string indices must be integers, not 'str'
2025-04-01 09:14:46,396 - ERROR - Error processing article 2919: string indices must be integers, not 'str'
2025-04-01 09:14:46,398 - ERROR - Error processing article 2920: string indices must be integers, not 'str'
2025-04-01 09:14:46,398 - ERROR - Error processing article 2921: string indices must be integers, not 'str'
2025-04-01 09:14:46,398 - ERROR - Error processing article 2922: string indices must be integers, not 'str'
2025-04-01 09:14:46,398 - ERROR - Error processing article 2923: string indices must be integers, not 'str'
2025-04-01 09:14:46,398 - ERROR - Error processing article 2924: string indices must be integers, not 'str'
2025-04-01 09:14:46,399 - ERROR - Error processing article 2925: string indices must be integers, not 'str'
2025-04-01 09:14:46,399 - ERROR - Error processing article 2926: string indices must be integers, not 'str'
2025-04-01 09:14:46,399 - ERROR - Error processing article 2927: string indices must be integers, not 'str'
2025-04-01 09:14:46,399 - ERROR - Error processing article 2928: string indices must be integers, not 'str'
2025-04-01 09:14:46,399 - ERROR - Error processing article 2929: string indices must be integers, not 'str'
2025-04-01 09:14:46,399 - ERROR - Error processing article 2930: string indices must be integers, not 'str'
2025-04-01 09:14:46,400 - ERROR - Error processing article 2931: string indices must be integers, not 'str'
2025-04-01 09:14:46,400 - ERROR - Error processing article 2932: string indices must be integers, not 'str'
2025-04-01 09:14:46,400 - ERROR - Error processing article 2933: string indices must be integers, not 'str'
2025-04-01 09:14:46,400 - ERROR - Error processing article 2934: string indices must be integers, not 'str'
2025-04-01 09:14:46,400 - ERROR - Error processing article 2935: string indices must be integers, not 'str'
2025-04-01 09:14:46,401 - ERROR - Error processing article 2936: string indices must be integers, not 'str'
2025-04-01 09:14:46,401 - ERROR - Error processing article 2937: string indices must be integers, not 'str'
2025-04-01 09:14:46,401 - ERROR - Error processing article 2938: string indices must be integers, not 'str'
2025-04-01 09:14:46,401 - ERROR - Error processing article 2939: string indices must be integers, not 'str'
2025-04-01 09:14:46,401 - ERROR - Error processing article 2940: string indices must be integers, not 'str'
2025-04-01 09:14:46,403 - ERROR - Error processing article 2941: string indices must be integers, not 'str'
2025-04-01 09:14:46,403 - ERROR - Error processing article 2942: string indices must be integers, not 'str'
2025-04-01 09:14:46,403 - ERROR - Error processing article 2943: string indices must be integers, not 'str'
2025-04-01 09:14:46,403 - ERROR - Error processing article 2944: string indices must be integers, not 'str'
2025-04-01 09:14:46,403 - ERROR - Error processing article 2945: string indices must be integers, not 'str'
2025-04-01 09:14:46,403 - ERROR - Error processing article 2946: string indices must be integers, not 'str'
2025-04-01 09:14:46,404 - ERROR - Error processing article 2947: string indices must be integers, not 'str'
2025-04-01 09:14:46,404 - ERROR - Error processing article 2948: string indices must be integers, not 'str'
2025-04-01 09:14:46,404 - ERROR - Error processing article 2949: string indices must be integers, not 'str'
2025-04-01 09:14:46,404 - ERROR - Error processing article 2950: string indices must be integers, not 'str'
2025-04-01 09:14:46,404 - ERROR - Error processing article 2951: string indices must be integers, not 'str'
2025-04-01 09:14:46,405 - ERROR - Error processing article 2952: string indices must be integers, not 'str'
2025-04-01 09:14:46,405 - ERROR - Error processing article 2953: string indices must be integers, not 'str'
2025-04-01 09:14:46,405 - ERROR - Error processing article 2954: string indices must be integers, not 'str'
2025-04-01 09:14:46,405 - ERROR - Error processing article 2955: string indices must be integers, not 'str'
2025-04-01 09:14:46,405 - ERROR - Error processing article 2956: string indices must be integers, not 'str'
2025-04-01 09:14:46,405 - ERROR - Error processing article 2957: string indices must be integers, not 'str'
2025-04-01 09:14:46,406 - ERROR - Error processing article 2958: string indices must be integers, not 'str'
2025-04-01 09:14:46,406 - ERROR - Error processing article 2959: string indices must be integers, not 'str'
2025-04-01 09:14:46,406 - ERROR - Error processing article 2960: string indices must be integers, not 'str'
2025-04-01 09:14:46,406 - ERROR - Error processing article 2961: string indices must be integers, not 'str'
2025-04-01 09:14:46,406 - ERROR - Error processing article 2962: string indices must be integers, not 'str'
2025-04-01 09:14:46,407 - ERROR - Error processing article 2963: string indices must be integers, not 'str'
2025-04-01 09:14:46,407 - ERROR - Error processing article 2964: string indices must be integers, not 'str'
2025-04-01 09:14:46,407 - ERROR - Error processing article 2965: string indices must be integers, not 'str'
2025-04-01 09:14:46,407 - ERROR - Error processing article 2966: string indices must be integers, not 'str'
2025-04-01 09:14:46,407 - ERROR - Error processing article 2967: string indices must be integers, not 'str'
2025-04-01 09:14:46,407 - ERROR - Error processing article 2968: string indices must be integers, not 'str'
2025-04-01 09:14:46,407 - ERROR - Error processing article 2969: string indices must be integers, not 'str'
2025-04-01 09:14:46,407 - ERROR - Error processing article 2970: string indices must be integers, not 'str'
2025-04-01 09:14:46,407 - ERROR - Error processing article 2971: string indices must be integers, not 'str'
2025-04-01 09:14:46,407 - ERROR - Error processing article 2972: string indices must be integers, not 'str'
2025-04-01 09:14:46,407 - ERROR - Error processing article 2973: string indices must be integers, not 'str'
2025-04-01 09:14:46,409 - ERROR - Error processing article 2974: string indices must be integers, not 'str'
2025-04-01 09:14:46,409 - ERROR - Error processing article 2975: string indices must be integers, not 'str'
2025-04-01 09:14:46,409 - ERROR - Error processing article 2976: string indices must be integers, not 'str'
2025-04-01 09:14:46,410 - ERROR - Error processing article 2977: string indices must be integers, not 'str'
2025-04-01 09:14:46,410 - ERROR - Error processing article 2978: string indices must be integers, not 'str'
2025-04-01 09:14:46,410 - ERROR - Error processing article 2979: string indices must be integers, not 'str'
2025-04-01 09:14:46,410 - ERROR - Error processing article 2980: string indices must be integers, not 'str'
2025-04-01 09:14:46,410 - ERROR - Error processing article 2981: string indices must be integers, not 'str'
2025-04-01 09:14:46,410 - ERROR - Error processing article 2982: string indices must be integers, not 'str'
2025-04-01 09:14:46,411 - ERROR - Error processing article 2983: string indices must be integers, not 'str'
2025-04-01 09:14:46,411 - ERROR - Error processing article 2984: string indices must be integers, not 'str'
2025-04-01 09:14:46,411 - ERROR - Error processing article 2985: string indices must be integers, not 'str'
2025-04-01 09:14:46,411 - ERROR - Error processing article 2986: string indices must be integers, not 'str'
2025-04-01 09:14:46,411 - ERROR - Error processing article 2987: string indices must be integers, not 'str'
2025-04-01 09:14:46,411 - ERROR - Error processing article 2988: string indices must be integers, not 'str'
2025-04-01 09:14:46,412 - ERROR - Error processing article 2989: string indices must be integers, not 'str'
2025-04-01 09:14:46,412 - ERROR - Error processing article 2990: string indices must be integers, not 'str'
2025-04-01 09:14:46,412 - ERROR - Error processing article 2991: string indices must be integers, not 'str'
2025-04-01 09:14:46,412 - ERROR - Error processing article 2992: string indices must be integers, not 'str'
2025-04-01 09:14:46,412 - ERROR - Error processing article 2993: string indices must be integers, not 'str'
2025-04-01 09:14:46,413 - ERROR - Error processing article 2994: string indices must be integers, not 'str'
2025-04-01 09:14:46,413 - ERROR - Error processing article 2995: string indices must be integers, not 'str'
2025-04-01 09:14:46,413 - ERROR - Error processing article 2996: string indices must be integers, not 'str'
2025-04-01 09:14:46,413 - ERROR - Error processing article 2997: string indices must be integers, not 'str'
2025-04-01 09:14:46,413 - ERROR - Error processing article 2998: string indices must be integers, not 'str'
2025-04-01 09:14:46,413 - ERROR - Error processing article 2999: string indices must be integers, not 'str'
2025-04-01 09:14:46,414 - INFO - Processed 3000/4459 articles
2025-04-01 09:14:46,414 - ERROR - Error processing article 3000: string indices must be integers, not 'str'
2025-04-01 09:14:46,414 - ERROR - Error processing article 3001: string indices must be integers, not 'str'
2025-04-01 09:14:46,414 - ERROR - Error processing article 3002: string indices must be integers, not 'str'
2025-04-01 09:14:46,414 - ERROR - Error processing article 3003: string indices must be integers, not 'str'
2025-04-01 09:14:46,415 - ERROR - Error processing article 3004: string indices must be integers, not 'str'
2025-04-01 09:14:46,415 - ERROR - Error processing article 3005: string indices must be integers, not 'str'
2025-04-01 09:14:46,415 - ERROR - Error processing article 3006: string indices must be integers, not 'str'
2025-04-01 09:14:46,415 - ERROR - Error processing article 3007: string indices must be integers, not 'str'
2025-04-01 09:14:46,417 - ERROR - Error processing article 3008: string indices must be integers, not 'str'
2025-04-01 09:14:46,417 - ERROR - Error processing article 3009: string indices must be integers, not 'str'
2025-04-01 09:14:46,417 - ERROR - Error processing article 3010: string indices must be integers, not 'str'
2025-04-01 09:14:46,417 - ERROR - Error processing article 3011: string indices must be integers, not 'str'
2025-04-01 09:14:46,417 - ERROR - Error processing article 3012: string indices must be integers, not 'str'
2025-04-01 09:14:46,417 - ERROR - Error processing article 3013: string indices must be integers, not 'str'
2025-04-01 09:14:46,417 - ERROR - Error processing article 3014: string indices must be integers, not 'str'
2025-04-01 09:14:46,417 - ERROR - Error processing article 3015: string indices must be integers, not 'str'
2025-04-01 09:14:46,418 - ERROR - Error processing article 3016: string indices must be integers, not 'str'
2025-04-01 09:14:46,418 - ERROR - Error processing article 3017: string indices must be integers, not 'str'
2025-04-01 09:14:46,418 - ERROR - Error processing article 3018: string indices must be integers, not 'str'
2025-04-01 09:14:46,418 - ERROR - Error processing article 3019: string indices must be integers, not 'str'
2025-04-01 09:14:46,418 - ERROR - Error processing article 3020: string indices must be integers, not 'str'
2025-04-01 09:14:46,418 - ERROR - Error processing article 3021: string indices must be integers, not 'str'
2025-04-01 09:14:46,418 - ERROR - Error processing article 3022: string indices must be integers, not 'str'
2025-04-01 09:14:46,420 - ERROR - Error processing article 3023: string indices must be integers, not 'str'
2025-04-01 09:14:46,420 - ERROR - Error processing article 3024: string indices must be integers, not 'str'
2025-04-01 09:14:46,420 - ERROR - Error processing article 3025: string indices must be integers, not 'str'
2025-04-01 09:14:46,420 - ERROR - Error processing article 3026: string indices must be integers, not 'str'
2025-04-01 09:14:46,420 - ERROR - Error processing article 3027: string indices must be integers, not 'str'
2025-04-01 09:14:46,421 - ERROR - Error processing article 3028: string indices must be integers, not 'str'
2025-04-01 09:14:46,421 - ERROR - Error processing article 3029: string indices must be integers, not 'str'
2025-04-01 09:14:46,421 - ERROR - Error processing article 3030: string indices must be integers, not 'str'
2025-04-01 09:14:46,421 - ERROR - Error processing article 3031: string indices must be integers, not 'str'
2025-04-01 09:14:46,421 - ERROR - Error processing article 3032: string indices must be integers, not 'str'
2025-04-01 09:14:46,422 - ERROR - Error processing article 3033: string indices must be integers, not 'str'
2025-04-01 09:14:46,422 - ERROR - Error processing article 3034: string indices must be integers, not 'str'
2025-04-01 09:14:46,422 - ERROR - Error processing article 3035: string indices must be integers, not 'str'
2025-04-01 09:14:46,422 - ERROR - Error processing article 3036: string indices must be integers, not 'str'
2025-04-01 09:14:46,422 - ERROR - Error processing article 3037: string indices must be integers, not 'str'
2025-04-01 09:14:46,422 - ERROR - Error processing article 3038: string indices must be integers, not 'str'
2025-04-01 09:14:46,423 - ERROR - Error processing article 3039: string indices must be integers, not 'str'
2025-04-01 09:14:46,423 - ERROR - Error processing article 3040: string indices must be integers, not 'str'
2025-04-01 09:14:46,423 - ERROR - Error processing article 3041: string indices must be integers, not 'str'
2025-04-01 09:14:46,423 - ERROR - Error processing article 3042: string indices must be integers, not 'str'
2025-04-01 09:14:46,423 - ERROR - Error processing article 3043: string indices must be integers, not 'str'
2025-04-01 09:14:46,424 - ERROR - Error processing article 3044: string indices must be integers, not 'str'
2025-04-01 09:14:46,424 - ERROR - Error processing article 3045: string indices must be integers, not 'str'
2025-04-01 09:14:46,424 - ERROR - Error processing article 3046: string indices must be integers, not 'str'
2025-04-01 09:14:46,424 - ERROR - Error processing article 3047: string indices must be integers, not 'str'
2025-04-01 09:14:46,425 - ERROR - Error processing article 3048: string indices must be integers, not 'str'
2025-04-01 09:14:46,425 - ERROR - Error processing article 3049: string indices must be integers, not 'str'
2025-04-01 09:14:46,425 - ERROR - Error processing article 3050: string indices must be integers, not 'str'
2025-04-01 09:14:46,425 - ERROR - Error processing article 3051: string indices must be integers, not 'str'
2025-04-01 09:14:46,425 - ERROR - Error processing article 3052: string indices must be integers, not 'str'
2025-04-01 09:14:46,426 - ERROR - Error processing article 3053: string indices must be integers, not 'str'
2025-04-01 09:14:46,426 - ERROR - Error processing article 3054: string indices must be integers, not 'str'
2025-04-01 09:14:46,426 - ERROR - Error processing article 3055: string indices must be integers, not 'str'
2025-04-01 09:14:46,426 - ERROR - Error processing article 3056: string indices must be integers, not 'str'
2025-04-01 09:14:46,426 - ERROR - Error processing article 3057: string indices must be integers, not 'str'
2025-04-01 09:14:46,427 - ERROR - Error processing article 3058: string indices must be integers, not 'str'
2025-04-01 09:14:46,427 - ERROR - Error processing article 3059: string indices must be integers, not 'str'
2025-04-01 09:14:46,427 - ERROR - Error processing article 3060: string indices must be integers, not 'str'
2025-04-01 09:14:46,427 - ERROR - Error processing article 3061: string indices must be integers, not 'str'
2025-04-01 09:14:46,427 - ERROR - Error processing article 3062: string indices must be integers, not 'str'
2025-04-01 09:14:46,427 - ERROR - Error processing article 3063: string indices must be integers, not 'str'
2025-04-01 09:14:46,428 - ERROR - Error processing article 3064: string indices must be integers, not 'str'
2025-04-01 09:14:46,428 - ERROR - Error processing article 3065: string indices must be integers, not 'str'
2025-04-01 09:14:46,428 - ERROR - Error processing article 3066: string indices must be integers, not 'str'
2025-04-01 09:14:46,428 - ERROR - Error processing article 3067: string indices must be integers, not 'str'
2025-04-01 09:14:46,428 - ERROR - Error processing article 3068: string indices must be integers, not 'str'
2025-04-01 09:14:46,429 - ERROR - Error processing article 3069: string indices must be integers, not 'str'
2025-04-01 09:14:46,429 - ERROR - Error processing article 3070: string indices must be integers, not 'str'
2025-04-01 09:14:46,429 - ERROR - Error processing article 3071: string indices must be integers, not 'str'
2025-04-01 09:14:46,429 - ERROR - Error processing article 3072: string indices must be integers, not 'str'
2025-04-01 09:14:46,429 - ERROR - Error processing article 3073: string indices must be integers, not 'str'
2025-04-01 09:14:46,430 - ERROR - Error processing article 3074: string indices must be integers, not 'str'
2025-04-01 09:14:46,430 - ERROR - Error processing article 3075: string indices must be integers, not 'str'
2025-04-01 09:14:46,430 - ERROR - Error processing article 3076: string indices must be integers, not 'str'
2025-04-01 09:14:46,430 - ERROR - Error processing article 3077: string indices must be integers, not 'str'
2025-04-01 09:14:46,430 - ERROR - Error processing article 3078: string indices must be integers, not 'str'
2025-04-01 09:14:46,430 - ERROR - Error processing article 3079: string indices must be integers, not 'str'
2025-04-01 09:14:46,431 - ERROR - Error processing article 3080: string indices must be integers, not 'str'
2025-04-01 09:14:46,431 - ERROR - Error processing article 3081: string indices must be integers, not 'str'
2025-04-01 09:14:46,431 - ERROR - Error processing article 3082: string indices must be integers, not 'str'
2025-04-01 09:14:46,431 - ERROR - Error processing article 3083: string indices must be integers, not 'str'
2025-04-01 09:14:46,432 - ERROR - Error processing article 3084: string indices must be integers, not 'str'
2025-04-01 09:14:46,432 - ERROR - Error processing article 3085: string indices must be integers, not 'str'
2025-04-01 09:14:46,432 - ERROR - Error processing article 3086: string indices must be integers, not 'str'
2025-04-01 09:14:46,432 - ERROR - Error processing article 3087: string indices must be integers, not 'str'
2025-04-01 09:14:46,432 - ERROR - Error processing article 3088: string indices must be integers, not 'str'
2025-04-01 09:14:46,433 - ERROR - Error processing article 3089: string indices must be integers, not 'str'
2025-04-01 09:14:46,433 - ERROR - Error processing article 3090: string indices must be integers, not 'str'
2025-04-01 09:14:46,433 - ERROR - Error processing article 3091: string indices must be integers, not 'str'
2025-04-01 09:14:46,433 - ERROR - Error processing article 3092: string indices must be integers, not 'str'
2025-04-01 09:14:46,434 - ERROR - Error processing article 3093: string indices must be integers, not 'str'
2025-04-01 09:14:46,434 - ERROR - Error processing article 3094: string indices must be integers, not 'str'
2025-04-01 09:14:46,434 - ERROR - Error processing article 3095: string indices must be integers, not 'str'
2025-04-01 09:14:46,434 - ERROR - Error processing article 3096: string indices must be integers, not 'str'
2025-04-01 09:14:46,434 - ERROR - Error processing article 3097: string indices must be integers, not 'str'
2025-04-01 09:14:46,434 - ERROR - Error processing article 3098: string indices must be integers, not 'str'
2025-04-01 09:14:46,435 - ERROR - Error processing article 3099: string indices must be integers, not 'str'
2025-04-01 09:14:46,435 - INFO - Processed 3100/4459 articles
2025-04-01 09:14:46,435 - ERROR - Error processing article 3100: string indices must be integers, not 'str'
2025-04-01 09:14:46,435 - ERROR - Error processing article 3101: string indices must be integers, not 'str'
2025-04-01 09:14:46,435 - ERROR - Error processing article 3102: string indices must be integers, not 'str'
2025-04-01 09:14:46,435 - ERROR - Error processing article 3103: string indices must be integers, not 'str'
2025-04-01 09:14:46,437 - ERROR - Error processing article 3104: string indices must be integers, not 'str'
2025-04-01 09:14:46,437 - ERROR - Error processing article 3105: string indices must be integers, not 'str'
2025-04-01 09:14:46,437 - ERROR - Error processing article 3106: string indices must be integers, not 'str'
2025-04-01 09:14:46,437 - ERROR - Error processing article 3107: string indices must be integers, not 'str'
2025-04-01 09:14:46,437 - ERROR - Error processing article 3108: string indices must be integers, not 'str'
2025-04-01 09:14:46,437 - ERROR - Error processing article 3109: string indices must be integers, not 'str'
2025-04-01 09:14:46,438 - ERROR - Error processing article 3110: string indices must be integers, not 'str'
2025-04-01 09:14:46,438 - ERROR - Error processing article 3111: string indices must be integers, not 'str'
2025-04-01 09:14:46,438 - ERROR - Error processing article 3112: string indices must be integers, not 'str'
2025-04-01 09:14:46,438 - ERROR - Error processing article 3113: string indices must be integers, not 'str'
2025-04-01 09:14:46,438 - ERROR - Error processing article 3114: string indices must be integers, not 'str'
2025-04-01 09:14:46,438 - ERROR - Error processing article 3115: string indices must be integers, not 'str'
2025-04-01 09:14:46,439 - ERROR - Error processing article 3116: string indices must be integers, not 'str'
2025-04-01 09:14:46,439 - ERROR - Error processing article 3117: string indices must be integers, not 'str'
2025-04-01 09:14:46,439 - ERROR - Error processing article 3118: string indices must be integers, not 'str'
2025-04-01 09:14:46,439 - ERROR - Error processing article 3119: string indices must be integers, not 'str'
2025-04-01 09:14:46,439 - ERROR - Error processing article 3120: string indices must be integers, not 'str'
2025-04-01 09:14:46,439 - ERROR - Error processing article 3121: string indices must be integers, not 'str'
2025-04-01 09:14:46,440 - ERROR - Error processing article 3122: string indices must be integers, not 'str'
2025-04-01 09:14:46,440 - ERROR - Error processing article 3123: string indices must be integers, not 'str'
2025-04-01 09:14:46,440 - ERROR - Error processing article 3124: string indices must be integers, not 'str'
2025-04-01 09:14:46,440 - ERROR - Error processing article 3125: string indices must be integers, not 'str'
2025-04-01 09:14:46,440 - ERROR - Error processing article 3126: string indices must be integers, not 'str'
2025-04-01 09:14:46,440 - ERROR - Error processing article 3127: string indices must be integers, not 'str'
2025-04-01 09:14:46,441 - ERROR - Error processing article 3128: string indices must be integers, not 'str'
2025-04-01 09:14:46,441 - ERROR - Error processing article 3129: string indices must be integers, not 'str'
2025-04-01 09:14:46,441 - ERROR - Error processing article 3130: string indices must be integers, not 'str'
2025-04-01 09:14:46,441 - ERROR - Error processing article 3131: string indices must be integers, not 'str'
2025-04-01 09:14:46,443 - ERROR - Error processing article 3132: string indices must be integers, not 'str'
2025-04-01 09:14:46,443 - ERROR - Error processing article 3133: string indices must be integers, not 'str'
2025-04-01 09:14:46,443 - ERROR - Error processing article 3134: string indices must be integers, not 'str'
2025-04-01 09:14:46,443 - ERROR - Error processing article 3135: string indices must be integers, not 'str'
2025-04-01 09:14:46,443 - ERROR - Error processing article 3136: string indices must be integers, not 'str'
2025-04-01 09:14:46,444 - ERROR - Error processing article 3137: string indices must be integers, not 'str'
2025-04-01 09:14:46,444 - ERROR - Error processing article 3138: string indices must be integers, not 'str'
2025-04-01 09:14:46,444 - ERROR - Error processing article 3139: string indices must be integers, not 'str'
2025-04-01 09:14:46,444 - ERROR - Error processing article 3140: string indices must be integers, not 'str'
2025-04-01 09:14:46,444 - ERROR - Error processing article 3141: string indices must be integers, not 'str'
2025-04-01 09:14:46,445 - ERROR - Error processing article 3142: string indices must be integers, not 'str'
2025-04-01 09:14:46,445 - ERROR - Error processing article 3143: string indices must be integers, not 'str'
2025-04-01 09:14:46,445 - ERROR - Error processing article 3144: string indices must be integers, not 'str'
2025-04-01 09:14:46,445 - ERROR - Error processing article 3145: string indices must be integers, not 'str'
2025-04-01 09:14:46,445 - ERROR - Error processing article 3146: string indices must be integers, not 'str'
2025-04-01 09:14:46,446 - ERROR - Error processing article 3147: string indices must be integers, not 'str'
2025-04-01 09:14:46,446 - ERROR - Error processing article 3148: string indices must be integers, not 'str'
2025-04-01 09:14:46,446 - ERROR - Error processing article 3149: string indices must be integers, not 'str'
2025-04-01 09:14:46,446 - ERROR - Error processing article 3150: string indices must be integers, not 'str'
2025-04-01 09:14:46,446 - ERROR - Error processing article 3151: string indices must be integers, not 'str'
2025-04-01 09:14:46,446 - ERROR - Error processing article 3152: string indices must be integers, not 'str'
2025-04-01 09:14:46,447 - ERROR - Error processing article 3153: string indices must be integers, not 'str'
2025-04-01 09:14:46,447 - ERROR - Error processing article 3154: string indices must be integers, not 'str'
2025-04-01 09:14:46,447 - ERROR - Error processing article 3155: string indices must be integers, not 'str'
2025-04-01 09:14:46,447 - ERROR - Error processing article 3156: string indices must be integers, not 'str'
2025-04-01 09:14:46,447 - ERROR - Error processing article 3157: string indices must be integers, not 'str'
2025-04-01 09:14:46,448 - ERROR - Error processing article 3158: string indices must be integers, not 'str'
2025-04-01 09:14:46,448 - ERROR - Error processing article 3159: string indices must be integers, not 'str'
2025-04-01 09:14:46,448 - ERROR - Error processing article 3160: string indices must be integers, not 'str'
2025-04-01 09:14:46,448 - ERROR - Error processing article 3161: string indices must be integers, not 'str'
2025-04-01 09:14:46,448 - ERROR - Error processing article 3162: string indices must be integers, not 'str'
2025-04-01 09:14:46,449 - ERROR - Error processing article 3163: string indices must be integers, not 'str'
2025-04-01 09:14:46,449 - ERROR - Error processing article 3164: string indices must be integers, not 'str'
2025-04-01 09:14:46,449 - ERROR - Error processing article 3165: string indices must be integers, not 'str'
2025-04-01 09:14:46,449 - ERROR - Error processing article 3166: string indices must be integers, not 'str'
2025-04-01 09:14:46,450 - ERROR - Error processing article 3167: string indices must be integers, not 'str'
2025-04-01 09:14:46,450 - ERROR - Error processing article 3168: string indices must be integers, not 'str'
2025-04-01 09:14:46,450 - ERROR - Error processing article 3169: string indices must be integers, not 'str'
2025-04-01 09:14:46,450 - ERROR - Error processing article 3170: string indices must be integers, not 'str'
2025-04-01 09:14:46,450 - ERROR - Error processing article 3171: string indices must be integers, not 'str'
2025-04-01 09:14:46,450 - ERROR - Error processing article 3172: string indices must be integers, not 'str'
2025-04-01 09:14:46,450 - ERROR - Error processing article 3173: string indices must be integers, not 'str'
2025-04-01 09:14:46,450 - ERROR - Error processing article 3174: string indices must be integers, not 'str'
2025-04-01 09:14:46,450 - ERROR - Error processing article 3175: string indices must be integers, not 'str'
2025-04-01 09:14:46,450 - ERROR - Error processing article 3176: string indices must be integers, not 'str'
2025-04-01 09:14:46,450 - ERROR - Error processing article 3177: string indices must be integers, not 'str'
2025-04-01 09:14:46,450 - ERROR - Error processing article 3178: string indices must be integers, not 'str'
2025-04-01 09:14:46,450 - ERROR - Error processing article 3179: string indices must be integers, not 'str'
2025-04-01 09:14:46,450 - ERROR - Error processing article 3180: string indices must be integers, not 'str'
2025-04-01 09:14:46,453 - ERROR - Error processing article 3181: string indices must be integers, not 'str'
2025-04-01 09:14:46,453 - ERROR - Error processing article 3182: string indices must be integers, not 'str'
2025-04-01 09:14:46,453 - ERROR - Error processing article 3183: string indices must be integers, not 'str'
2025-04-01 09:14:46,453 - ERROR - Error processing article 3184: string indices must be integers, not 'str'
2025-04-01 09:14:46,453 - ERROR - Error processing article 3185: string indices must be integers, not 'str'
2025-04-01 09:14:46,453 - ERROR - Error processing article 3186: string indices must be integers, not 'str'
2025-04-01 09:14:46,454 - ERROR - Error processing article 3187: string indices must be integers, not 'str'
2025-04-01 09:14:46,454 - ERROR - Error processing article 3188: string indices must be integers, not 'str'
2025-04-01 09:14:46,454 - ERROR - Error processing article 3189: string indices must be integers, not 'str'
2025-04-01 09:14:46,454 - ERROR - Error processing article 3190: string indices must be integers, not 'str'
2025-04-01 09:14:46,454 - ERROR - Error processing article 3191: string indices must be integers, not 'str'
2025-04-01 09:14:46,455 - ERROR - Error processing article 3192: string indices must be integers, not 'str'
2025-04-01 09:14:46,455 - ERROR - Error processing article 3193: string indices must be integers, not 'str'
2025-04-01 09:14:46,455 - ERROR - Error processing article 3194: string indices must be integers, not 'str'
2025-04-01 09:14:46,455 - ERROR - Error processing article 3195: string indices must be integers, not 'str'
2025-04-01 09:14:46,455 - ERROR - Error processing article 3196: string indices must be integers, not 'str'
2025-04-01 09:14:46,455 - ERROR - Error processing article 3197: string indices must be integers, not 'str'
2025-04-01 09:14:46,455 - ERROR - Error processing article 3198: string indices must be integers, not 'str'
2025-04-01 09:14:46,456 - ERROR - Error processing article 3199: string indices must be integers, not 'str'
2025-04-01 09:14:46,456 - INFO - Processed 3200/4459 articles
2025-04-01 09:14:46,456 - ERROR - Error processing article 3200: string indices must be integers, not 'str'
2025-04-01 09:14:46,456 - ERROR - Error processing article 3201: string indices must be integers, not 'str'
2025-04-01 09:14:46,456 - ERROR - Error processing article 3202: string indices must be integers, not 'str'
2025-04-01 09:14:46,456 - ERROR - Error processing article 3203: string indices must be integers, not 'str'
2025-04-01 09:14:46,457 - ERROR - Error processing article 3204: string indices must be integers, not 'str'
2025-04-01 09:14:46,457 - ERROR - Error processing article 3205: string indices must be integers, not 'str'
2025-04-01 09:14:46,457 - ERROR - Error processing article 3206: string indices must be integers, not 'str'
2025-04-01 09:14:46,457 - ERROR - Error processing article 3207: string indices must be integers, not 'str'
2025-04-01 09:14:46,457 - ERROR - Error processing article 3208: string indices must be integers, not 'str'
2025-04-01 09:14:46,458 - ERROR - Error processing article 3209: string indices must be integers, not 'str'
2025-04-01 09:14:46,458 - ERROR - Error processing article 3210: string indices must be integers, not 'str'
2025-04-01 09:14:46,458 - ERROR - Error processing article 3211: string indices must be integers, not 'str'
2025-04-01 09:14:46,458 - ERROR - Error processing article 3212: string indices must be integers, not 'str'
2025-04-01 09:14:46,458 - ERROR - Error processing article 3213: string indices must be integers, not 'str'
2025-04-01 09:14:46,459 - ERROR - Error processing article 3214: string indices must be integers, not 'str'
2025-04-01 09:14:46,460 - ERROR - Error processing article 3215: string indices must be integers, not 'str'
2025-04-01 09:14:46,460 - ERROR - Error processing article 3216: string indices must be integers, not 'str'
2025-04-01 09:14:46,460 - ERROR - Error processing article 3217: string indices must be integers, not 'str'
2025-04-01 09:14:46,460 - ERROR - Error processing article 3218: string indices must be integers, not 'str'
2025-04-01 09:14:46,460 - ERROR - Error processing article 3219: string indices must be integers, not 'str'
2025-04-01 09:14:46,461 - ERROR - Error processing article 3220: string indices must be integers, not 'str'
2025-04-01 09:14:46,461 - ERROR - Error processing article 3221: string indices must be integers, not 'str'
2025-04-01 09:14:46,461 - ERROR - Error processing article 3222: string indices must be integers, not 'str'
2025-04-01 09:14:46,461 - ERROR - Error processing article 3223: string indices must be integers, not 'str'
2025-04-01 09:14:46,461 - ERROR - Error processing article 3224: string indices must be integers, not 'str'
2025-04-01 09:14:46,461 - ERROR - Error processing article 3225: string indices must be integers, not 'str'
2025-04-01 09:14:46,461 - ERROR - Error processing article 3226: string indices must be integers, not 'str'
2025-04-01 09:14:46,461 - ERROR - Error processing article 3227: string indices must be integers, not 'str'
2025-04-01 09:14:46,465 - ERROR - Error processing article 3228: string indices must be integers, not 'str'
2025-04-01 09:14:46,466 - ERROR - Error processing article 3229: string indices must be integers, not 'str'
2025-04-01 09:14:46,466 - ERROR - Error processing article 3230: string indices must be integers, not 'str'
2025-04-01 09:14:46,466 - ERROR - Error processing article 3231: string indices must be integers, not 'str'
2025-04-01 09:14:46,466 - ERROR - Error processing article 3232: string indices must be integers, not 'str'
2025-04-01 09:14:46,466 - ERROR - Error processing article 3233: string indices must be integers, not 'str'
2025-04-01 09:14:46,468 - ERROR - Error processing article 3234: string indices must be integers, not 'str'
2025-04-01 09:14:46,468 - ERROR - Error processing article 3235: string indices must be integers, not 'str'
2025-04-01 09:14:46,468 - ERROR - Error processing article 3236: string indices must be integers, not 'str'
2025-04-01 09:14:46,468 - ERROR - Error processing article 3237: string indices must be integers, not 'str'
2025-04-01 09:14:46,469 - ERROR - Error processing article 3238: string indices must be integers, not 'str'
2025-04-01 09:14:46,469 - ERROR - Error processing article 3239: string indices must be integers, not 'str'
2025-04-01 09:14:46,469 - ERROR - Error processing article 3240: string indices must be integers, not 'str'
2025-04-01 09:14:46,469 - ERROR - Error processing article 3241: string indices must be integers, not 'str'
2025-04-01 09:14:46,469 - ERROR - Error processing article 3242: string indices must be integers, not 'str'
2025-04-01 09:14:46,470 - ERROR - Error processing article 3243: string indices must be integers, not 'str'
2025-04-01 09:14:46,470 - ERROR - Error processing article 3244: string indices must be integers, not 'str'
2025-04-01 09:14:46,470 - ERROR - Error processing article 3245: string indices must be integers, not 'str'
2025-04-01 09:14:46,471 - ERROR - Error processing article 3246: string indices must be integers, not 'str'
2025-04-01 09:14:46,471 - ERROR - Error processing article 3247: string indices must be integers, not 'str'
2025-04-01 09:14:46,471 - ERROR - Error processing article 3248: string indices must be integers, not 'str'
2025-04-01 09:14:46,471 - ERROR - Error processing article 3249: string indices must be integers, not 'str'
2025-04-01 09:14:46,472 - ERROR - Error processing article 3250: string indices must be integers, not 'str'
2025-04-01 09:14:46,472 - ERROR - Error processing article 3251: string indices must be integers, not 'str'
2025-04-01 09:14:46,472 - ERROR - Error processing article 3252: string indices must be integers, not 'str'
2025-04-01 09:14:46,473 - ERROR - Error processing article 3253: string indices must be integers, not 'str'
2025-04-01 09:14:46,473 - ERROR - Error processing article 3254: string indices must be integers, not 'str'
2025-04-01 09:14:46,473 - ERROR - Error processing article 3255: string indices must be integers, not 'str'
2025-04-01 09:14:46,473 - ERROR - Error processing article 3256: string indices must be integers, not 'str'
2025-04-01 09:14:46,474 - ERROR - Error processing article 3257: string indices must be integers, not 'str'
2025-04-01 09:14:46,474 - ERROR - Error processing article 3258: string indices must be integers, not 'str'
2025-04-01 09:14:46,474 - ERROR - Error processing article 3259: string indices must be integers, not 'str'
2025-04-01 09:14:46,474 - ERROR - Error processing article 3260: string indices must be integers, not 'str'
2025-04-01 09:14:46,476 - ERROR - Error processing article 3261: string indices must be integers, not 'str'
2025-04-01 09:14:46,476 - ERROR - Error processing article 3262: string indices must be integers, not 'str'
2025-04-01 09:14:46,476 - ERROR - Error processing article 3263: string indices must be integers, not 'str'
2025-04-01 09:14:46,476 - ERROR - Error processing article 3264: string indices must be integers, not 'str'
2025-04-01 09:14:46,477 - ERROR - Error processing article 3265: string indices must be integers, not 'str'
2025-04-01 09:14:46,477 - ERROR - Error processing article 3266: string indices must be integers, not 'str'
2025-04-01 09:14:46,477 - ERROR - Error processing article 3267: string indices must be integers, not 'str'
2025-04-01 09:14:46,477 - ERROR - Error processing article 3268: string indices must be integers, not 'str'
2025-04-01 09:14:46,478 - ERROR - Error processing article 3269: string indices must be integers, not 'str'
2025-04-01 09:14:46,478 - ERROR - Error processing article 3270: string indices must be integers, not 'str'
2025-04-01 09:14:46,478 - ERROR - Error processing article 3271: string indices must be integers, not 'str'
2025-04-01 09:14:46,478 - ERROR - Error processing article 3272: string indices must be integers, not 'str'
2025-04-01 09:14:46,479 - ERROR - Error processing article 3273: string indices must be integers, not 'str'
2025-04-01 09:14:46,479 - ERROR - Error processing article 3274: string indices must be integers, not 'str'
2025-04-01 09:14:46,479 - ERROR - Error processing article 3275: string indices must be integers, not 'str'
2025-04-01 09:14:46,479 - ERROR - Error processing article 3276: string indices must be integers, not 'str'
2025-04-01 09:14:46,480 - ERROR - Error processing article 3277: string indices must be integers, not 'str'
2025-04-01 09:14:46,480 - ERROR - Error processing article 3278: string indices must be integers, not 'str'
2025-04-01 09:14:46,480 - ERROR - Error processing article 3279: string indices must be integers, not 'str'
2025-04-01 09:14:46,481 - ERROR - Error processing article 3280: string indices must be integers, not 'str'
2025-04-01 09:14:46,481 - ERROR - Error processing article 3281: string indices must be integers, not 'str'
2025-04-01 09:14:46,481 - ERROR - Error processing article 3282: string indices must be integers, not 'str'
2025-04-01 09:14:46,483 - ERROR - Error processing article 3283: string indices must be integers, not 'str'
2025-04-01 09:14:46,483 - ERROR - Error processing article 3284: string indices must be integers, not 'str'
2025-04-01 09:14:46,483 - ERROR - Error processing article 3285: string indices must be integers, not 'str'
2025-04-01 09:14:46,483 - ERROR - Error processing article 3286: string indices must be integers, not 'str'
2025-04-01 09:14:46,484 - ERROR - Error processing article 3287: string indices must be integers, not 'str'
2025-04-01 09:14:46,484 - ERROR - Error processing article 3288: string indices must be integers, not 'str'
2025-04-01 09:14:46,484 - ERROR - Error processing article 3289: string indices must be integers, not 'str'
2025-04-01 09:14:46,485 - ERROR - Error processing article 3290: string indices must be integers, not 'str'
2025-04-01 09:14:46,485 - ERROR - Error processing article 3291: string indices must be integers, not 'str'
2025-04-01 09:14:46,485 - ERROR - Error processing article 3292: string indices must be integers, not 'str'
2025-04-01 09:14:46,485 - ERROR - Error processing article 3293: string indices must be integers, not 'str'
2025-04-01 09:14:46,486 - ERROR - Error processing article 3294: string indices must be integers, not 'str'
2025-04-01 09:14:46,486 - ERROR - Error processing article 3295: string indices must be integers, not 'str'
2025-04-01 09:14:46,486 - ERROR - Error processing article 3296: string indices must be integers, not 'str'
2025-04-01 09:14:46,486 - ERROR - Error processing article 3297: string indices must be integers, not 'str'
2025-04-01 09:14:46,487 - ERROR - Error processing article 3298: string indices must be integers, not 'str'
2025-04-01 09:14:46,487 - ERROR - Error processing article 3299: string indices must be integers, not 'str'
2025-04-01 09:14:46,487 - INFO - Processed 3300/4459 articles
2025-04-01 09:14:46,487 - ERROR - Error processing article 3300: string indices must be integers, not 'str'
2025-04-01 09:14:46,488 - ERROR - Error processing article 3301: string indices must be integers, not 'str'
2025-04-01 09:14:46,488 - ERROR - Error processing article 3302: string indices must be integers, not 'str'
2025-04-01 09:14:46,488 - ERROR - Error processing article 3303: string indices must be integers, not 'str'
2025-04-01 09:14:46,488 - ERROR - Error processing article 3304: string indices must be integers, not 'str'
2025-04-01 09:14:46,489 - ERROR - Error processing article 3305: string indices must be integers, not 'str'
2025-04-01 09:14:46,489 - ERROR - Error processing article 3306: string indices must be integers, not 'str'
2025-04-01 09:14:46,489 - ERROR - Error processing article 3307: string indices must be integers, not 'str'
2025-04-01 09:14:46,489 - ERROR - Error processing article 3308: string indices must be integers, not 'str'
2025-04-01 09:14:46,490 - ERROR - Error processing article 3309: string indices must be integers, not 'str'
2025-04-01 09:14:46,490 - ERROR - Error processing article 3310: string indices must be integers, not 'str'
2025-04-01 09:14:46,490 - ERROR - Error processing article 3311: string indices must be integers, not 'str'
2025-04-01 09:14:46,490 - ERROR - Error processing article 3312: string indices must be integers, not 'str'
2025-04-01 09:14:46,492 - ERROR - Error processing article 3313: string indices must be integers, not 'str'
2025-04-01 09:14:46,492 - ERROR - Error processing article 3314: string indices must be integers, not 'str'
2025-04-01 09:14:46,492 - ERROR - Error processing article 3315: string indices must be integers, not 'str'
2025-04-01 09:14:46,492 - ERROR - Error processing article 3316: string indices must be integers, not 'str'
2025-04-01 09:14:46,493 - ERROR - Error processing article 3317: string indices must be integers, not 'str'
2025-04-01 09:14:46,493 - ERROR - Error processing article 3318: string indices must be integers, not 'str'
2025-04-01 09:14:46,493 - ERROR - Error processing article 3319: string indices must be integers, not 'str'
2025-04-01 09:14:46,493 - ERROR - Error processing article 3320: string indices must be integers, not 'str'
2025-04-01 09:14:46,494 - ERROR - Error processing article 3321: string indices must be integers, not 'str'
2025-04-01 09:14:46,494 - ERROR - Error processing article 3322: string indices must be integers, not 'str'
2025-04-01 09:14:46,494 - ERROR - Error processing article 3323: string indices must be integers, not 'str'
2025-04-01 09:14:46,495 - ERROR - Error processing article 3324: string indices must be integers, not 'str'
2025-04-01 09:14:46,495 - ERROR - Error processing article 3325: string indices must be integers, not 'str'
2025-04-01 09:14:46,495 - ERROR - Error processing article 3326: string indices must be integers, not 'str'
2025-04-01 09:14:46,495 - ERROR - Error processing article 3327: string indices must be integers, not 'str'
2025-04-01 09:14:46,496 - ERROR - Error processing article 3328: string indices must be integers, not 'str'
2025-04-01 09:14:46,496 - ERROR - Error processing article 3329: string indices must be integers, not 'str'
2025-04-01 09:14:46,496 - ERROR - Error processing article 3330: string indices must be integers, not 'str'
2025-04-01 09:14:46,497 - ERROR - Error processing article 3331: string indices must be integers, not 'str'
2025-04-01 09:14:46,498 - ERROR - Error processing article 3332: string indices must be integers, not 'str'
2025-04-01 09:14:46,499 - ERROR - Error processing article 3333: string indices must be integers, not 'str'
2025-04-01 09:14:46,500 - ERROR - Error processing article 3334: string indices must be integers, not 'str'
2025-04-01 09:14:46,500 - ERROR - Error processing article 3335: string indices must be integers, not 'str'
2025-04-01 09:14:46,500 - ERROR - Error processing article 3336: string indices must be integers, not 'str'
2025-04-01 09:14:46,501 - ERROR - Error processing article 3337: string indices must be integers, not 'str'
2025-04-01 09:14:46,501 - ERROR - Error processing article 3338: string indices must be integers, not 'str'
2025-04-01 09:14:46,501 - ERROR - Error processing article 3339: string indices must be integers, not 'str'
2025-04-01 09:14:46,501 - ERROR - Error processing article 3340: string indices must be integers, not 'str'
2025-04-01 09:14:46,501 - ERROR - Error processing article 3341: string indices must be integers, not 'str'
2025-04-01 09:14:46,501 - ERROR - Error processing article 3342: string indices must be integers, not 'str'
2025-04-01 09:14:46,503 - ERROR - Error processing article 3343: string indices must be integers, not 'str'
2025-04-01 09:14:46,503 - ERROR - Error processing article 3344: string indices must be integers, not 'str'
2025-04-01 09:14:46,503 - ERROR - Error processing article 3345: string indices must be integers, not 'str'
2025-04-01 09:14:46,503 - ERROR - Error processing article 3346: string indices must be integers, not 'str'
2025-04-01 09:14:46,503 - ERROR - Error processing article 3347: string indices must be integers, not 'str'
2025-04-01 09:14:46,503 - ERROR - Error processing article 3348: string indices must be integers, not 'str'
2025-04-01 09:14:46,503 - ERROR - Error processing article 3349: string indices must be integers, not 'str'
2025-04-01 09:14:46,503 - ERROR - Error processing article 3350: string indices must be integers, not 'str'
2025-04-01 09:14:46,503 - ERROR - Error processing article 3351: string indices must be integers, not 'str'
2025-04-01 09:14:46,503 - ERROR - Error processing article 3352: string indices must be integers, not 'str'
2025-04-01 09:14:46,503 - ERROR - Error processing article 3353: string indices must be integers, not 'str'
2025-04-01 09:14:46,503 - ERROR - Error processing article 3354: string indices must be integers, not 'str'
2025-04-01 09:14:46,503 - ERROR - Error processing article 3355: string indices must be integers, not 'str'
2025-04-01 09:14:46,503 - ERROR - Error processing article 3356: string indices must be integers, not 'str'
2025-04-01 09:14:46,503 - ERROR - Error processing article 3357: string indices must be integers, not 'str'
2025-04-01 09:14:46,503 - ERROR - Error processing article 3358: string indices must be integers, not 'str'
2025-04-01 09:14:46,503 - ERROR - Error processing article 3359: string indices must be integers, not 'str'
2025-04-01 09:14:46,503 - ERROR - Error processing article 3360: string indices must be integers, not 'str'
2025-04-01 09:14:46,503 - ERROR - Error processing article 3361: string indices must be integers, not 'str'
2025-04-01 09:14:46,503 - ERROR - Error processing article 3362: string indices must be integers, not 'str'
2025-04-01 09:14:46,503 - ERROR - Error processing article 3363: string indices must be integers, not 'str'
2025-04-01 09:14:46,503 - ERROR - Error processing article 3364: string indices must be integers, not 'str'
2025-04-01 09:14:46,503 - ERROR - Error processing article 3365: string indices must be integers, not 'str'
2025-04-01 09:14:46,503 - ERROR - Error processing article 3366: string indices must be integers, not 'str'
2025-04-01 09:14:46,503 - ERROR - Error processing article 3367: string indices must be integers, not 'str'
2025-04-01 09:14:46,503 - ERROR - Error processing article 3368: string indices must be integers, not 'str'
2025-04-01 09:14:46,503 - ERROR - Error processing article 3369: string indices must be integers, not 'str'
2025-04-01 09:14:46,503 - ERROR - Error processing article 3370: string indices must be integers, not 'str'
2025-04-01 09:14:46,503 - ERROR - Error processing article 3371: string indices must be integers, not 'str'
2025-04-01 09:14:46,503 - ERROR - Error processing article 3372: string indices must be integers, not 'str'
2025-04-01 09:14:46,503 - ERROR - Error processing article 3373: string indices must be integers, not 'str'
2025-04-01 09:14:46,503 - ERROR - Error processing article 3374: string indices must be integers, not 'str'
2025-04-01 09:14:46,503 - ERROR - Error processing article 3375: string indices must be integers, not 'str'
2025-04-01 09:14:46,503 - ERROR - Error processing article 3376: string indices must be integers, not 'str'
2025-04-01 09:14:46,503 - ERROR - Error processing article 3377: string indices must be integers, not 'str'
2025-04-01 09:14:46,503 - ERROR - Error processing article 3378: string indices must be integers, not 'str'
2025-04-01 09:14:46,514 - ERROR - Error processing article 3379: string indices must be integers, not 'str'
2025-04-01 09:14:46,514 - ERROR - Error processing article 3380: string indices must be integers, not 'str'
2025-04-01 09:14:46,514 - ERROR - Error processing article 3381: string indices must be integers, not 'str'
2025-04-01 09:14:46,515 - ERROR - Error processing article 3382: string indices must be integers, not 'str'
2025-04-01 09:14:46,515 - ERROR - Error processing article 3383: string indices must be integers, not 'str'
2025-04-01 09:14:46,515 - ERROR - Error processing article 3384: string indices must be integers, not 'str'
2025-04-01 09:14:46,516 - ERROR - Error processing article 3385: string indices must be integers, not 'str'
2025-04-01 09:14:46,516 - ERROR - Error processing article 3386: string indices must be integers, not 'str'
2025-04-01 09:14:46,516 - ERROR - Error processing article 3387: string indices must be integers, not 'str'
2025-04-01 09:14:46,517 - ERROR - Error processing article 3388: string indices must be integers, not 'str'
2025-04-01 09:14:46,517 - ERROR - Error processing article 3389: string indices must be integers, not 'str'
2025-04-01 09:14:46,517 - ERROR - Error processing article 3390: string indices must be integers, not 'str'
2025-04-01 09:14:46,517 - ERROR - Error processing article 3391: string indices must be integers, not 'str'
2025-04-01 09:14:46,519 - ERROR - Error processing article 3392: string indices must be integers, not 'str'
2025-04-01 09:14:46,519 - ERROR - Error processing article 3393: string indices must be integers, not 'str'
2025-04-01 09:14:46,519 - ERROR - Error processing article 3394: string indices must be integers, not 'str'
2025-04-01 09:14:46,519 - ERROR - Error processing article 3395: string indices must be integers, not 'str'
2025-04-01 09:14:46,519 - ERROR - Error processing article 3396: string indices must be integers, not 'str'
2025-04-01 09:14:46,520 - ERROR - Error processing article 3397: string indices must be integers, not 'str'
2025-04-01 09:14:46,520 - ERROR - Error processing article 3398: string indices must be integers, not 'str'
2025-04-01 09:14:46,520 - ERROR - Error processing article 3399: string indices must be integers, not 'str'
2025-04-01 09:14:46,520 - INFO - Processed 3400/4459 articles
2025-04-01 09:14:46,521 - ERROR - Error processing article 3400: string indices must be integers, not 'str'
2025-04-01 09:14:46,521 - ERROR - Error processing article 3401: string indices must be integers, not 'str'
2025-04-01 09:14:46,521 - ERROR - Error processing article 3402: string indices must be integers, not 'str'
2025-04-01 09:14:46,522 - ERROR - Error processing article 3403: string indices must be integers, not 'str'
2025-04-01 09:14:46,522 - ERROR - Error processing article 3404: string indices must be integers, not 'str'
2025-04-01 09:14:46,522 - ERROR - Error processing article 3405: string indices must be integers, not 'str'
2025-04-01 09:14:46,523 - ERROR - Error processing article 3406: string indices must be integers, not 'str'
2025-04-01 09:14:46,523 - ERROR - Error processing article 3407: string indices must be integers, not 'str'
2025-04-01 09:14:46,523 - ERROR - Error processing article 3408: string indices must be integers, not 'str'
2025-04-01 09:14:46,523 - ERROR - Error processing article 3409: string indices must be integers, not 'str'
2025-04-01 09:14:46,524 - ERROR - Error processing article 3410: string indices must be integers, not 'str'
2025-04-01 09:14:46,524 - ERROR - Error processing article 3411: string indices must be integers, not 'str'
2025-04-01 09:14:46,524 - ERROR - Error processing article 3412: string indices must be integers, not 'str'
2025-04-01 09:14:46,525 - ERROR - Error processing article 3413: string indices must be integers, not 'str'
2025-04-01 09:14:46,525 - ERROR - Error processing article 3414: string indices must be integers, not 'str'
2025-04-01 09:14:46,525 - ERROR - Error processing article 3415: string indices must be integers, not 'str'
2025-04-01 09:14:46,525 - ERROR - Error processing article 3416: string indices must be integers, not 'str'
2025-04-01 09:14:46,526 - ERROR - Error processing article 3417: string indices must be integers, not 'str'
2025-04-01 09:14:46,526 - ERROR - Error processing article 3418: string indices must be integers, not 'str'
2025-04-01 09:14:46,526 - ERROR - Error processing article 3419: string indices must be integers, not 'str'
2025-04-01 09:14:46,527 - ERROR - Error processing article 3420: string indices must be integers, not 'str'
2025-04-01 09:14:46,527 - ERROR - Error processing article 3421: string indices must be integers, not 'str'
2025-04-01 09:14:46,527 - ERROR - Error processing article 3422: string indices must be integers, not 'str'
2025-04-01 09:14:46,527 - ERROR - Error processing article 3423: string indices must be integers, not 'str'
2025-04-01 09:14:46,529 - ERROR - Error processing article 3424: string indices must be integers, not 'str'
2025-04-01 09:14:46,529 - ERROR - Error processing article 3425: string indices must be integers, not 'str'
2025-04-01 09:14:46,529 - ERROR - Error processing article 3426: string indices must be integers, not 'str'
2025-04-01 09:14:46,530 - ERROR - Error processing article 3427: string indices must be integers, not 'str'
2025-04-01 09:14:46,530 - ERROR - Error processing article 3428: string indices must be integers, not 'str'
2025-04-01 09:14:46,530 - ERROR - Error processing article 3429: string indices must be integers, not 'str'
2025-04-01 09:14:46,530 - ERROR - Error processing article 3430: string indices must be integers, not 'str'
2025-04-01 09:14:46,531 - ERROR - Error processing article 3431: string indices must be integers, not 'str'
2025-04-01 09:14:46,531 - ERROR - Error processing article 3432: string indices must be integers, not 'str'
2025-04-01 09:14:46,531 - ERROR - Error processing article 3433: string indices must be integers, not 'str'
2025-04-01 09:14:46,531 - ERROR - Error processing article 3434: string indices must be integers, not 'str'
2025-04-01 09:14:46,532 - ERROR - Error processing article 3435: string indices must be integers, not 'str'
2025-04-01 09:14:46,532 - ERROR - Error processing article 3436: string indices must be integers, not 'str'
2025-04-01 09:14:46,532 - ERROR - Error processing article 3437: string indices must be integers, not 'str'
2025-04-01 09:14:46,533 - ERROR - Error processing article 3438: string indices must be integers, not 'str'
2025-04-01 09:14:46,533 - ERROR - Error processing article 3439: string indices must be integers, not 'str'
2025-04-01 09:14:46,533 - ERROR - Error processing article 3440: string indices must be integers, not 'str'
2025-04-01 09:14:46,533 - ERROR - Error processing article 3441: string indices must be integers, not 'str'
2025-04-01 09:14:46,535 - ERROR - Error processing article 3442: string indices must be integers, not 'str'
2025-04-01 09:14:46,535 - ERROR - Error processing article 3443: string indices must be integers, not 'str'
2025-04-01 09:14:46,535 - ERROR - Error processing article 3444: string indices must be integers, not 'str'
2025-04-01 09:14:46,536 - ERROR - Error processing article 3445: string indices must be integers, not 'str'
2025-04-01 09:14:46,536 - ERROR - Error processing article 3446: string indices must be integers, not 'str'
2025-04-01 09:14:46,536 - ERROR - Error processing article 3447: string indices must be integers, not 'str'
2025-04-01 09:14:46,537 - ERROR - Error processing article 3448: string indices must be integers, not 'str'
2025-04-01 09:14:46,537 - ERROR - Error processing article 3449: string indices must be integers, not 'str'
2025-04-01 09:14:46,537 - ERROR - Error processing article 3450: string indices must be integers, not 'str'
2025-04-01 09:14:46,537 - ERROR - Error processing article 3451: string indices must be integers, not 'str'
2025-04-01 09:14:46,538 - ERROR - Error processing article 3452: string indices must be integers, not 'str'
2025-04-01 09:14:46,538 - ERROR - Error processing article 3453: string indices must be integers, not 'str'
2025-04-01 09:14:46,538 - ERROR - Error processing article 3454: string indices must be integers, not 'str'
2025-04-01 09:14:46,539 - ERROR - Error processing article 3455: string indices must be integers, not 'str'
2025-04-01 09:14:46,539 - ERROR - Error processing article 3456: string indices must be integers, not 'str'
2025-04-01 09:14:46,539 - ERROR - Error processing article 3457: string indices must be integers, not 'str'
2025-04-01 09:14:46,540 - ERROR - Error processing article 3458: string indices must be integers, not 'str'
2025-04-01 09:14:46,540 - ERROR - Error processing article 3459: string indices must be integers, not 'str'
2025-04-01 09:14:46,540 - ERROR - Error processing article 3460: string indices must be integers, not 'str'
2025-04-01 09:14:46,540 - ERROR - Error processing article 3461: string indices must be integers, not 'str'
2025-04-01 09:14:46,541 - ERROR - Error processing article 3462: string indices must be integers, not 'str'
2025-04-01 09:14:46,541 - ERROR - Error processing article 3463: string indices must be integers, not 'str'
2025-04-01 09:14:46,541 - ERROR - Error processing article 3464: string indices must be integers, not 'str'
2025-04-01 09:14:46,541 - ERROR - Error processing article 3465: string indices must be integers, not 'str'
2025-04-01 09:14:46,542 - ERROR - Error processing article 3466: string indices must be integers, not 'str'
2025-04-01 09:14:46,542 - ERROR - Error processing article 3467: string indices must be integers, not 'str'
2025-04-01 09:14:46,542 - ERROR - Error processing article 3468: string indices must be integers, not 'str'
2025-04-01 09:14:46,542 - ERROR - Error processing article 3469: string indices must be integers, not 'str'
2025-04-01 09:14:46,542 - ERROR - Error processing article 3470: string indices must be integers, not 'str'
2025-04-01 09:14:46,543 - ERROR - Error processing article 3471: string indices must be integers, not 'str'
2025-04-01 09:14:46,543 - ERROR - Error processing article 3472: string indices must be integers, not 'str'
2025-04-01 09:14:46,543 - ERROR - Error processing article 3473: string indices must be integers, not 'str'
2025-04-01 09:14:46,543 - ERROR - Error processing article 3474: string indices must be integers, not 'str'
2025-04-01 09:14:46,545 - ERROR - Error processing article 3475: string indices must be integers, not 'str'
2025-04-01 09:14:46,545 - ERROR - Error processing article 3476: string indices must be integers, not 'str'
2025-04-01 09:14:46,545 - ERROR - Error processing article 3477: string indices must be integers, not 'str'
2025-04-01 09:14:46,545 - ERROR - Error processing article 3478: string indices must be integers, not 'str'
2025-04-01 09:14:46,545 - ERROR - Error processing article 3479: string indices must be integers, not 'str'
2025-04-01 09:14:46,545 - ERROR - Error processing article 3480: string indices must be integers, not 'str'
2025-04-01 09:14:46,546 - ERROR - Error processing article 3481: string indices must be integers, not 'str'
2025-04-01 09:14:46,546 - ERROR - Error processing article 3482: string indices must be integers, not 'str'
2025-04-01 09:14:46,546 - ERROR - Error processing article 3483: string indices must be integers, not 'str'
2025-04-01 09:14:46,546 - ERROR - Error processing article 3484: string indices must be integers, not 'str'
2025-04-01 09:14:46,547 - ERROR - Error processing article 3485: string indices must be integers, not 'str'
2025-04-01 09:14:46,547 - ERROR - Error processing article 3486: string indices must be integers, not 'str'
2025-04-01 09:14:46,548 - ERROR - Error processing article 3487: string indices must be integers, not 'str'
2025-04-01 09:14:46,548 - ERROR - Error processing article 3488: string indices must be integers, not 'str'
2025-04-01 09:14:46,548 - ERROR - Error processing article 3489: string indices must be integers, not 'str'
2025-04-01 09:14:46,548 - ERROR - Error processing article 3490: string indices must be integers, not 'str'
2025-04-01 09:14:46,549 - ERROR - Error processing article 3491: string indices must be integers, not 'str'
2025-04-01 09:14:46,549 - ERROR - Error processing article 3492: string indices must be integers, not 'str'
2025-04-01 09:14:46,549 - ERROR - Error processing article 3493: string indices must be integers, not 'str'
2025-04-01 09:14:46,549 - ERROR - Error processing article 3494: string indices must be integers, not 'str'
2025-04-01 09:14:46,550 - ERROR - Error processing article 3495: string indices must be integers, not 'str'
2025-04-01 09:14:46,550 - ERROR - Error processing article 3496: string indices must be integers, not 'str'
2025-04-01 09:14:46,550 - ERROR - Error processing article 3497: string indices must be integers, not 'str'
2025-04-01 09:14:46,550 - ERROR - Error processing article 3498: string indices must be integers, not 'str'
2025-04-01 09:14:46,550 - ERROR - Error processing article 3499: string indices must be integers, not 'str'
2025-04-01 09:14:46,551 - INFO - Processed 3500/4459 articles
2025-04-01 09:14:46,551 - ERROR - Error processing article 3500: string indices must be integers, not 'str'
2025-04-01 09:14:46,551 - ERROR - Error processing article 3501: string indices must be integers, not 'str'
2025-04-01 09:14:46,552 - ERROR - Error processing article 3502: string indices must be integers, not 'str'
2025-04-01 09:14:46,552 - ERROR - Error processing article 3503: string indices must be integers, not 'str'
2025-04-01 09:14:46,552 - ERROR - Error processing article 3504: string indices must be integers, not 'str'
2025-04-01 09:14:46,552 - ERROR - Error processing article 3505: string indices must be integers, not 'str'
2025-04-01 09:14:46,552 - ERROR - Error processing article 3506: string indices must be integers, not 'str'
2025-04-01 09:14:46,552 - ERROR - Error processing article 3507: string indices must be integers, not 'str'
2025-04-01 09:14:46,552 - ERROR - Error processing article 3508: string indices must be integers, not 'str'
2025-04-01 09:14:46,553 - ERROR - Error processing article 3509: string indices must be integers, not 'str'
2025-04-01 09:14:46,553 - ERROR - Error processing article 3510: string indices must be integers, not 'str'
2025-04-01 09:14:46,553 - ERROR - Error processing article 3511: string indices must be integers, not 'str'
2025-04-01 09:14:46,553 - ERROR - Error processing article 3512: string indices must be integers, not 'str'
2025-04-01 09:14:46,553 - ERROR - Error processing article 3513: string indices must be integers, not 'str'
2025-04-01 09:14:46,554 - ERROR - Error processing article 3514: string indices must be integers, not 'str'
2025-04-01 09:14:46,554 - ERROR - Error processing article 3515: string indices must be integers, not 'str'
2025-04-01 09:14:46,554 - ERROR - Error processing article 3516: string indices must be integers, not 'str'
2025-04-01 09:14:46,554 - ERROR - Error processing article 3517: string indices must be integers, not 'str'
2025-04-01 09:14:46,554 - ERROR - Error processing article 3518: string indices must be integers, not 'str'
2025-04-01 09:14:46,555 - ERROR - Error processing article 3519: string indices must be integers, not 'str'
2025-04-01 09:14:46,555 - ERROR - Error processing article 3520: string indices must be integers, not 'str'
2025-04-01 09:14:46,555 - ERROR - Error processing article 3521: string indices must be integers, not 'str'
2025-04-01 09:14:46,555 - ERROR - Error processing article 3522: string indices must be integers, not 'str'
2025-04-01 09:14:46,555 - ERROR - Error processing article 3523: string indices must be integers, not 'str'
2025-04-01 09:14:46,556 - ERROR - Error processing article 3524: string indices must be integers, not 'str'
2025-04-01 09:14:46,556 - ERROR - Error processing article 3525: string indices must be integers, not 'str'
2025-04-01 09:14:46,556 - ERROR - Error processing article 3526: string indices must be integers, not 'str'
2025-04-01 09:14:46,556 - ERROR - Error processing article 3527: string indices must be integers, not 'str'
2025-04-01 09:14:46,556 - ERROR - Error processing article 3528: string indices must be integers, not 'str'
2025-04-01 09:14:46,556 - ERROR - Error processing article 3529: string indices must be integers, not 'str'
2025-04-01 09:14:46,556 - ERROR - Error processing article 3530: string indices must be integers, not 'str'
2025-04-01 09:14:46,556 - ERROR - Error processing article 3531: string indices must be integers, not 'str'
2025-04-01 09:14:46,558 - ERROR - Error processing article 3532: string indices must be integers, not 'str'
2025-04-01 09:14:46,558 - ERROR - Error processing article 3533: string indices must be integers, not 'str'
2025-04-01 09:14:46,558 - ERROR - Error processing article 3534: string indices must be integers, not 'str'
2025-04-01 09:14:46,558 - ERROR - Error processing article 3535: string indices must be integers, not 'str'
2025-04-01 09:14:46,558 - ERROR - Error processing article 3536: string indices must be integers, not 'str'
2025-04-01 09:14:46,558 - ERROR - Error processing article 3537: string indices must be integers, not 'str'
2025-04-01 09:14:46,559 - ERROR - Error processing article 3538: string indices must be integers, not 'str'
2025-04-01 09:14:46,559 - ERROR - Error processing article 3539: string indices must be integers, not 'str'
2025-04-01 09:14:46,559 - ERROR - Error processing article 3540: string indices must be integers, not 'str'
2025-04-01 09:14:46,559 - ERROR - Error processing article 3541: string indices must be integers, not 'str'
2025-04-01 09:14:46,559 - ERROR - Error processing article 3542: string indices must be integers, not 'str'
2025-04-01 09:14:46,559 - ERROR - Error processing article 3543: string indices must be integers, not 'str'
2025-04-01 09:14:46,560 - ERROR - Error processing article 3544: string indices must be integers, not 'str'
2025-04-01 09:14:46,560 - ERROR - Error processing article 3545: string indices must be integers, not 'str'
2025-04-01 09:14:46,560 - ERROR - Error processing article 3546: string indices must be integers, not 'str'
2025-04-01 09:14:46,560 - ERROR - Error processing article 3547: string indices must be integers, not 'str'
2025-04-01 09:14:46,560 - ERROR - Error processing article 3548: string indices must be integers, not 'str'
2025-04-01 09:14:46,560 - ERROR - Error processing article 3549: string indices must be integers, not 'str'
2025-04-01 09:14:46,560 - ERROR - Error processing article 3550: string indices must be integers, not 'str'
2025-04-01 09:14:46,562 - ERROR - Error processing article 3551: string indices must be integers, not 'str'
2025-04-01 09:14:46,562 - ERROR - Error processing article 3552: string indices must be integers, not 'str'
2025-04-01 09:14:46,562 - ERROR - Error processing article 3553: string indices must be integers, not 'str'
2025-04-01 09:14:46,562 - ERROR - Error processing article 3554: string indices must be integers, not 'str'
2025-04-01 09:14:46,562 - ERROR - Error processing article 3555: string indices must be integers, not 'str'
2025-04-01 09:14:46,562 - ERROR - Error processing article 3556: string indices must be integers, not 'str'
2025-04-01 09:14:46,563 - ERROR - Error processing article 3557: string indices must be integers, not 'str'
2025-04-01 09:14:46,563 - ERROR - Error processing article 3558: string indices must be integers, not 'str'
2025-04-01 09:14:46,563 - ERROR - Error processing article 3559: string indices must be integers, not 'str'
2025-04-01 09:14:46,563 - ERROR - Error processing article 3560: string indices must be integers, not 'str'
2025-04-01 09:14:46,563 - ERROR - Error processing article 3561: string indices must be integers, not 'str'
2025-04-01 09:14:46,563 - ERROR - Error processing article 3562: string indices must be integers, not 'str'
2025-04-01 09:14:46,564 - ERROR - Error processing article 3563: string indices must be integers, not 'str'
2025-04-01 09:14:46,564 - ERROR - Error processing article 3564: string indices must be integers, not 'str'
2025-04-01 09:14:46,564 - ERROR - Error processing article 3565: string indices must be integers, not 'str'
2025-04-01 09:14:46,564 - ERROR - Error processing article 3566: string indices must be integers, not 'str'
2025-04-01 09:14:46,566 - ERROR - Error processing article 3567: string indices must be integers, not 'str'
2025-04-01 09:14:46,566 - ERROR - Error processing article 3568: string indices must be integers, not 'str'
2025-04-01 09:14:46,566 - ERROR - Error processing article 3569: string indices must be integers, not 'str'
2025-04-01 09:14:46,566 - ERROR - Error processing article 3570: string indices must be integers, not 'str'
2025-04-01 09:14:46,566 - ERROR - Error processing article 3571: string indices must be integers, not 'str'
2025-04-01 09:14:46,567 - ERROR - Error processing article 3572: string indices must be integers, not 'str'
2025-04-01 09:14:46,567 - ERROR - Error processing article 3573: string indices must be integers, not 'str'
2025-04-01 09:14:46,567 - ERROR - Error processing article 3574: string indices must be integers, not 'str'
2025-04-01 09:14:46,567 - ERROR - Error processing article 3575: string indices must be integers, not 'str'
2025-04-01 09:14:46,567 - ERROR - Error processing article 3576: string indices must be integers, not 'str'
2025-04-01 09:14:46,567 - ERROR - Error processing article 3577: string indices must be integers, not 'str'
2025-04-01 09:14:46,567 - ERROR - Error processing article 3578: string indices must be integers, not 'str'
2025-04-01 09:14:46,568 - ERROR - Error processing article 3579: string indices must be integers, not 'str'
2025-04-01 09:14:46,568 - ERROR - Error processing article 3580: string indices must be integers, not 'str'
2025-04-01 09:14:46,568 - ERROR - Error processing article 3581: string indices must be integers, not 'str'
2025-04-01 09:14:46,568 - ERROR - Error processing article 3582: string indices must be integers, not 'str'
2025-04-01 09:14:46,568 - ERROR - Error processing article 3583: string indices must be integers, not 'str'
2025-04-01 09:14:46,569 - ERROR - Error processing article 3584: string indices must be integers, not 'str'
2025-04-01 09:14:46,569 - ERROR - Error processing article 3585: string indices must be integers, not 'str'
2025-04-01 09:14:46,569 - ERROR - Error processing article 3586: string indices must be integers, not 'str'
2025-04-01 09:14:46,569 - ERROR - Error processing article 3587: string indices must be integers, not 'str'
2025-04-01 09:14:46,569 - ERROR - Error processing article 3588: string indices must be integers, not 'str'
2025-04-01 09:14:46,571 - ERROR - Error processing article 3589: string indices must be integers, not 'str'
2025-04-01 09:14:46,571 - ERROR - Error processing article 3590: string indices must be integers, not 'str'
2025-04-01 09:14:46,571 - ERROR - Error processing article 3591: string indices must be integers, not 'str'
2025-04-01 09:14:46,571 - ERROR - Error processing article 3592: string indices must be integers, not 'str'
2025-04-01 09:14:46,572 - ERROR - Error processing article 3593: string indices must be integers, not 'str'
2025-04-01 09:14:46,572 - ERROR - Error processing article 3594: string indices must be integers, not 'str'
2025-04-01 09:14:46,572 - ERROR - Error processing article 3595: string indices must be integers, not 'str'
2025-04-01 09:14:46,572 - ERROR - Error processing article 3596: string indices must be integers, not 'str'
2025-04-01 09:14:46,572 - ERROR - Error processing article 3597: string indices must be integers, not 'str'
2025-04-01 09:14:46,573 - ERROR - Error processing article 3598: string indices must be integers, not 'str'
2025-04-01 09:14:46,573 - ERROR - Error processing article 3599: string indices must be integers, not 'str'
2025-04-01 09:14:46,573 - INFO - Processed 3600/4459 articles
2025-04-01 09:14:46,573 - ERROR - Error processing article 3600: string indices must be integers, not 'str'
2025-04-01 09:14:46,573 - ERROR - Error processing article 3601: string indices must be integers, not 'str'
2025-04-01 09:14:46,573 - ERROR - Error processing article 3602: string indices must be integers, not 'str'
2025-04-01 09:14:46,574 - ERROR - Error processing article 3603: string indices must be integers, not 'str'
2025-04-01 09:14:46,574 - ERROR - Error processing article 3604: string indices must be integers, not 'str'
2025-04-01 09:14:46,574 - ERROR - Error processing article 3605: string indices must be integers, not 'str'
2025-04-01 09:14:46,574 - ERROR - Error processing article 3606: string indices must be integers, not 'str'
2025-04-01 09:14:46,574 - ERROR - Error processing article 3607: string indices must be integers, not 'str'
2025-04-01 09:14:46,575 - ERROR - Error processing article 3608: string indices must be integers, not 'str'
2025-04-01 09:14:46,575 - ERROR - Error processing article 3609: string indices must be integers, not 'str'
2025-04-01 09:14:46,575 - ERROR - Error processing article 3610: string indices must be integers, not 'str'
2025-04-01 09:14:46,575 - ERROR - Error processing article 3611: string indices must be integers, not 'str'
2025-04-01 09:14:46,575 - ERROR - Error processing article 3612: string indices must be integers, not 'str'
2025-04-01 09:14:46,576 - ERROR - Error processing article 3613: string indices must be integers, not 'str'
2025-04-01 09:14:46,576 - ERROR - Error processing article 3614: string indices must be integers, not 'str'
2025-04-01 09:14:46,576 - ERROR - Error processing article 3615: string indices must be integers, not 'str'
2025-04-01 09:14:46,576 - ERROR - Error processing article 3616: string indices must be integers, not 'str'
2025-04-01 09:14:46,576 - ERROR - Error processing article 3617: string indices must be integers, not 'str'
2025-04-01 09:14:46,577 - ERROR - Error processing article 3618: string indices must be integers, not 'str'
2025-04-01 09:14:46,577 - ERROR - Error processing article 3619: string indices must be integers, not 'str'
2025-04-01 09:14:46,577 - ERROR - Error processing article 3620: string indices must be integers, not 'str'
2025-04-01 09:14:46,577 - ERROR - Error processing article 3621: string indices must be integers, not 'str'
2025-04-01 09:14:46,577 - ERROR - Error processing article 3622: string indices must be integers, not 'str'
2025-04-01 09:14:46,578 - ERROR - Error processing article 3623: string indices must be integers, not 'str'
2025-04-01 09:14:46,578 - ERROR - Error processing article 3624: string indices must be integers, not 'str'
2025-04-01 09:14:46,578 - ERROR - Error processing article 3625: string indices must be integers, not 'str'
2025-04-01 09:14:46,578 - ERROR - Error processing article 3626: string indices must be integers, not 'str'
2025-04-01 09:14:46,578 - ERROR - Error processing article 3627: string indices must be integers, not 'str'
2025-04-01 09:14:46,579 - ERROR - Error processing article 3628: string indices must be integers, not 'str'
2025-04-01 09:14:46,579 - ERROR - Error processing article 3629: string indices must be integers, not 'str'
2025-04-01 09:14:46,579 - ERROR - Error processing article 3630: string indices must be integers, not 'str'
2025-04-01 09:14:46,579 - ERROR - Error processing article 3631: string indices must be integers, not 'str'
2025-04-01 09:14:46,579 - ERROR - Error processing article 3632: string indices must be integers, not 'str'
2025-04-01 09:14:46,580 - ERROR - Error processing article 3633: string indices must be integers, not 'str'
2025-04-01 09:14:46,580 - ERROR - Error processing article 3634: string indices must be integers, not 'str'
2025-04-01 09:14:46,580 - ERROR - Error processing article 3635: string indices must be integers, not 'str'
2025-04-01 09:14:46,580 - ERROR - Error processing article 3636: string indices must be integers, not 'str'
2025-04-01 09:14:46,580 - ERROR - Error processing article 3637: string indices must be integers, not 'str'
2025-04-01 09:14:46,581 - ERROR - Error processing article 3638: string indices must be integers, not 'str'
2025-04-01 09:14:46,581 - ERROR - Error processing article 3639: string indices must be integers, not 'str'
2025-04-01 09:14:46,581 - ERROR - Error processing article 3640: string indices must be integers, not 'str'
2025-04-01 09:14:46,581 - ERROR - Error processing article 3641: string indices must be integers, not 'str'
2025-04-01 09:14:46,581 - ERROR - Error processing article 3642: string indices must be integers, not 'str'
2025-04-01 09:14:46,582 - ERROR - Error processing article 3643: string indices must be integers, not 'str'
2025-04-01 09:14:46,582 - ERROR - Error processing article 3644: string indices must be integers, not 'str'
2025-04-01 09:14:46,582 - ERROR - Error processing article 3645: string indices must be integers, not 'str'
2025-04-01 09:14:46,582 - ERROR - Error processing article 3646: string indices must be integers, not 'str'
2025-04-01 09:14:46,583 - ERROR - Error processing article 3647: string indices must be integers, not 'str'
2025-04-01 09:14:46,583 - ERROR - Error processing article 3648: string indices must be integers, not 'str'
2025-04-01 09:14:46,583 - ERROR - Error processing article 3649: string indices must be integers, not 'str'
2025-04-01 09:14:46,583 - ERROR - Error processing article 3650: string indices must be integers, not 'str'
2025-04-01 09:14:46,583 - ERROR - Error processing article 3651: string indices must be integers, not 'str'
2025-04-01 09:14:46,584 - ERROR - Error processing article 3652: string indices must be integers, not 'str'
2025-04-01 09:14:46,584 - ERROR - Error processing article 3653: string indices must be integers, not 'str'
2025-04-01 09:14:46,584 - ERROR - Error processing article 3654: string indices must be integers, not 'str'
2025-04-01 09:14:46,584 - ERROR - Error processing article 3655: string indices must be integers, not 'str'
2025-04-01 09:14:46,585 - ERROR - Error processing article 3656: string indices must be integers, not 'str'
2025-04-01 09:14:46,585 - ERROR - Error processing article 3657: string indices must be integers, not 'str'
2025-04-01 09:14:46,585 - ERROR - Error processing article 3658: string indices must be integers, not 'str'
2025-04-01 09:14:46,585 - ERROR - Error processing article 3659: string indices must be integers, not 'str'
2025-04-01 09:14:46,585 - ERROR - Error processing article 3660: string indices must be integers, not 'str'
2025-04-01 09:14:46,586 - ERROR - Error processing article 3661: string indices must be integers, not 'str'
2025-04-01 09:14:46,586 - ERROR - Error processing article 3662: string indices must be integers, not 'str'
2025-04-01 09:14:46,586 - ERROR - Error processing article 3663: string indices must be integers, not 'str'
2025-04-01 09:14:46,586 - ERROR - Error processing article 3664: string indices must be integers, not 'str'
2025-04-01 09:14:46,586 - ERROR - Error processing article 3665: string indices must be integers, not 'str'
2025-04-01 09:14:46,586 - ERROR - Error processing article 3666: string indices must be integers, not 'str'
2025-04-01 09:14:46,586 - ERROR - Error processing article 3667: string indices must be integers, not 'str'
2025-04-01 09:14:46,586 - ERROR - Error processing article 3668: string indices must be integers, not 'str'
2025-04-01 09:14:46,587 - ERROR - Error processing article 3669: string indices must be integers, not 'str'
2025-04-01 09:14:46,587 - ERROR - Error processing article 3670: string indices must be integers, not 'str'
2025-04-01 09:14:46,587 - ERROR - Error processing article 3671: string indices must be integers, not 'str'
2025-04-01 09:14:46,587 - ERROR - Error processing article 3672: string indices must be integers, not 'str'
2025-04-01 09:14:46,587 - ERROR - Error processing article 3673: string indices must be integers, not 'str'
2025-04-01 09:14:46,589 - ERROR - Error processing article 3674: string indices must be integers, not 'str'
2025-04-01 09:14:46,589 - ERROR - Error processing article 3675: string indices must be integers, not 'str'
2025-04-01 09:14:46,589 - ERROR - Error processing article 3676: string indices must be integers, not 'str'
2025-04-01 09:14:46,589 - ERROR - Error processing article 3677: string indices must be integers, not 'str'
2025-04-01 09:14:46,589 - ERROR - Error processing article 3678: string indices must be integers, not 'str'
2025-04-01 09:14:46,589 - ERROR - Error processing article 3679: string indices must be integers, not 'str'
2025-04-01 09:14:46,590 - ERROR - Error processing article 3680: string indices must be integers, not 'str'
2025-04-01 09:14:46,590 - ERROR - Error processing article 3681: string indices must be integers, not 'str'
2025-04-01 09:14:46,590 - ERROR - Error processing article 3682: string indices must be integers, not 'str'
2025-04-01 09:14:46,590 - ERROR - Error processing article 3683: string indices must be integers, not 'str'
2025-04-01 09:14:46,590 - ERROR - Error processing article 3684: string indices must be integers, not 'str'
2025-04-01 09:14:46,591 - ERROR - Error processing article 3685: string indices must be integers, not 'str'
2025-04-01 09:14:46,591 - ERROR - Error processing article 3686: string indices must be integers, not 'str'
2025-04-01 09:14:46,591 - ERROR - Error processing article 3687: string indices must be integers, not 'str'
2025-04-01 09:14:46,591 - ERROR - Error processing article 3688: string indices must be integers, not 'str'
2025-04-01 09:14:46,591 - ERROR - Error processing article 3689: string indices must be integers, not 'str'
2025-04-01 09:14:46,592 - ERROR - Error processing article 3690: string indices must be integers, not 'str'
2025-04-01 09:14:46,592 - ERROR - Error processing article 3691: string indices must be integers, not 'str'
2025-04-01 09:14:46,592 - ERROR - Error processing article 3692: string indices must be integers, not 'str'
2025-04-01 09:14:46,592 - ERROR - Error processing article 3693: string indices must be integers, not 'str'
2025-04-01 09:14:46,592 - ERROR - Error processing article 3694: string indices must be integers, not 'str'
2025-04-01 09:14:46,593 - ERROR - Error processing article 3695: string indices must be integers, not 'str'
2025-04-01 09:14:46,593 - ERROR - Error processing article 3696: string indices must be integers, not 'str'
2025-04-01 09:14:46,593 - ERROR - Error processing article 3697: string indices must be integers, not 'str'
2025-04-01 09:14:46,593 - ERROR - Error processing article 3698: string indices must be integers, not 'str'
2025-04-01 09:14:46,593 - ERROR - Error processing article 3699: string indices must be integers, not 'str'
2025-04-01 09:14:46,594 - INFO - Processed 3700/4459 articles
2025-04-01 09:14:46,594 - ERROR - Error processing article 3700: string indices must be integers, not 'str'
2025-04-01 09:14:46,594 - ERROR - Error processing article 3701: string indices must be integers, not 'str'
2025-04-01 09:14:46,594 - ERROR - Error processing article 3702: string indices must be integers, not 'str'
2025-04-01 09:14:46,594 - ERROR - Error processing article 3703: string indices must be integers, not 'str'
2025-04-01 09:14:46,595 - ERROR - Error processing article 3704: string indices must be integers, not 'str'
2025-04-01 09:14:46,595 - ERROR - Error processing article 3705: string indices must be integers, not 'str'
2025-04-01 09:14:46,595 - ERROR - Error processing article 3706: string indices must be integers, not 'str'
2025-04-01 09:14:46,595 - ERROR - Error processing article 3707: string indices must be integers, not 'str'
2025-04-01 09:14:46,596 - ERROR - Error processing article 3708: string indices must be integers, not 'str'
2025-04-01 09:14:46,596 - ERROR - Error processing article 3709: string indices must be integers, not 'str'
2025-04-01 09:14:46,596 - ERROR - Error processing article 3710: string indices must be integers, not 'str'
2025-04-01 09:14:46,596 - ERROR - Error processing article 3711: string indices must be integers, not 'str'
2025-04-01 09:14:46,596 - ERROR - Error processing article 3712: string indices must be integers, not 'str'
2025-04-01 09:14:46,597 - ERROR - Error processing article 3713: string indices must be integers, not 'str'
2025-04-01 09:14:46,597 - ERROR - Error processing article 3714: string indices must be integers, not 'str'
2025-04-01 09:14:46,598 - ERROR - Error processing article 3715: string indices must be integers, not 'str'
2025-04-01 09:14:46,598 - ERROR - Error processing article 3716: string indices must be integers, not 'str'
2025-04-01 09:14:46,598 - ERROR - Error processing article 3717: string indices must be integers, not 'str'
2025-04-01 09:14:46,598 - ERROR - Error processing article 3718: string indices must be integers, not 'str'
2025-04-01 09:14:46,598 - ERROR - Error processing article 3719: string indices must be integers, not 'str'
2025-04-01 09:14:46,599 - ERROR - Error processing article 3720: string indices must be integers, not 'str'
2025-04-01 09:14:46,599 - ERROR - Error processing article 3721: string indices must be integers, not 'str'
2025-04-01 09:14:46,599 - ERROR - Error processing article 3722: string indices must be integers, not 'str'
2025-04-01 09:14:46,599 - ERROR - Error processing article 3723: string indices must be integers, not 'str'
2025-04-01 09:14:46,599 - ERROR - Error processing article 3724: string indices must be integers, not 'str'
2025-04-01 09:14:46,599 - ERROR - Error processing article 3725: string indices must be integers, not 'str'
2025-04-01 09:14:46,599 - ERROR - Error processing article 3726: string indices must be integers, not 'str'
2025-04-01 09:14:46,599 - ERROR - Error processing article 3727: string indices must be integers, not 'str'
2025-04-01 09:14:46,599 - ERROR - Error processing article 3728: string indices must be integers, not 'str'
2025-04-01 09:14:46,599 - ERROR - Error processing article 3729: string indices must be integers, not 'str'
2025-04-01 09:14:46,599 - ERROR - Error processing article 3730: string indices must be integers, not 'str'
2025-04-01 09:14:46,601 - ERROR - Error processing article 3731: string indices must be integers, not 'str'
2025-04-01 09:14:46,601 - ERROR - Error processing article 3732: string indices must be integers, not 'str'
2025-04-01 09:14:46,602 - ERROR - Error processing article 3733: string indices must be integers, not 'str'
2025-04-01 09:14:46,602 - ERROR - Error processing article 3734: string indices must be integers, not 'str'
2025-04-01 09:14:46,602 - ERROR - Error processing article 3735: string indices must be integers, not 'str'
2025-04-01 09:14:46,602 - ERROR - Error processing article 3736: string indices must be integers, not 'str'
2025-04-01 09:14:46,602 - ERROR - Error processing article 3737: string indices must be integers, not 'str'
2025-04-01 09:14:46,602 - ERROR - Error processing article 3738: string indices must be integers, not 'str'
2025-04-01 09:14:46,602 - ERROR - Error processing article 3739: string indices must be integers, not 'str'
2025-04-01 09:14:46,603 - ERROR - Error processing article 3740: string indices must be integers, not 'str'
2025-04-01 09:14:46,603 - ERROR - Error processing article 3741: string indices must be integers, not 'str'
2025-04-01 09:14:46,604 - ERROR - Error processing article 3742: string indices must be integers, not 'str'
2025-04-01 09:14:46,604 - ERROR - Error processing article 3743: string indices must be integers, not 'str'
2025-04-01 09:14:46,604 - ERROR - Error processing article 3744: string indices must be integers, not 'str'
2025-04-01 09:14:46,604 - ERROR - Error processing article 3745: string indices must be integers, not 'str'
2025-04-01 09:14:46,604 - ERROR - Error processing article 3746: string indices must be integers, not 'str'
2025-04-01 09:14:46,605 - ERROR - Error processing article 3747: string indices must be integers, not 'str'
2025-04-01 09:14:46,605 - ERROR - Error processing article 3748: string indices must be integers, not 'str'
2025-04-01 09:14:46,605 - ERROR - Error processing article 3749: string indices must be integers, not 'str'
2025-04-01 09:14:46,605 - ERROR - Error processing article 3750: string indices must be integers, not 'str'
2025-04-01 09:14:46,606 - ERROR - Error processing article 3751: string indices must be integers, not 'str'
2025-04-01 09:14:46,606 - ERROR - Error processing article 3752: string indices must be integers, not 'str'
2025-04-01 09:14:46,606 - ERROR - Error processing article 3753: string indices must be integers, not 'str'
2025-04-01 09:14:46,607 - ERROR - Error processing article 3754: string indices must be integers, not 'str'
2025-04-01 09:14:46,607 - ERROR - Error processing article 3755: string indices must be integers, not 'str'
2025-04-01 09:14:46,607 - ERROR - Error processing article 3756: string indices must be integers, not 'str'
2025-04-01 09:14:46,607 - ERROR - Error processing article 3757: string indices must be integers, not 'str'
2025-04-01 09:14:46,607 - ERROR - Error processing article 3758: string indices must be integers, not 'str'
2025-04-01 09:14:46,607 - ERROR - Error processing article 3759: string indices must be integers, not 'str'
2025-04-01 09:14:46,608 - ERROR - Error processing article 3760: string indices must be integers, not 'str'
2025-04-01 09:14:46,608 - ERROR - Error processing article 3761: string indices must be integers, not 'str'
2025-04-01 09:14:46,608 - ERROR - Error processing article 3762: string indices must be integers, not 'str'
2025-04-01 09:14:46,608 - ERROR - Error processing article 3763: string indices must be integers, not 'str'
2025-04-01 09:14:46,608 - ERROR - Error processing article 3764: string indices must be integers, not 'str'
2025-04-01 09:14:46,608 - ERROR - Error processing article 3765: string indices must be integers, not 'str'
2025-04-01 09:14:46,608 - ERROR - Error processing article 3766: string indices must be integers, not 'str'
2025-04-01 09:14:46,609 - ERROR - Error processing article 3767: string indices must be integers, not 'str'
2025-04-01 09:14:46,609 - ERROR - Error processing article 3768: string indices must be integers, not 'str'
2025-04-01 09:14:46,609 - ERROR - Error processing article 3769: string indices must be integers, not 'str'
2025-04-01 09:14:46,609 - ERROR - Error processing article 3770: string indices must be integers, not 'str'
2025-04-01 09:14:46,609 - ERROR - Error processing article 3771: string indices must be integers, not 'str'
2025-04-01 09:14:46,609 - ERROR - Error processing article 3772: string indices must be integers, not 'str'
2025-04-01 09:14:46,610 - ERROR - Error processing article 3773: string indices must be integers, not 'str'
2025-04-01 09:14:46,610 - ERROR - Error processing article 3774: string indices must be integers, not 'str'
2025-04-01 09:14:46,610 - ERROR - Error processing article 3775: string indices must be integers, not 'str'
2025-04-01 09:14:46,610 - ERROR - Error processing article 3776: string indices must be integers, not 'str'
2025-04-01 09:14:46,610 - ERROR - Error processing article 3777: string indices must be integers, not 'str'
2025-04-01 09:14:46,610 - ERROR - Error processing article 3778: string indices must be integers, not 'str'
2025-04-01 09:14:46,610 - ERROR - Error processing article 3779: string indices must be integers, not 'str'
2025-04-01 09:14:46,612 - ERROR - Error processing article 3780: string indices must be integers, not 'str'
2025-04-01 09:14:46,612 - ERROR - Error processing article 3781: string indices must be integers, not 'str'
2025-04-01 09:14:46,612 - ERROR - Error processing article 3782: string indices must be integers, not 'str'
2025-04-01 09:14:46,612 - ERROR - Error processing article 3783: string indices must be integers, not 'str'
2025-04-01 09:14:46,612 - ERROR - Error processing article 3784: string indices must be integers, not 'str'
2025-04-01 09:14:46,612 - ERROR - Error processing article 3785: string indices must be integers, not 'str'
2025-04-01 09:14:46,613 - ERROR - Error processing article 3786: string indices must be integers, not 'str'
2025-04-01 09:14:46,613 - ERROR - Error processing article 3787: string indices must be integers, not 'str'
2025-04-01 09:14:46,613 - ERROR - Error processing article 3788: string indices must be integers, not 'str'
2025-04-01 09:14:46,613 - ERROR - Error processing article 3789: string indices must be integers, not 'str'
2025-04-01 09:14:46,613 - ERROR - Error processing article 3790: string indices must be integers, not 'str'
2025-04-01 09:14:46,613 - ERROR - Error processing article 3791: string indices must be integers, not 'str'
2025-04-01 09:14:46,614 - ERROR - Error processing article 3792: string indices must be integers, not 'str'
2025-04-01 09:14:46,614 - ERROR - Error processing article 3793: string indices must be integers, not 'str'
2025-04-01 09:14:46,614 - ERROR - Error processing article 3794: string indices must be integers, not 'str'
2025-04-01 09:14:46,614 - ERROR - Error processing article 3795: string indices must be integers, not 'str'
2025-04-01 09:14:46,614 - ERROR - Error processing article 3796: string indices must be integers, not 'str'
2025-04-01 09:14:46,614 - ERROR - Error processing article 3797: string indices must be integers, not 'str'
2025-04-01 09:14:46,615 - ERROR - Error processing article 3798: string indices must be integers, not 'str'
2025-04-01 09:14:46,615 - ERROR - Error processing article 3799: string indices must be integers, not 'str'
2025-04-01 09:14:46,615 - INFO - Processed 3800/4459 articles
2025-04-01 09:14:46,615 - ERROR - Error processing article 3800: string indices must be integers, not 'str'
2025-04-01 09:14:46,616 - ERROR - Error processing article 3801: string indices must be integers, not 'str'
2025-04-01 09:14:46,616 - ERROR - Error processing article 3802: string indices must be integers, not 'str'
2025-04-01 09:14:46,616 - ERROR - Error processing article 3803: string indices must be integers, not 'str'
2025-04-01 09:14:46,616 - ERROR - Error processing article 3804: string indices must be integers, not 'str'
2025-04-01 09:14:46,616 - ERROR - Error processing article 3805: string indices must be integers, not 'str'
2025-04-01 09:14:46,616 - ERROR - Error processing article 3806: string indices must be integers, not 'str'
2025-04-01 09:14:46,617 - ERROR - Error processing article 3807: string indices must be integers, not 'str'
2025-04-01 09:14:46,617 - ERROR - Error processing article 3808: string indices must be integers, not 'str'
2025-04-01 09:14:46,618 - ERROR - Error processing article 3809: string indices must be integers, not 'str'
2025-04-01 09:14:46,618 - ERROR - Error processing article 3810: string indices must be integers, not 'str'
2025-04-01 09:14:46,618 - ERROR - Error processing article 3811: string indices must be integers, not 'str'
2025-04-01 09:14:46,618 - ERROR - Error processing article 3812: string indices must be integers, not 'str'
2025-04-01 09:14:46,619 - ERROR - Error processing article 3813: string indices must be integers, not 'str'
2025-04-01 09:14:46,619 - ERROR - Error processing article 3814: string indices must be integers, not 'str'
2025-04-01 09:14:46,619 - ERROR - Error processing article 3815: string indices must be integers, not 'str'
2025-04-01 09:14:46,619 - ERROR - Error processing article 3816: string indices must be integers, not 'str'
2025-04-01 09:14:46,619 - ERROR - Error processing article 3817: string indices must be integers, not 'str'
2025-04-01 09:14:46,619 - ERROR - Error processing article 3818: string indices must be integers, not 'str'
2025-04-01 09:14:46,620 - ERROR - Error processing article 3819: string indices must be integers, not 'str'
2025-04-01 09:14:46,620 - ERROR - Error processing article 3820: string indices must be integers, not 'str'
2025-04-01 09:14:46,620 - ERROR - Error processing article 3821: string indices must be integers, not 'str'
2025-04-01 09:14:46,620 - ERROR - Error processing article 3822: string indices must be integers, not 'str'
2025-04-01 09:14:46,620 - ERROR - Error processing article 3823: string indices must be integers, not 'str'
2025-04-01 09:14:46,620 - ERROR - Error processing article 3824: string indices must be integers, not 'str'
2025-04-01 09:14:46,621 - ERROR - Error processing article 3825: string indices must be integers, not 'str'
2025-04-01 09:14:46,621 - ERROR - Error processing article 3826: string indices must be integers, not 'str'
2025-04-01 09:14:46,621 - ERROR - Error processing article 3827: string indices must be integers, not 'str'
2025-04-01 09:14:46,621 - ERROR - Error processing article 3828: string indices must be integers, not 'str'
2025-04-01 09:14:46,621 - ERROR - Error processing article 3829: string indices must be integers, not 'str'
2025-04-01 09:14:46,621 - ERROR - Error processing article 3830: string indices must be integers, not 'str'
2025-04-01 09:14:46,622 - ERROR - Error processing article 3831: string indices must be integers, not 'str'
2025-04-01 09:14:46,622 - ERROR - Error processing article 3832: string indices must be integers, not 'str'
2025-04-01 09:14:46,622 - ERROR - Error processing article 3833: string indices must be integers, not 'str'
2025-04-01 09:14:46,622 - ERROR - Error processing article 3834: string indices must be integers, not 'str'
2025-04-01 09:14:46,622 - ERROR - Error processing article 3835: string indices must be integers, not 'str'
2025-04-01 09:14:46,622 - ERROR - Error processing article 3836: string indices must be integers, not 'str'
2025-04-01 09:14:46,624 - ERROR - Error processing article 3837: string indices must be integers, not 'str'
2025-04-01 09:14:46,624 - ERROR - Error processing article 3838: string indices must be integers, not 'str'
2025-04-01 09:14:46,624 - ERROR - Error processing article 3839: string indices must be integers, not 'str'
2025-04-01 09:14:46,624 - ERROR - Error processing article 3840: string indices must be integers, not 'str'
2025-04-01 09:14:46,624 - ERROR - Error processing article 3841: string indices must be integers, not 'str'
2025-04-01 09:14:46,624 - ERROR - Error processing article 3842: string indices must be integers, not 'str'
2025-04-01 09:14:46,624 - ERROR - Error processing article 3843: string indices must be integers, not 'str'
2025-04-01 09:14:46,624 - ERROR - Error processing article 3844: string indices must be integers, not 'str'
2025-04-01 09:14:46,625 - ERROR - Error processing article 3845: string indices must be integers, not 'str'
2025-04-01 09:14:46,625 - ERROR - Error processing article 3846: string indices must be integers, not 'str'
2025-04-01 09:14:46,626 - ERROR - Error processing article 3847: string indices must be integers, not 'str'
2025-04-01 09:14:46,626 - ERROR - Error processing article 3848: string indices must be integers, not 'str'
2025-04-01 09:14:46,626 - ERROR - Error processing article 3849: string indices must be integers, not 'str'
2025-04-01 09:14:46,626 - ERROR - Error processing article 3850: string indices must be integers, not 'str'
2025-04-01 09:14:46,626 - ERROR - Error processing article 3851: string indices must be integers, not 'str'
2025-04-01 09:14:46,626 - ERROR - Error processing article 3852: string indices must be integers, not 'str'
2025-04-01 09:14:46,627 - ERROR - Error processing article 3853: string indices must be integers, not 'str'
2025-04-01 09:14:46,627 - ERROR - Error processing article 3854: string indices must be integers, not 'str'
2025-04-01 09:14:46,627 - ERROR - Error processing article 3855: string indices must be integers, not 'str'
2025-04-01 09:14:46,627 - ERROR - Error processing article 3856: string indices must be integers, not 'str'
2025-04-01 09:14:46,627 - ERROR - Error processing article 3857: string indices must be integers, not 'str'
2025-04-01 09:14:46,627 - ERROR - Error processing article 3858: string indices must be integers, not 'str'
2025-04-01 09:14:46,628 - ERROR - Error processing article 3859: string indices must be integers, not 'str'
2025-04-01 09:14:46,628 - ERROR - Error processing article 3860: string indices must be integers, not 'str'
2025-04-01 09:14:46,628 - ERROR - Error processing article 3861: string indices must be integers, not 'str'
2025-04-01 09:14:46,628 - ERROR - Error processing article 3862: string indices must be integers, not 'str'
2025-04-01 09:14:46,628 - ERROR - Error processing article 3863: string indices must be integers, not 'str'
2025-04-01 09:14:46,629 - ERROR - Error processing article 3864: string indices must be integers, not 'str'
2025-04-01 09:14:46,629 - ERROR - Error processing article 3865: string indices must be integers, not 'str'
2025-04-01 09:14:46,629 - ERROR - Error processing article 3866: string indices must be integers, not 'str'
2025-04-01 09:14:46,629 - ERROR - Error processing article 3867: string indices must be integers, not 'str'
2025-04-01 09:14:46,629 - ERROR - Error processing article 3868: string indices must be integers, not 'str'
2025-04-01 09:14:46,629 - ERROR - Error processing article 3869: string indices must be integers, not 'str'
2025-04-01 09:14:46,630 - ERROR - Error processing article 3870: string indices must be integers, not 'str'
2025-04-01 09:14:46,630 - ERROR - Error processing article 3871: string indices must be integers, not 'str'
2025-04-01 09:14:46,630 - ERROR - Error processing article 3872: string indices must be integers, not 'str'
2025-04-01 09:14:46,630 - ERROR - Error processing article 3873: string indices must be integers, not 'str'
2025-04-01 09:14:46,630 - ERROR - Error processing article 3874: string indices must be integers, not 'str'
2025-04-01 09:14:46,630 - ERROR - Error processing article 3875: string indices must be integers, not 'str'
2025-04-01 09:14:46,632 - ERROR - Error processing article 3876: string indices must be integers, not 'str'
2025-04-01 09:14:46,632 - ERROR - Error processing article 3877: string indices must be integers, not 'str'
2025-04-01 09:14:46,632 - ERROR - Error processing article 3878: string indices must be integers, not 'str'
2025-04-01 09:14:46,632 - ERROR - Error processing article 3879: string indices must be integers, not 'str'
2025-04-01 09:14:46,633 - ERROR - Error processing article 3880: string indices must be integers, not 'str'
2025-04-01 09:14:46,633 - ERROR - Error processing article 3881: string indices must be integers, not 'str'
2025-04-01 09:14:46,633 - ERROR - Error processing article 3882: string indices must be integers, not 'str'
2025-04-01 09:14:46,633 - ERROR - Error processing article 3883: string indices must be integers, not 'str'
2025-04-01 09:14:46,634 - ERROR - Error processing article 3884: string indices must be integers, not 'str'
2025-04-01 09:14:46,634 - ERROR - Error processing article 3885: string indices must be integers, not 'str'
2025-04-01 09:14:46,634 - ERROR - Error processing article 3886: string indices must be integers, not 'str'
2025-04-01 09:14:46,634 - ERROR - Error processing article 3887: string indices must be integers, not 'str'
2025-04-01 09:14:46,634 - ERROR - Error processing article 3888: string indices must be integers, not 'str'
2025-04-01 09:14:46,635 - ERROR - Error processing article 3889: string indices must be integers, not 'str'
2025-04-01 09:14:46,635 - ERROR - Error processing article 3890: string indices must be integers, not 'str'
2025-04-01 09:14:46,635 - ERROR - Error processing article 3891: string indices must be integers, not 'str'
2025-04-01 09:14:46,635 - ERROR - Error processing article 3892: string indices must be integers, not 'str'
2025-04-01 09:14:46,635 - ERROR - Error processing article 3893: string indices must be integers, not 'str'
2025-04-01 09:14:46,635 - ERROR - Error processing article 3894: string indices must be integers, not 'str'
2025-04-01 09:14:46,636 - ERROR - Error processing article 3895: string indices must be integers, not 'str'
2025-04-01 09:14:46,636 - ERROR - Error processing article 3896: string indices must be integers, not 'str'
2025-04-01 09:14:46,636 - ERROR - Error processing article 3897: string indices must be integers, not 'str'
2025-04-01 09:14:46,636 - ERROR - Error processing article 3898: string indices must be integers, not 'str'
2025-04-01 09:14:46,636 - ERROR - Error processing article 3899: string indices must be integers, not 'str'
2025-04-01 09:14:46,637 - INFO - Processed 3900/4459 articles
2025-04-01 09:14:46,637 - ERROR - Error processing article 3900: string indices must be integers, not 'str'
2025-04-01 09:14:46,637 - ERROR - Error processing article 3901: string indices must be integers, not 'str'
2025-04-01 09:14:46,637 - ERROR - Error processing article 3902: string indices must be integers, not 'str'
2025-04-01 09:14:46,637 - ERROR - Error processing article 3903: string indices must be integers, not 'str'
2025-04-01 09:14:46,638 - ERROR - Error processing article 3904: string indices must be integers, not 'str'
2025-04-01 09:14:46,638 - ERROR - Error processing article 3905: string indices must be integers, not 'str'
2025-04-01 09:14:46,638 - ERROR - Error processing article 3906: string indices must be integers, not 'str'
2025-04-01 09:14:46,638 - ERROR - Error processing article 3907: string indices must be integers, not 'str'
2025-04-01 09:14:46,638 - ERROR - Error processing article 3908: string indices must be integers, not 'str'
2025-04-01 09:14:46,639 - ERROR - Error processing article 3909: string indices must be integers, not 'str'
2025-04-01 09:14:46,639 - ERROR - Error processing article 3910: string indices must be integers, not 'str'
2025-04-01 09:14:46,639 - ERROR - Error processing article 3911: string indices must be integers, not 'str'
2025-04-01 09:14:46,639 - ERROR - Error processing article 3912: string indices must be integers, not 'str'
2025-04-01 09:14:46,639 - ERROR - Error processing article 3913: string indices must be integers, not 'str'
2025-04-01 09:14:46,640 - ERROR - Error processing article 3914: string indices must be integers, not 'str'
2025-04-01 09:14:46,640 - ERROR - Error processing article 3915: string indices must be integers, not 'str'
2025-04-01 09:14:46,640 - ERROR - Error processing article 3916: string indices must be integers, not 'str'
2025-04-01 09:14:46,640 - ERROR - Error processing article 3917: string indices must be integers, not 'str'
2025-04-01 09:14:46,640 - ERROR - Error processing article 3918: string indices must be integers, not 'str'
2025-04-01 09:14:46,640 - ERROR - Error processing article 3919: string indices must be integers, not 'str'
2025-04-01 09:14:46,640 - ERROR - Error processing article 3920: string indices must be integers, not 'str'
2025-04-01 09:14:46,641 - ERROR - Error processing article 3921: string indices must be integers, not 'str'
2025-04-01 09:14:46,641 - ERROR - Error processing article 3922: string indices must be integers, not 'str'
2025-04-01 09:14:46,641 - ERROR - Error processing article 3923: string indices must be integers, not 'str'
2025-04-01 09:14:46,641 - ERROR - Error processing article 3924: string indices must be integers, not 'str'
2025-04-01 09:14:46,641 - ERROR - Error processing article 3925: string indices must be integers, not 'str'
2025-04-01 09:14:46,642 - ERROR - Error processing article 3926: string indices must be integers, not 'str'
2025-04-01 09:14:46,642 - ERROR - Error processing article 3927: string indices must be integers, not 'str'
2025-04-01 09:14:46,642 - ERROR - Error processing article 3928: string indices must be integers, not 'str'
2025-04-01 09:14:46,642 - ERROR - Error processing article 3929: string indices must be integers, not 'str'
2025-04-01 09:14:46,642 - ERROR - Error processing article 3930: string indices must be integers, not 'str'
2025-04-01 09:14:46,642 - ERROR - Error processing article 3931: string indices must be integers, not 'str'
2025-04-01 09:14:46,644 - ERROR - Error processing article 3932: string indices must be integers, not 'str'
2025-04-01 09:14:46,644 - ERROR - Error processing article 3933: string indices must be integers, not 'str'
2025-04-01 09:14:46,644 - ERROR - Error processing article 3934: string indices must be integers, not 'str'
2025-04-01 09:14:46,644 - ERROR - Error processing article 3935: string indices must be integers, not 'str'
2025-04-01 09:14:46,644 - ERROR - Error processing article 3936: string indices must be integers, not 'str'
2025-04-01 09:14:46,644 - ERROR - Error processing article 3937: string indices must be integers, not 'str'
2025-04-01 09:14:46,644 - ERROR - Error processing article 3938: string indices must be integers, not 'str'
2025-04-01 09:14:46,645 - ERROR - Error processing article 3939: string indices must be integers, not 'str'
2025-04-01 09:14:46,645 - ERROR - Error processing article 3940: string indices must be integers, not 'str'
2025-04-01 09:14:46,645 - ERROR - Error processing article 3941: string indices must be integers, not 'str'
2025-04-01 09:14:46,645 - ERROR - Error processing article 3942: string indices must be integers, not 'str'
2025-04-01 09:14:46,646 - ERROR - Error processing article 3943: string indices must be integers, not 'str'
2025-04-01 09:14:46,646 - ERROR - Error processing article 3944: string indices must be integers, not 'str'
2025-04-01 09:14:46,646 - ERROR - Error processing article 3945: string indices must be integers, not 'str'
2025-04-01 09:14:46,646 - ERROR - Error processing article 3946: string indices must be integers, not 'str'
2025-04-01 09:14:46,646 - ERROR - Error processing article 3947: string indices must be integers, not 'str'
2025-04-01 09:14:46,647 - ERROR - Error processing article 3948: string indices must be integers, not 'str'
2025-04-01 09:14:46,647 - ERROR - Error processing article 3949: string indices must be integers, not 'str'
2025-04-01 09:14:46,647 - ERROR - Error processing article 3950: string indices must be integers, not 'str'
2025-04-01 09:14:46,647 - ERROR - Error processing article 3951: string indices must be integers, not 'str'
2025-04-01 09:14:46,648 - ERROR - Error processing article 3952: string indices must be integers, not 'str'
2025-04-01 09:14:46,648 - ERROR - Error processing article 3953: string indices must be integers, not 'str'
2025-04-01 09:14:46,648 - ERROR - Error processing article 3954: string indices must be integers, not 'str'
2025-04-01 09:14:46,648 - ERROR - Error processing article 3955: string indices must be integers, not 'str'
2025-04-01 09:14:46,648 - ERROR - Error processing article 3956: string indices must be integers, not 'str'
2025-04-01 09:14:46,649 - ERROR - Error processing article 3957: string indices must be integers, not 'str'
2025-04-01 09:14:46,649 - ERROR - Error processing article 3958: string indices must be integers, not 'str'
2025-04-01 09:14:46,649 - ERROR - Error processing article 3959: string indices must be integers, not 'str'
2025-04-01 09:14:46,649 - ERROR - Error processing article 3960: string indices must be integers, not 'str'
2025-04-01 09:14:46,649 - ERROR - Error processing article 3961: string indices must be integers, not 'str'
2025-04-01 09:14:46,649 - ERROR - Error processing article 3962: string indices must be integers, not 'str'
2025-04-01 09:14:46,649 - ERROR - Error processing article 3963: string indices must be integers, not 'str'
2025-04-01 09:14:46,649 - ERROR - Error processing article 3964: string indices must be integers, not 'str'
2025-04-01 09:14:46,649 - ERROR - Error processing article 3965: string indices must be integers, not 'str'
2025-04-01 09:14:46,649 - ERROR - Error processing article 3966: string indices must be integers, not 'str'
2025-04-01 09:14:46,649 - ERROR - Error processing article 3967: string indices must be integers, not 'str'
2025-04-01 09:14:46,649 - ERROR - Error processing article 3968: string indices must be integers, not 'str'
2025-04-01 09:14:46,649 - ERROR - Error processing article 3969: string indices must be integers, not 'str'
2025-04-01 09:14:46,649 - ERROR - Error processing article 3970: string indices must be integers, not 'str'
2025-04-01 09:14:46,649 - ERROR - Error processing article 3971: string indices must be integers, not 'str'
2025-04-01 09:14:46,652 - ERROR - Error processing article 3972: string indices must be integers, not 'str'
2025-04-01 09:14:46,652 - ERROR - Error processing article 3973: string indices must be integers, not 'str'
2025-04-01 09:14:46,652 - ERROR - Error processing article 3974: string indices must be integers, not 'str'
2025-04-01 09:14:46,652 - ERROR - Error processing article 3975: string indices must be integers, not 'str'
2025-04-01 09:14:46,652 - ERROR - Error processing article 3976: string indices must be integers, not 'str'
2025-04-01 09:14:46,652 - ERROR - Error processing article 3977: string indices must be integers, not 'str'
2025-04-01 09:14:46,652 - ERROR - Error processing article 3978: string indices must be integers, not 'str'
2025-04-01 09:14:46,653 - ERROR - Error processing article 3979: string indices must be integers, not 'str'
2025-04-01 09:14:46,653 - ERROR - Error processing article 3980: string indices must be integers, not 'str'
2025-04-01 09:14:46,653 - ERROR - Error processing article 3981: string indices must be integers, not 'str'
2025-04-01 09:14:46,653 - ERROR - Error processing article 3982: string indices must be integers, not 'str'
2025-04-01 09:14:46,653 - ERROR - Error processing article 3983: string indices must be integers, not 'str'
2025-04-01 09:14:46,653 - ERROR - Error processing article 3984: string indices must be integers, not 'str'
2025-04-01 09:14:46,654 - ERROR - Error processing article 3985: string indices must be integers, not 'str'
2025-04-01 09:14:46,654 - ERROR - Error processing article 3986: string indices must be integers, not 'str'
2025-04-01 09:14:46,654 - ERROR - Error processing article 3987: string indices must be integers, not 'str'
2025-04-01 09:14:46,654 - ERROR - Error processing article 3988: string indices must be integers, not 'str'
2025-04-01 09:14:46,654 - ERROR - Error processing article 3989: string indices must be integers, not 'str'
2025-04-01 09:14:46,655 - ERROR - Error processing article 3990: string indices must be integers, not 'str'
2025-04-01 09:14:46,655 - ERROR - Error processing article 3991: string indices must be integers, not 'str'
2025-04-01 09:14:46,655 - ERROR - Error processing article 3992: string indices must be integers, not 'str'
2025-04-01 09:14:46,655 - ERROR - Error processing article 3993: string indices must be integers, not 'str'
2025-04-01 09:14:46,655 - ERROR - Error processing article 3994: string indices must be integers, not 'str'
2025-04-01 09:14:46,656 - ERROR - Error processing article 3995: string indices must be integers, not 'str'
2025-04-01 09:14:46,656 - ERROR - Error processing article 3996: string indices must be integers, not 'str'
2025-04-01 09:14:46,656 - ERROR - Error processing article 3997: string indices must be integers, not 'str'
2025-04-01 09:14:46,656 - ERROR - Error processing article 3998: string indices must be integers, not 'str'
2025-04-01 09:14:46,656 - ERROR - Error processing article 3999: string indices must be integers, not 'str'
2025-04-01 09:14:46,656 - INFO - Processed 4000/4459 articles
2025-04-01 09:14:46,656 - ERROR - Error processing article 4000: string indices must be integers, not 'str'
2025-04-01 09:14:46,656 - ERROR - Error processing article 4001: string indices must be integers, not 'str'
2025-04-01 09:14:46,656 - ERROR - Error processing article 4002: string indices must be integers, not 'str'
2025-04-01 09:14:46,656 - ERROR - Error processing article 4003: string indices must be integers, not 'str'
2025-04-01 09:14:46,659 - ERROR - Error processing article 4004: string indices must be integers, not 'str'
2025-04-01 09:14:46,659 - ERROR - Error processing article 4005: string indices must be integers, not 'str'
2025-04-01 09:14:46,659 - ERROR - Error processing article 4006: string indices must be integers, not 'str'
2025-04-01 09:14:46,659 - ERROR - Error processing article 4007: string indices must be integers, not 'str'
2025-04-01 09:14:46,659 - ERROR - Error processing article 4008: string indices must be integers, not 'str'
2025-04-01 09:14:46,660 - ERROR - Error processing article 4009: string indices must be integers, not 'str'
2025-04-01 09:14:46,660 - ERROR - Error processing article 4010: string indices must be integers, not 'str'
2025-04-01 09:14:46,660 - ERROR - Error processing article 4011: string indices must be integers, not 'str'
2025-04-01 09:14:46,660 - ERROR - Error processing article 4012: string indices must be integers, not 'str'
2025-04-01 09:14:46,660 - ERROR - Error processing article 4013: string indices must be integers, not 'str'
2025-04-01 09:14:46,660 - ERROR - Error processing article 4014: string indices must be integers, not 'str'
2025-04-01 09:14:46,660 - ERROR - Error processing article 4015: string indices must be integers, not 'str'
2025-04-01 09:14:46,660 - ERROR - Error processing article 4016: string indices must be integers, not 'str'
2025-04-01 09:14:46,662 - ERROR - Error processing article 4017: string indices must be integers, not 'str'
2025-04-01 09:14:46,662 - ERROR - Error processing article 4018: string indices must be integers, not 'str'
2025-04-01 09:14:46,662 - ERROR - Error processing article 4019: string indices must be integers, not 'str'
2025-04-01 09:14:46,662 - ERROR - Error processing article 4020: string indices must be integers, not 'str'
2025-04-01 09:14:46,662 - ERROR - Error processing article 4021: string indices must be integers, not 'str'
2025-04-01 09:14:46,662 - ERROR - Error processing article 4022: string indices must be integers, not 'str'
2025-04-01 09:14:46,663 - ERROR - Error processing article 4023: string indices must be integers, not 'str'
2025-04-01 09:14:46,663 - ERROR - Error processing article 4024: string indices must be integers, not 'str'
2025-04-01 09:14:46,663 - ERROR - Error processing article 4025: string indices must be integers, not 'str'
2025-04-01 09:14:46,663 - ERROR - Error processing article 4026: string indices must be integers, not 'str'
2025-04-01 09:14:46,664 - ERROR - Error processing article 4027: string indices must be integers, not 'str'
2025-04-01 09:14:46,664 - ERROR - Error processing article 4028: string indices must be integers, not 'str'
2025-04-01 09:14:46,664 - ERROR - Error processing article 4029: string indices must be integers, not 'str'
2025-04-01 09:14:46,664 - ERROR - Error processing article 4030: string indices must be integers, not 'str'
2025-04-01 09:14:46,664 - ERROR - Error processing article 4031: string indices must be integers, not 'str'
2025-04-01 09:14:46,665 - ERROR - Error processing article 4032: string indices must be integers, not 'str'
2025-04-01 09:14:46,665 - ERROR - Error processing article 4033: string indices must be integers, not 'str'
2025-04-01 09:14:46,665 - ERROR - Error processing article 4034: string indices must be integers, not 'str'
2025-04-01 09:14:46,665 - ERROR - Error processing article 4035: string indices must be integers, not 'str'
2025-04-01 09:14:46,666 - ERROR - Error processing article 4036: string indices must be integers, not 'str'
2025-04-01 09:14:46,666 - ERROR - Error processing article 4037: string indices must be integers, not 'str'
2025-04-01 09:14:46,666 - ERROR - Error processing article 4038: string indices must be integers, not 'str'
2025-04-01 09:14:46,666 - ERROR - Error processing article 4039: string indices must be integers, not 'str'
2025-04-01 09:14:46,667 - ERROR - Error processing article 4040: string indices must be integers, not 'str'
2025-04-01 09:14:46,667 - ERROR - Error processing article 4041: string indices must be integers, not 'str'
2025-04-01 09:14:46,667 - ERROR - Error processing article 4042: string indices must be integers, not 'str'
2025-04-01 09:14:46,667 - ERROR - Error processing article 4043: string indices must be integers, not 'str'
2025-04-01 09:14:46,667 - ERROR - Error processing article 4044: string indices must be integers, not 'str'
2025-04-01 09:14:46,668 - ERROR - Error processing article 4045: string indices must be integers, not 'str'
2025-04-01 09:14:46,668 - ERROR - Error processing article 4046: string indices must be integers, not 'str'
2025-04-01 09:14:46,668 - ERROR - Error processing article 4047: string indices must be integers, not 'str'
2025-04-01 09:14:46,668 - ERROR - Error processing article 4048: string indices must be integers, not 'str'
2025-04-01 09:14:46,668 - ERROR - Error processing article 4049: string indices must be integers, not 'str'
2025-04-01 09:14:46,669 - ERROR - Error processing article 4050: string indices must be integers, not 'str'
2025-04-01 09:14:46,669 - ERROR - Error processing article 4051: string indices must be integers, not 'str'
2025-04-01 09:14:46,669 - ERROR - Error processing article 4052: string indices must be integers, not 'str'
2025-04-01 09:14:46,669 - ERROR - Error processing article 4053: string indices must be integers, not 'str'
2025-04-01 09:14:46,669 - ERROR - Error processing article 4054: string indices must be integers, not 'str'
2025-04-01 09:14:46,669 - ERROR - Error processing article 4055: string indices must be integers, not 'str'
2025-04-01 09:14:46,670 - ERROR - Error processing article 4056: string indices must be integers, not 'str'
2025-04-01 09:14:46,670 - ERROR - Error processing article 4057: string indices must be integers, not 'str'
2025-04-01 09:14:46,670 - ERROR - Error processing article 4058: string indices must be integers, not 'str'
2025-04-01 09:14:46,670 - ERROR - Error processing article 4059: string indices must be integers, not 'str'
2025-04-01 09:14:46,670 - ERROR - Error processing article 4060: string indices must be integers, not 'str'
2025-04-01 09:14:46,671 - ERROR - Error processing article 4061: string indices must be integers, not 'str'
2025-04-01 09:14:46,671 - ERROR - Error processing article 4062: string indices must be integers, not 'str'
2025-04-01 09:14:46,671 - ERROR - Error processing article 4063: string indices must be integers, not 'str'
2025-04-01 09:14:46,671 - ERROR - Error processing article 4064: string indices must be integers, not 'str'
2025-04-01 09:14:46,671 - ERROR - Error processing article 4065: string indices must be integers, not 'str'
2025-04-01 09:14:46,672 - ERROR - Error processing article 4066: string indices must be integers, not 'str'
2025-04-01 09:14:46,672 - ERROR - Error processing article 4067: string indices must be integers, not 'str'
2025-04-01 09:14:46,672 - ERROR - Error processing article 4068: string indices must be integers, not 'str'
2025-04-01 09:14:46,672 - ERROR - Error processing article 4069: string indices must be integers, not 'str'
2025-04-01 09:14:46,672 - ERROR - Error processing article 4070: string indices must be integers, not 'str'
2025-04-01 09:14:46,672 - ERROR - Error processing article 4071: string indices must be integers, not 'str'
2025-04-01 09:14:46,673 - ERROR - Error processing article 4072: string indices must be integers, not 'str'
2025-04-01 09:14:46,673 - ERROR - Error processing article 4073: string indices must be integers, not 'str'
2025-04-01 09:14:46,673 - ERROR - Error processing article 4074: string indices must be integers, not 'str'
2025-04-01 09:14:46,673 - ERROR - Error processing article 4075: string indices must be integers, not 'str'
2025-04-01 09:14:46,673 - ERROR - Error processing article 4076: string indices must be integers, not 'str'
2025-04-01 09:14:46,673 - ERROR - Error processing article 4077: string indices must be integers, not 'str'
2025-04-01 09:14:46,674 - ERROR - Error processing article 4078: string indices must be integers, not 'str'
2025-04-01 09:14:46,674 - ERROR - Error processing article 4079: string indices must be integers, not 'str'
2025-04-01 09:14:46,674 - ERROR - Error processing article 4080: string indices must be integers, not 'str'
2025-04-01 09:14:46,674 - ERROR - Error processing article 4081: string indices must be integers, not 'str'
2025-04-01 09:14:46,674 - ERROR - Error processing article 4082: string indices must be integers, not 'str'
2025-04-01 09:14:46,674 - ERROR - Error processing article 4083: string indices must be integers, not 'str'
2025-04-01 09:14:46,676 - ERROR - Error processing article 4084: string indices must be integers, not 'str'
2025-04-01 09:14:46,676 - ERROR - Error processing article 4085: string indices must be integers, not 'str'
2025-04-01 09:14:46,676 - ERROR - Error processing article 4086: string indices must be integers, not 'str'
2025-04-01 09:14:46,676 - ERROR - Error processing article 4087: string indices must be integers, not 'str'
2025-04-01 09:14:46,676 - ERROR - Error processing article 4088: string indices must be integers, not 'str'
2025-04-01 09:14:46,676 - ERROR - Error processing article 4089: string indices must be integers, not 'str'
2025-04-01 09:14:46,677 - ERROR - Error processing article 4090: string indices must be integers, not 'str'
2025-04-01 09:14:46,677 - ERROR - Error processing article 4091: string indices must be integers, not 'str'
2025-04-01 09:14:46,677 - ERROR - Error processing article 4092: string indices must be integers, not 'str'
2025-04-01 09:14:46,677 - ERROR - Error processing article 4093: string indices must be integers, not 'str'
2025-04-01 09:14:46,677 - ERROR - Error processing article 4094: string indices must be integers, not 'str'
2025-04-01 09:14:46,677 - ERROR - Error processing article 4095: string indices must be integers, not 'str'
2025-04-01 09:14:46,678 - ERROR - Error processing article 4096: string indices must be integers, not 'str'
2025-04-01 09:14:46,678 - ERROR - Error processing article 4097: string indices must be integers, not 'str'
2025-04-01 09:14:46,678 - ERROR - Error processing article 4098: string indices must be integers, not 'str'
2025-04-01 09:14:46,678 - ERROR - Error processing article 4099: string indices must be integers, not 'str'
2025-04-01 09:14:46,678 - INFO - Processed 4100/4459 articles
2025-04-01 09:14:46,679 - ERROR - Error processing article 4100: string indices must be integers, not 'str'
2025-04-01 09:14:46,679 - ERROR - Error processing article 4101: string indices must be integers, not 'str'
2025-04-01 09:14:46,679 - ERROR - Error processing article 4102: string indices must be integers, not 'str'
2025-04-01 09:14:46,679 - ERROR - Error processing article 4103: string indices must be integers, not 'str'
2025-04-01 09:14:46,679 - ERROR - Error processing article 4104: string indices must be integers, not 'str'
2025-04-01 09:14:46,680 - ERROR - Error processing article 4105: string indices must be integers, not 'str'
2025-04-01 09:14:46,680 - ERROR - Error processing article 4106: string indices must be integers, not 'str'
2025-04-01 09:14:46,680 - ERROR - Error processing article 4107: string indices must be integers, not 'str'
2025-04-01 09:14:46,680 - ERROR - Error processing article 4108: string indices must be integers, not 'str'
2025-04-01 09:14:46,680 - ERROR - Error processing article 4109: string indices must be integers, not 'str'
2025-04-01 09:14:46,681 - ERROR - Error processing article 4110: string indices must be integers, not 'str'
2025-04-01 09:14:46,681 - ERROR - Error processing article 4111: string indices must be integers, not 'str'
2025-04-01 09:14:46,681 - ERROR - Error processing article 4112: string indices must be integers, not 'str'
2025-04-01 09:14:46,681 - ERROR - Error processing article 4113: string indices must be integers, not 'str'
2025-04-01 09:14:46,681 - ERROR - Error processing article 4114: string indices must be integers, not 'str'
2025-04-01 09:14:46,682 - ERROR - Error processing article 4115: string indices must be integers, not 'str'
2025-04-01 09:14:46,682 - ERROR - Error processing article 4116: string indices must be integers, not 'str'
2025-04-01 09:14:46,682 - ERROR - Error processing article 4117: string indices must be integers, not 'str'
2025-04-01 09:14:46,682 - ERROR - Error processing article 4118: string indices must be integers, not 'str'
2025-04-01 09:14:46,683 - ERROR - Error processing article 4119: string indices must be integers, not 'str'
2025-04-01 09:14:46,683 - ERROR - Error processing article 4120: string indices must be integers, not 'str'
2025-04-01 09:14:46,683 - ERROR - Error processing article 4121: string indices must be integers, not 'str'
2025-04-01 09:14:46,683 - ERROR - Error processing article 4122: string indices must be integers, not 'str'
2025-04-01 09:14:46,683 - ERROR - Error processing article 4123: string indices must be integers, not 'str'
2025-04-01 09:14:46,683 - ERROR - Error processing article 4124: string indices must be integers, not 'str'
2025-04-01 09:14:46,685 - ERROR - Error processing article 4125: string indices must be integers, not 'str'
2025-04-01 09:14:46,685 - ERROR - Error processing article 4126: string indices must be integers, not 'str'
2025-04-01 09:14:46,685 - ERROR - Error processing article 4127: string indices must be integers, not 'str'
2025-04-01 09:14:46,685 - ERROR - Error processing article 4128: string indices must be integers, not 'str'
2025-04-01 09:14:46,685 - ERROR - Error processing article 4129: string indices must be integers, not 'str'
2025-04-01 09:14:46,686 - ERROR - Error processing article 4130: string indices must be integers, not 'str'
2025-04-01 09:14:46,686 - ERROR - Error processing article 4131: string indices must be integers, not 'str'
2025-04-01 09:14:46,686 - ERROR - Error processing article 4132: string indices must be integers, not 'str'
2025-04-01 09:14:46,686 - ERROR - Error processing article 4133: string indices must be integers, not 'str'
2025-04-01 09:14:46,686 - ERROR - Error processing article 4134: string indices must be integers, not 'str'
2025-04-01 09:14:46,686 - ERROR - Error processing article 4135: string indices must be integers, not 'str'
2025-04-01 09:14:46,687 - ERROR - Error processing article 4136: string indices must be integers, not 'str'
2025-04-01 09:14:46,687 - ERROR - Error processing article 4137: string indices must be integers, not 'str'
2025-04-01 09:14:46,687 - ERROR - Error processing article 4138: string indices must be integers, not 'str'
2025-04-01 09:14:46,687 - ERROR - Error processing article 4139: string indices must be integers, not 'str'
2025-04-01 09:14:46,687 - ERROR - Error processing article 4140: string indices must be integers, not 'str'
2025-04-01 09:14:46,688 - ERROR - Error processing article 4141: string indices must be integers, not 'str'
2025-04-01 09:14:46,688 - ERROR - Error processing article 4142: string indices must be integers, not 'str'
2025-04-01 09:14:46,688 - ERROR - Error processing article 4143: string indices must be integers, not 'str'
2025-04-01 09:14:46,688 - ERROR - Error processing article 4144: string indices must be integers, not 'str'
2025-04-01 09:14:46,689 - ERROR - Error processing article 4145: string indices must be integers, not 'str'
2025-04-01 09:14:46,689 - ERROR - Error processing article 4146: string indices must be integers, not 'str'
2025-04-01 09:14:46,689 - ERROR - Error processing article 4147: string indices must be integers, not 'str'
2025-04-01 09:14:46,689 - ERROR - Error processing article 4148: string indices must be integers, not 'str'
2025-04-01 09:14:46,689 - ERROR - Error processing article 4149: string indices must be integers, not 'str'
2025-04-01 09:14:46,689 - ERROR - Error processing article 4150: string indices must be integers, not 'str'
2025-04-01 09:14:46,690 - ERROR - Error processing article 4151: string indices must be integers, not 'str'
2025-04-01 09:14:46,690 - ERROR - Error processing article 4152: string indices must be integers, not 'str'
2025-04-01 09:14:46,690 - ERROR - Error processing article 4153: string indices must be integers, not 'str'
2025-04-01 09:14:46,690 - ERROR - Error processing article 4154: string indices must be integers, not 'str'
2025-04-01 09:14:46,690 - ERROR - Error processing article 4155: string indices must be integers, not 'str'
2025-04-01 09:14:46,690 - ERROR - Error processing article 4156: string indices must be integers, not 'str'
2025-04-01 09:14:46,690 - ERROR - Error processing article 4157: string indices must be integers, not 'str'
2025-04-01 09:14:46,692 - ERROR - Error processing article 4158: string indices must be integers, not 'str'
2025-04-01 09:14:46,692 - ERROR - Error processing article 4159: string indices must be integers, not 'str'
2025-04-01 09:14:46,692 - ERROR - Error processing article 4160: string indices must be integers, not 'str'
2025-04-01 09:14:46,692 - ERROR - Error processing article 4161: string indices must be integers, not 'str'
2025-04-01 09:14:46,692 - ERROR - Error processing article 4162: string indices must be integers, not 'str'
2025-04-01 09:14:46,692 - ERROR - Error processing article 4163: string indices must be integers, not 'str'
2025-04-01 09:14:46,693 - ERROR - Error processing article 4164: string indices must be integers, not 'str'
2025-04-01 09:14:46,693 - ERROR - Error processing article 4165: string indices must be integers, not 'str'
2025-04-01 09:14:46,693 - ERROR - Error processing article 4166: string indices must be integers, not 'str'
2025-04-01 09:14:46,693 - ERROR - Error processing article 4167: string indices must be integers, not 'str'
2025-04-01 09:14:46,693 - ERROR - Error processing article 4168: string indices must be integers, not 'str'
2025-04-01 09:14:46,693 - ERROR - Error processing article 4169: string indices must be integers, not 'str'
2025-04-01 09:14:46,694 - ERROR - Error processing article 4170: string indices must be integers, not 'str'
2025-04-01 09:14:46,694 - ERROR - Error processing article 4171: string indices must be integers, not 'str'
2025-04-01 09:14:46,694 - ERROR - Error processing article 4172: string indices must be integers, not 'str'
2025-04-01 09:14:46,694 - ERROR - Error processing article 4173: string indices must be integers, not 'str'
2025-04-01 09:14:46,694 - ERROR - Error processing article 4174: string indices must be integers, not 'str'
2025-04-01 09:14:46,694 - ERROR - Error processing article 4175: string indices must be integers, not 'str'
2025-04-01 09:14:46,695 - ERROR - Error processing article 4176: string indices must be integers, not 'str'
2025-04-01 09:14:46,695 - ERROR - Error processing article 4177: string indices must be integers, not 'str'
2025-04-01 09:14:46,695 - ERROR - Error processing article 4178: string indices must be integers, not 'str'
2025-04-01 09:14:46,695 - ERROR - Error processing article 4179: string indices must be integers, not 'str'
2025-04-01 09:14:46,695 - ERROR - Error processing article 4180: string indices must be integers, not 'str'
2025-04-01 09:14:46,695 - ERROR - Error processing article 4181: string indices must be integers, not 'str'
2025-04-01 09:14:46,696 - ERROR - Error processing article 4182: string indices must be integers, not 'str'
2025-04-01 09:14:46,696 - ERROR - Error processing article 4183: string indices must be integers, not 'str'
2025-04-01 09:14:46,696 - ERROR - Error processing article 4184: string indices must be integers, not 'str'
2025-04-01 09:14:46,696 - ERROR - Error processing article 4185: string indices must be integers, not 'str'
2025-04-01 09:14:46,696 - ERROR - Error processing article 4186: string indices must be integers, not 'str'
2025-04-01 09:14:46,697 - ERROR - Error processing article 4187: string indices must be integers, not 'str'
2025-04-01 09:14:46,698 - ERROR - Error processing article 4188: string indices must be integers, not 'str'
2025-04-01 09:14:46,698 - ERROR - Error processing article 4189: string indices must be integers, not 'str'
2025-04-01 09:14:46,698 - ERROR - Error processing article 4190: string indices must be integers, not 'str'
2025-04-01 09:14:46,698 - ERROR - Error processing article 4191: string indices must be integers, not 'str'
2025-04-01 09:14:46,698 - ERROR - Error processing article 4192: string indices must be integers, not 'str'
2025-04-01 09:14:46,698 - ERROR - Error processing article 4193: string indices must be integers, not 'str'
2025-04-01 09:14:46,699 - ERROR - Error processing article 4194: string indices must be integers, not 'str'
2025-04-01 09:14:46,699 - ERROR - Error processing article 4195: string indices must be integers, not 'str'
2025-04-01 09:14:46,699 - ERROR - Error processing article 4196: string indices must be integers, not 'str'
2025-04-01 09:14:46,699 - ERROR - Error processing article 4197: string indices must be integers, not 'str'
2025-04-01 09:14:46,699 - ERROR - Error processing article 4198: string indices must be integers, not 'str'
2025-04-01 09:14:46,699 - ERROR - Error processing article 4199: string indices must be integers, not 'str'
2025-04-01 09:14:46,699 - INFO - Processed 4200/4459 articles
2025-04-01 09:14:46,699 - ERROR - Error processing article 4200: string indices must be integers, not 'str'
2025-04-01 09:14:46,699 - ERROR - Error processing article 4201: string indices must be integers, not 'str'
2025-04-01 09:14:46,699 - ERROR - Error processing article 4202: string indices must be integers, not 'str'
2025-04-01 09:14:46,699 - ERROR - Error processing article 4203: string indices must be integers, not 'str'
2025-04-01 09:14:46,699 - ERROR - Error processing article 4204: string indices must be integers, not 'str'
2025-04-01 09:14:46,699 - ERROR - Error processing article 4205: string indices must be integers, not 'str'
2025-04-01 09:14:46,702 - ERROR - Error processing article 4206: string indices must be integers, not 'str'
2025-04-01 09:14:46,702 - ERROR - Error processing article 4207: string indices must be integers, not 'str'
2025-04-01 09:14:46,702 - ERROR - Error processing article 4208: string indices must be integers, not 'str'
2025-04-01 09:14:46,702 - ERROR - Error processing article 4209: string indices must be integers, not 'str'
2025-04-01 09:14:46,702 - ERROR - Error processing article 4210: string indices must be integers, not 'str'
2025-04-01 09:14:46,703 - ERROR - Error processing article 4211: string indices must be integers, not 'str'
2025-04-01 09:14:46,703 - ERROR - Error processing article 4212: string indices must be integers, not 'str'
2025-04-01 09:14:46,703 - ERROR - Error processing article 4213: string indices must be integers, not 'str'
2025-04-01 09:14:46,703 - ERROR - Error processing article 4214: string indices must be integers, not 'str'
2025-04-01 09:14:46,703 - ERROR - Error processing article 4215: string indices must be integers, not 'str'
2025-04-01 09:14:46,703 - ERROR - Error processing article 4216: string indices must be integers, not 'str'
2025-04-01 09:14:46,704 - ERROR - Error processing article 4217: string indices must be integers, not 'str'
2025-04-01 09:14:46,704 - ERROR - Error processing article 4218: string indices must be integers, not 'str'
2025-04-01 09:14:46,704 - ERROR - Error processing article 4219: string indices must be integers, not 'str'
2025-04-01 09:14:46,704 - ERROR - Error processing article 4220: string indices must be integers, not 'str'
2025-04-01 09:14:46,704 - ERROR - Error processing article 4221: string indices must be integers, not 'str'
2025-04-01 09:14:46,705 - ERROR - Error processing article 4222: string indices must be integers, not 'str'
2025-04-01 09:14:46,705 - ERROR - Error processing article 4223: string indices must be integers, not 'str'
2025-04-01 09:14:46,705 - ERROR - Error processing article 4224: string indices must be integers, not 'str'
2025-04-01 09:14:46,705 - ERROR - Error processing article 4225: string indices must be integers, not 'str'
2025-04-01 09:14:46,705 - ERROR - Error processing article 4226: string indices must be integers, not 'str'
2025-04-01 09:14:46,706 - ERROR - Error processing article 4227: string indices must be integers, not 'str'
2025-04-01 09:14:46,706 - ERROR - Error processing article 4228: string indices must be integers, not 'str'
2025-04-01 09:14:46,706 - ERROR - Error processing article 4229: string indices must be integers, not 'str'
2025-04-01 09:14:46,707 - ERROR - Error processing article 4230: string indices must be integers, not 'str'
2025-04-01 09:14:46,707 - ERROR - Error processing article 4231: string indices must be integers, not 'str'
2025-04-01 09:14:46,707 - ERROR - Error processing article 4232: string indices must be integers, not 'str'
2025-04-01 09:14:46,707 - ERROR - Error processing article 4233: string indices must be integers, not 'str'
2025-04-01 09:14:46,708 - ERROR - Error processing article 4234: string indices must be integers, not 'str'
2025-04-01 09:14:46,708 - ERROR - Error processing article 4235: string indices must be integers, not 'str'
2025-04-01 09:14:46,708 - ERROR - Error processing article 4236: string indices must be integers, not 'str'
2025-04-01 09:14:46,708 - ERROR - Error processing article 4237: string indices must be integers, not 'str'
2025-04-01 09:14:46,708 - ERROR - Error processing article 4238: string indices must be integers, not 'str'
2025-04-01 09:14:46,708 - ERROR - Error processing article 4239: string indices must be integers, not 'str'
2025-04-01 09:14:46,708 - ERROR - Error processing article 4240: string indices must be integers, not 'str'
2025-04-01 09:14:46,708 - ERROR - Error processing article 4241: string indices must be integers, not 'str'
2025-04-01 09:14:46,708 - ERROR - Error processing article 4242: string indices must be integers, not 'str'
2025-04-01 09:14:46,708 - ERROR - Error processing article 4243: string indices must be integers, not 'str'
2025-04-01 09:14:46,708 - ERROR - Error processing article 4244: string indices must be integers, not 'str'
2025-04-01 09:14:46,708 - ERROR - Error processing article 4245: string indices must be integers, not 'str'
2025-04-01 09:14:46,708 - ERROR - Error processing article 4246: string indices must be integers, not 'str'
2025-04-01 09:14:46,708 - ERROR - Error processing article 4247: string indices must be integers, not 'str'
2025-04-01 09:14:46,708 - ERROR - Error processing article 4248: string indices must be integers, not 'str'
2025-04-01 09:14:46,708 - ERROR - Error processing article 4249: string indices must be integers, not 'str'
2025-04-01 09:14:46,711 - ERROR - Error processing article 4250: string indices must be integers, not 'str'
2025-04-01 09:14:46,711 - ERROR - Error processing article 4251: string indices must be integers, not 'str'
2025-04-01 09:14:46,711 - ERROR - Error processing article 4252: string indices must be integers, not 'str'
2025-04-01 09:14:46,711 - ERROR - Error processing article 4253: string indices must be integers, not 'str'
2025-04-01 09:14:46,712 - ERROR - Error processing article 4254: string indices must be integers, not 'str'
2025-04-01 09:14:46,712 - ERROR - Error processing article 4255: string indices must be integers, not 'str'
2025-04-01 09:14:46,712 - ERROR - Error processing article 4256: string indices must be integers, not 'str'
2025-04-01 09:14:46,712 - ERROR - Error processing article 4257: string indices must be integers, not 'str'
2025-04-01 09:14:46,712 - ERROR - Error processing article 4258: string indices must be integers, not 'str'
2025-04-01 09:14:46,712 - ERROR - Error processing article 4259: string indices must be integers, not 'str'
2025-04-01 09:14:46,712 - ERROR - Error processing article 4260: string indices must be integers, not 'str'
2025-04-01 09:14:46,713 - ERROR - Error processing article 4261: string indices must be integers, not 'str'
2025-04-01 09:14:46,713 - ERROR - Error processing article 4262: string indices must be integers, not 'str'
2025-04-01 09:14:46,713 - ERROR - Error processing article 4263: string indices must be integers, not 'str'
2025-04-01 09:14:46,713 - ERROR - Error processing article 4264: string indices must be integers, not 'str'
2025-04-01 09:14:46,714 - ERROR - Error processing article 4265: string indices must be integers, not 'str'
2025-04-01 09:14:46,714 - ERROR - Error processing article 4266: string indices must be integers, not 'str'
2025-04-01 09:14:46,714 - ERROR - Error processing article 4267: string indices must be integers, not 'str'
2025-04-01 09:14:46,714 - ERROR - Error processing article 4268: string indices must be integers, not 'str'
2025-04-01 09:14:46,715 - ERROR - Error processing article 4269: string indices must be integers, not 'str'
2025-04-01 09:14:46,715 - ERROR - Error processing article 4270: string indices must be integers, not 'str'
2025-04-01 09:14:46,715 - ERROR - Error processing article 4271: string indices must be integers, not 'str'
2025-04-01 09:14:46,715 - ERROR - Error processing article 4272: string indices must be integers, not 'str'
2025-04-01 09:14:46,715 - ERROR - Error processing article 4273: string indices must be integers, not 'str'
2025-04-01 09:14:46,716 - ERROR - Error processing article 4274: string indices must be integers, not 'str'
2025-04-01 09:14:46,716 - ERROR - Error processing article 4275: string indices must be integers, not 'str'
2025-04-01 09:14:46,716 - ERROR - Error processing article 4276: string indices must be integers, not 'str'
2025-04-01 09:14:46,716 - ERROR - Error processing article 4277: string indices must be integers, not 'str'
2025-04-01 09:14:46,716 - ERROR - Error processing article 4278: string indices must be integers, not 'str'
2025-04-01 09:14:46,716 - ERROR - Error processing article 4279: string indices must be integers, not 'str'
2025-04-01 09:14:46,716 - ERROR - Error processing article 4280: string indices must be integers, not 'str'
2025-04-01 09:14:46,718 - ERROR - Error processing article 4281: string indices must be integers, not 'str'
2025-04-01 09:14:46,718 - ERROR - Error processing article 4282: string indices must be integers, not 'str'
2025-04-01 09:14:46,718 - ERROR - Error processing article 4283: string indices must be integers, not 'str'
2025-04-01 09:14:46,718 - ERROR - Error processing article 4284: string indices must be integers, not 'str'
2025-04-01 09:14:46,719 - ERROR - Error processing article 4285: string indices must be integers, not 'str'
2025-04-01 09:14:46,719 - ERROR - Error processing article 4286: string indices must be integers, not 'str'
2025-04-01 09:14:46,719 - ERROR - Error processing article 4287: string indices must be integers, not 'str'
2025-04-01 09:14:46,719 - ERROR - Error processing article 4288: string indices must be integers, not 'str'
2025-04-01 09:14:46,719 - ERROR - Error processing article 4289: string indices must be integers, not 'str'
2025-04-01 09:14:46,719 - ERROR - Error processing article 4290: string indices must be integers, not 'str'
2025-04-01 09:14:46,719 - ERROR - Error processing article 4291: string indices must be integers, not 'str'
2025-04-01 09:14:46,720 - ERROR - Error processing article 4292: string indices must be integers, not 'str'
2025-04-01 09:14:46,720 - ERROR - Error processing article 4293: string indices must be integers, not 'str'
2025-04-01 09:14:46,720 - ERROR - Error processing article 4294: string indices must be integers, not 'str'
2025-04-01 09:14:46,720 - ERROR - Error processing article 4295: string indices must be integers, not 'str'
2025-04-01 09:14:46,720 - ERROR - Error processing article 4296: string indices must be integers, not 'str'
2025-04-01 09:14:46,721 - ERROR - Error processing article 4297: string indices must be integers, not 'str'
2025-04-01 09:14:46,721 - ERROR - Error processing article 4298: string indices must be integers, not 'str'
2025-04-01 09:14:46,721 - ERROR - Error processing article 4299: string indices must be integers, not 'str'
2025-04-01 09:14:46,721 - INFO - Processed 4300/4459 articles
2025-04-01 09:14:46,721 - ERROR - Error processing article 4300: string indices must be integers, not 'str'
2025-04-01 09:14:46,722 - ERROR - Error processing article 4301: string indices must be integers, not 'str'
2025-04-01 09:14:46,722 - ERROR - Error processing article 4302: string indices must be integers, not 'str'
2025-04-01 09:14:46,722 - ERROR - Error processing article 4303: string indices must be integers, not 'str'
2025-04-01 09:14:46,722 - ERROR - Error processing article 4304: string indices must be integers, not 'str'
2025-04-01 09:14:46,722 - ERROR - Error processing article 4305: string indices must be integers, not 'str'
2025-04-01 09:14:46,723 - ERROR - Error processing article 4306: string indices must be integers, not 'str'
2025-04-01 09:14:46,723 - ERROR - Error processing article 4307: string indices must be integers, not 'str'
2025-04-01 09:14:46,723 - ERROR - Error processing article 4308: string indices must be integers, not 'str'
2025-04-01 09:14:46,723 - ERROR - Error processing article 4309: string indices must be integers, not 'str'
2025-04-01 09:14:46,724 - ERROR - Error processing article 4310: string indices must be integers, not 'str'
2025-04-01 09:14:46,724 - ERROR - Error processing article 4311: string indices must be integers, not 'str'
2025-04-01 09:14:46,724 - ERROR - Error processing article 4312: string indices must be integers, not 'str'
2025-04-01 09:14:46,724 - ERROR - Error processing article 4313: string indices must be integers, not 'str'
2025-04-01 09:14:46,724 - ERROR - Error processing article 4314: string indices must be integers, not 'str'
2025-04-01 09:14:46,724 - ERROR - Error processing article 4315: string indices must be integers, not 'str'
2025-04-01 09:14:46,725 - ERROR - Error processing article 4316: string indices must be integers, not 'str'
2025-04-01 09:14:46,725 - ERROR - Error processing article 4317: string indices must be integers, not 'str'
2025-04-01 09:14:46,725 - ERROR - Error processing article 4318: string indices must be integers, not 'str'
2025-04-01 09:14:46,725 - ERROR - Error processing article 4319: string indices must be integers, not 'str'
2025-04-01 09:14:46,725 - ERROR - Error processing article 4320: string indices must be integers, not 'str'
2025-04-01 09:14:46,725 - ERROR - Error processing article 4321: string indices must be integers, not 'str'
2025-04-01 09:14:46,725 - ERROR - Error processing article 4322: string indices must be integers, not 'str'
2025-04-01 09:14:46,726 - ERROR - Error processing article 4323: string indices must be integers, not 'str'
2025-04-01 09:14:46,726 - ERROR - Error processing article 4324: string indices must be integers, not 'str'
2025-04-01 09:14:46,726 - ERROR - Error processing article 4325: string indices must be integers, not 'str'
2025-04-01 09:14:46,726 - ERROR - Error processing article 4326: string indices must be integers, not 'str'
2025-04-01 09:14:46,726 - ERROR - Error processing article 4327: string indices must be integers, not 'str'
2025-04-01 09:14:46,726 - ERROR - Error processing article 4328: string indices must be integers, not 'str'
2025-04-01 09:14:46,726 - ERROR - Error processing article 4329: string indices must be integers, not 'str'
2025-04-01 09:14:46,727 - ERROR - Error processing article 4330: string indices must be integers, not 'str'
2025-04-01 09:14:46,727 - ERROR - Error processing article 4331: string indices must be integers, not 'str'
2025-04-01 09:14:46,727 - ERROR - Error processing article 4332: string indices must be integers, not 'str'
2025-04-01 09:14:46,727 - ERROR - Error processing article 4333: string indices must be integers, not 'str'
2025-04-01 09:14:46,727 - ERROR - Error processing article 4334: string indices must be integers, not 'str'
2025-04-01 09:14:46,728 - ERROR - Error processing article 4335: string indices must be integers, not 'str'
2025-04-01 09:14:46,728 - ERROR - Error processing article 4336: string indices must be integers, not 'str'
2025-04-01 09:14:46,728 - ERROR - Error processing article 4337: string indices must be integers, not 'str'
2025-04-01 09:14:46,728 - ERROR - Error processing article 4338: string indices must be integers, not 'str'
2025-04-01 09:14:46,729 - ERROR - Error processing article 4339: string indices must be integers, not 'str'
2025-04-01 09:14:46,729 - ERROR - Error processing article 4340: string indices must be integers, not 'str'
2025-04-01 09:14:46,729 - ERROR - Error processing article 4341: string indices must be integers, not 'str'
2025-04-01 09:14:46,729 - ERROR - Error processing article 4342: string indices must be integers, not 'str'
2025-04-01 09:14:46,729 - ERROR - Error processing article 4343: string indices must be integers, not 'str'
2025-04-01 09:14:46,729 - ERROR - Error processing article 4344: string indices must be integers, not 'str'
2025-04-01 09:14:46,730 - ERROR - Error processing article 4345: string indices must be integers, not 'str'
2025-04-01 09:14:46,730 - ERROR - Error processing article 4346: string indices must be integers, not 'str'
2025-04-01 09:14:46,730 - ERROR - Error processing article 4347: string indices must be integers, not 'str'
2025-04-01 09:14:46,730 - ERROR - Error processing article 4348: string indices must be integers, not 'str'
2025-04-01 09:14:46,731 - ERROR - Error processing article 4349: string indices must be integers, not 'str'
2025-04-01 09:14:46,731 - ERROR - Error processing article 4350: string indices must be integers, not 'str'
2025-04-01 09:14:46,731 - ERROR - Error processing article 4351: string indices must be integers, not 'str'
2025-04-01 09:14:46,731 - ERROR - Error processing article 4352: string indices must be integers, not 'str'
2025-04-01 09:14:46,733 - ERROR - Error processing article 4353: string indices must be integers, not 'str'
2025-04-01 09:14:46,733 - ERROR - Error processing article 4354: string indices must be integers, not 'str'
2025-04-01 09:14:46,733 - ERROR - Error processing article 4355: string indices must be integers, not 'str'
2025-04-01 09:14:46,733 - ERROR - Error processing article 4356: string indices must be integers, not 'str'
2025-04-01 09:14:46,733 - ERROR - Error processing article 4357: string indices must be integers, not 'str'
2025-04-01 09:14:46,733 - ERROR - Error processing article 4358: string indices must be integers, not 'str'
2025-04-01 09:14:46,733 - ERROR - Error processing article 4359: string indices must be integers, not 'str'
2025-04-01 09:14:46,733 - ERROR - Error processing article 4360: string indices must be integers, not 'str'
2025-04-01 09:14:46,733 - ERROR - Error processing article 4361: string indices must be integers, not 'str'
2025-04-01 09:14:46,733 - ERROR - Error processing article 4362: string indices must be integers, not 'str'
2025-04-01 09:14:46,735 - ERROR - Error processing article 4363: string indices must be integers, not 'str'
2025-04-01 09:14:46,735 - ERROR - Error processing article 4364: string indices must be integers, not 'str'
2025-04-01 09:14:46,735 - ERROR - Error processing article 4365: string indices must be integers, not 'str'
2025-04-01 09:14:46,735 - ERROR - Error processing article 4366: string indices must be integers, not 'str'
2025-04-01 09:14:46,735 - ERROR - Error processing article 4367: string indices must be integers, not 'str'
2025-04-01 09:14:46,736 - ERROR - Error processing article 4368: string indices must be integers, not 'str'
2025-04-01 09:14:46,736 - ERROR - Error processing article 4369: string indices must be integers, not 'str'
2025-04-01 09:14:46,736 - ERROR - Error processing article 4370: string indices must be integers, not 'str'
2025-04-01 09:14:46,736 - ERROR - Error processing article 4371: string indices must be integers, not 'str'
2025-04-01 09:14:46,736 - ERROR - Error processing article 4372: string indices must be integers, not 'str'
2025-04-01 09:14:46,737 - ERROR - Error processing article 4373: string indices must be integers, not 'str'
2025-04-01 09:14:46,737 - ERROR - Error processing article 4374: string indices must be integers, not 'str'
2025-04-01 09:14:46,737 - ERROR - Error processing article 4375: string indices must be integers, not 'str'
2025-04-01 09:14:46,737 - ERROR - Error processing article 4376: string indices must be integers, not 'str'
2025-04-01 09:14:46,737 - ERROR - Error processing article 4377: string indices must be integers, not 'str'
2025-04-01 09:14:46,738 - ERROR - Error processing article 4378: string indices must be integers, not 'str'
2025-04-01 09:14:46,738 - ERROR - Error processing article 4379: string indices must be integers, not 'str'
2025-04-01 09:14:46,738 - ERROR - Error processing article 4380: string indices must be integers, not 'str'
2025-04-01 09:14:46,738 - ERROR - Error processing article 4381: string indices must be integers, not 'str'
2025-04-01 09:14:46,738 - ERROR - Error processing article 4382: string indices must be integers, not 'str'
2025-04-01 09:14:46,739 - ERROR - Error processing article 4383: string indices must be integers, not 'str'
2025-04-01 09:14:46,739 - ERROR - Error processing article 4384: string indices must be integers, not 'str'
2025-04-01 09:14:46,739 - ERROR - Error processing article 4385: string indices must be integers, not 'str'
2025-04-01 09:14:46,739 - ERROR - Error processing article 4386: string indices must be integers, not 'str'
2025-04-01 09:14:46,739 - ERROR - Error processing article 4387: string indices must be integers, not 'str'
2025-04-01 09:14:46,740 - ERROR - Error processing article 4388: string indices must be integers, not 'str'
2025-04-01 09:14:46,740 - ERROR - Error processing article 4389: string indices must be integers, not 'str'
2025-04-01 09:14:46,740 - ERROR - Error processing article 4390: string indices must be integers, not 'str'
2025-04-01 09:14:46,740 - ERROR - Error processing article 4391: string indices must be integers, not 'str'
2025-04-01 09:14:46,740 - ERROR - Error processing article 4392: string indices must be integers, not 'str'
2025-04-01 09:14:46,740 - ERROR - Error processing article 4393: string indices must be integers, not 'str'
2025-04-01 09:14:46,741 - ERROR - Error processing article 4394: string indices must be integers, not 'str'
2025-04-01 09:14:46,741 - ERROR - Error processing article 4395: string indices must be integers, not 'str'
2025-04-01 09:14:46,741 - ERROR - Error processing article 4396: string indices must be integers, not 'str'
2025-04-01 09:14:46,741 - ERROR - Error processing article 4397: string indices must be integers, not 'str'
2025-04-01 09:14:46,741 - ERROR - Error processing article 4398: string indices must be integers, not 'str'
2025-04-01 09:14:46,741 - ERROR - Error processing article 4399: string indices must be integers, not 'str'
2025-04-01 09:14:46,742 - INFO - Processed 4400/4459 articles
2025-04-01 09:14:46,742 - ERROR - Error processing article 4400: string indices must be integers, not 'str'
2025-04-01 09:14:46,742 - ERROR - Error processing article 4401: string indices must be integers, not 'str'
2025-04-01 09:14:46,742 - ERROR - Error processing article 4402: string indices must be integers, not 'str'
2025-04-01 09:14:46,743 - ERROR - Error processing article 4403: string indices must be integers, not 'str'
2025-04-01 09:14:46,743 - ERROR - Error processing article 4404: string indices must be integers, not 'str'
2025-04-01 09:14:46,743 - ERROR - Error processing article 4405: string indices must be integers, not 'str'
2025-04-01 09:14:46,743 - ERROR - Error processing article 4406: string indices must be integers, not 'str'
2025-04-01 09:14:46,743 - ERROR - Error processing article 4407: string indices must be integers, not 'str'
2025-04-01 09:14:46,744 - ERROR - Error processing article 4408: string indices must be integers, not 'str'
2025-04-01 09:14:46,744 - ERROR - Error processing article 4409: string indices must be integers, not 'str'
2025-04-01 09:14:46,744 - ERROR - Error processing article 4410: string indices must be integers, not 'str'
2025-04-01 09:14:46,744 - ERROR - Error processing article 4411: string indices must be integers, not 'str'
2025-04-01 09:14:46,744 - ERROR - Error processing article 4412: string indices must be integers, not 'str'
2025-04-01 09:14:46,744 - ERROR - Error processing article 4413: string indices must be integers, not 'str'
2025-04-01 09:14:46,745 - ERROR - Error processing article 4414: string indices must be integers, not 'str'
2025-04-01 09:14:46,745 - ERROR - Error processing article 4415: string indices must be integers, not 'str'
2025-04-01 09:14:46,745 - ERROR - Error processing article 4416: string indices must be integers, not 'str'
2025-04-01 09:14:46,745 - ERROR - Error processing article 4417: string indices must be integers, not 'str'
2025-04-01 09:14:46,745 - ERROR - Error processing article 4418: string indices must be integers, not 'str'
2025-04-01 09:14:46,745 - ERROR - Error processing article 4419: string indices must be integers, not 'str'
2025-04-01 09:14:46,746 - ERROR - Error processing article 4420: string indices must be integers, not 'str'
2025-04-01 09:14:46,746 - ERROR - Error processing article 4421: string indices must be integers, not 'str'
2025-04-01 09:14:46,746 - ERROR - Error processing article 4422: string indices must be integers, not 'str'
2025-04-01 09:14:46,746 - ERROR - Error processing article 4423: string indices must be integers, not 'str'
2025-04-01 09:14:46,747 - ERROR - Error processing article 4424: string indices must be integers, not 'str'
2025-04-01 09:14:46,748 - ERROR - Error processing article 4425: string indices must be integers, not 'str'
2025-04-01 09:14:46,748 - ERROR - Error processing article 4426: string indices must be integers, not 'str'
2025-04-01 09:14:46,748 - ERROR - Error processing article 4427: string indices must be integers, not 'str'
2025-04-01 09:14:46,748 - ERROR - Error processing article 4428: string indices must be integers, not 'str'
2025-04-01 09:14:46,748 - ERROR - Error processing article 4429: string indices must be integers, not 'str'
2025-04-01 09:14:46,749 - ERROR - Error processing article 4430: string indices must be integers, not 'str'
2025-04-01 09:14:46,749 - ERROR - Error processing article 4431: string indices must be integers, not 'str'
2025-04-01 09:14:46,749 - ERROR - Error processing article 4432: string indices must be integers, not 'str'
2025-04-01 09:14:46,749 - ERROR - Error processing article 4433: string indices must be integers, not 'str'
2025-04-01 09:14:46,749 - ERROR - Error processing article 4434: string indices must be integers, not 'str'
2025-04-01 09:14:46,749 - ERROR - Error processing article 4435: string indices must be integers, not 'str'
2025-04-01 09:14:46,749 - ERROR - Error processing article 4436: string indices must be integers, not 'str'
2025-04-01 09:14:46,749 - ERROR - Error processing article 4437: string indices must be integers, not 'str'
2025-04-01 09:14:46,749 - ERROR - Error processing article 4438: string indices must be integers, not 'str'
2025-04-01 09:14:46,751 - ERROR - Error processing article 4439: string indices must be integers, not 'str'
2025-04-01 09:14:46,751 - ERROR - Error processing article 4440: string indices must be integers, not 'str'
2025-04-01 09:14:46,751 - ERROR - Error processing article 4441: string indices must be integers, not 'str'
2025-04-01 09:14:46,751 - ERROR - Error processing article 4442: string indices must be integers, not 'str'
2025-04-01 09:14:46,751 - ERROR - Error processing article 4443: string indices must be integers, not 'str'
2025-04-01 09:14:46,752 - ERROR - Error processing article 4444: string indices must be integers, not 'str'
2025-04-01 09:14:46,752 - ERROR - Error processing article 4445: string indices must be integers, not 'str'
2025-04-01 09:14:46,752 - ERROR - Error processing article 4446: string indices must be integers, not 'str'
2025-04-01 09:14:46,752 - ERROR - Error processing article 4447: string indices must be integers, not 'str'
2025-04-01 09:14:46,752 - ERROR - Error processing article 4448: string indices must be integers, not 'str'
2025-04-01 09:14:46,752 - ERROR - Error processing article 4449: string indices must be integers, not 'str'
2025-04-01 09:14:46,753 - ERROR - Error processing article 4450: string indices must be integers, not 'str'
2025-04-01 09:14:46,753 - ERROR - Error processing article 4451: string indices must be integers, not 'str'
2025-04-01 09:14:46,753 - ERROR - Error processing article 4452: string indices must be integers, not 'str'
2025-04-01 09:14:46,753 - ERROR - Error processing article 4453: string indices must be integers, not 'str'
2025-04-01 09:14:46,753 - ERROR - Error processing article 4454: string indices must be integers, not 'str'
2025-04-01 09:14:46,754 - ERROR - Error processing article 4455: string indices must be integers, not 'str'
2025-04-01 09:14:46,754 - ERROR - Error processing article 4456: string indices must be integers, not 'str'
2025-04-01 09:14:46,754 - ERROR - Error processing article 4457: string indices must be integers, not 'str'
2025-04-01 09:14:46,754 - ERROR - Error processing article 4458: string indices must be integers, not 'str'
2025-04-01 09:14:46,754 - WARNING - Encountered errors in 4459 articles
2025-04-01 09:14:46,755 - INFO - Trimming arrays from 8918 to 0 due to errors
2025-04-01 09:14:46,755 - INFO - Dataset construction completed in 1.06 seconds
2025-04-01 09:14:46,755 - INFO - Final dataset shape: X=(0, 50265), y=(0,), Class distribution: 0=0, 1=0
2025-04-01 09:14:46,759 - INFO - Dataset loaded: 0 samples with 50265 features
2025-04-01 09:14:46,759 - INFO - Normalizing features
2025-04-01 09:14:46,760 - ERROR - Error during model training: Found array with 0 sample(s) (shape=(0, 50265)) while a minimum of 1 is required by the normalize function.
2025-04-01 09:14:46,761 - INFO - Starting cross-validation
2025-04-01 09:14:46,761 - INFO - Performing 5-fold cross-validation with data from D:/data/data_final_1024.json
2025-04-01 09:14:46,761 - INFO - Constructing dataset
2025-04-01 09:14:46,761 - INFO - Loading data from file: D:/data/data_final_1024.json
2025-04-01 09:14:46,761 - ERROR - Data file not found: D:/data/data_final_1024.json
2025-04-01 09:14:46,762 - ERROR - Error during cross-validation: Could not find data file: D:/data/data_final_1024.json
2025-04-01 09:14:46,762 - INFO - Script execution completed
2025-04-01 09:17:56,407 - INFO - Starting logistic regression training process
2025-04-01 09:17:56,407 - INFO - Initializing BART tokenizer
2025-04-01 09:17:58,335 - INFO - Tokenizer loaded with vocabulary size: 50265
2025-04-01 09:17:58,335 - INFO - Data file found: D:\Para-Level-Summ Data\data\data_final_1024.json
2025-04-01 09:17:58,335 - INFO - Starting model training
2025-04-01 09:17:58,335 - INFO - Training logistic regression model with data from D:\Para-Level-Summ Data\data\data_final_1024.json
2025-04-01 09:17:58,363 - INFO - Constructing dataset
2025-04-01 09:17:58,363 - INFO - Loading data from file: D:\Para-Level-Summ Data\data\data_final_1024.json
2025-04-01 09:17:58,444 - INFO - Data type: <class 'list'>
2025-04-01 09:17:58,444 - INFO - First item type: <class 'dict'>
2025-04-01 09:17:58,444 - INFO - First item keys: dict_keys(['doi', 'abstract', 'pls'])
2025-04-01 09:17:58,445 - INFO - Abstract type: <class 'str'>
2025-04-01 09:17:58,445 - INFO - PLS type: <class 'str'>
2025-04-01 09:17:58,445 - INFO - Sample data: {'doi': '10.1002/14651858.CD001836.pub4', 'abstract': 'Two trials met the inclusion criteria. One compared 2% ketanserin ointment in polyethylene glycol (PEG) with PEG alone, used twice a day by 40 participants with arterial leg ulcers, for eight weeks or until healing, whichever was sooner. One com...
2025-04-01 09:17:58,446 - INFO - Dataset contains 4459 articles
2025-04-01 09:17:58,448 - INFO - Data shuffled
2025-04-01 09:17:58,448 - INFO - Created feature matrix of shape (8918, 50265)
2025-04-01 09:17:58,448 - INFO - Processed 0/4459 articles
2025-04-01 09:17:59,249 - INFO - Processed 100/4459 articles
2025-04-01 09:18:00,116 - INFO - Processed 200/4459 articles
2025-04-01 09:18:00,880 - INFO - Processed 300/4459 articles
2025-04-01 09:18:01,499 - INFO - Processed 400/4459 articles
2025-04-01 09:18:02,167 - INFO - Processed 500/4459 articles
2025-04-01 09:18:02,823 - INFO - Processed 600/4459 articles
2025-04-01 09:18:03,530 - INFO - Processed 700/4459 articles
2025-04-01 09:18:04,148 - INFO - Processed 800/4459 articles
2025-04-01 09:18:04,856 - INFO - Processed 900/4459 articles
2025-04-01 09:18:05,694 - INFO - Processed 1000/4459 articles
2025-04-01 09:18:06,636 - INFO - Processed 1100/4459 articles
2025-04-01 09:18:07,618 - INFO - Processed 1200/4459 articles
2025-04-01 09:18:08,587 - INFO - Processed 1300/4459 articles
2025-04-01 09:18:09,538 - INFO - Processed 1400/4459 articles
2025-04-01 09:18:10,400 - INFO - Processed 1500/4459 articles
2025-04-01 09:18:11,301 - INFO - Processed 1600/4459 articles
2025-04-01 09:18:11,899 - INFO - Processed 1700/4459 articles
2025-04-01 09:18:12,483 - INFO - Processed 1800/4459 articles
2025-04-01 09:18:13,084 - INFO - Processed 1900/4459 articles
2025-04-01 09:18:13,686 - INFO - Processed 2000/4459 articles
2025-04-01 09:18:14,259 - INFO - Processed 2100/4459 articles
2025-04-01 09:18:14,818 - INFO - Processed 2200/4459 articles
2025-04-01 09:18:15,377 - INFO - Processed 2300/4459 articles
2025-04-01 09:18:16,003 - INFO - Processed 2400/4459 articles
2025-04-01 09:18:16,605 - INFO - Processed 2500/4459 articles
2025-04-01 09:18:17,188 - INFO - Processed 2600/4459 articles
2025-04-01 09:18:17,797 - INFO - Processed 2700/4459 articles
2025-04-01 09:18:18,397 - INFO - Processed 2800/4459 articles
2025-04-01 09:18:19,031 - INFO - Processed 2900/4459 articles
2025-04-01 09:18:19,639 - INFO - Processed 3000/4459 articles
2025-04-01 09:18:20,258 - INFO - Processed 3100/4459 articles
2025-04-01 09:18:20,839 - INFO - Processed 3200/4459 articles
2025-04-01 09:18:21,483 - INFO - Processed 3300/4459 articles
2025-04-01 09:18:22,329 - INFO - Processed 3400/4459 articles
2025-04-01 09:18:22,938 - INFO - Processed 3500/4459 articles
2025-04-01 09:18:23,612 - INFO - Processed 3600/4459 articles
2025-04-01 09:18:24,279 - INFO - Processed 3700/4459 articles
2025-04-01 09:18:24,937 - INFO - Processed 3800/4459 articles
2025-04-01 09:18:25,541 - INFO - Processed 3900/4459 articles
2025-04-01 09:18:26,256 - INFO - Processed 4000/4459 articles
2025-04-01 09:18:26,897 - INFO - Processed 4100/4459 articles
2025-04-01 09:18:27,494 - INFO - Processed 4200/4459 articles
2025-04-01 09:18:28,091 - INFO - Processed 4300/4459 articles
2025-04-01 09:18:28,618 - INFO - Processed 4400/4459 articles
2025-04-01 09:18:28,945 - INFO - Dataset construction completed in 30.58 seconds
2025-04-01 09:18:28,948 - INFO - Final dataset shape: X=(8918, 50265), y=(8918,), Class distribution: 0=4459, 1=4459
2025-04-01 09:18:28,950 - INFO - Dataset loaded: 8918 samples with 50265 features
2025-04-01 09:18:28,950 - INFO - Normalizing features
2025-04-01 09:18:30,552 - INFO - Training logistic regression model
2025-04-01 09:18:36,523 - INFO - Model training completed. Score on training data: 0.9406
2025-04-01 09:18:36,523 - INFO - Saving model to D:\Para-Level-Summ Data\data\logr_model\model.joblib
2025-04-01 09:18:36,527 - INFO - Model saved successfully
2025-04-01 09:18:36,527 - INFO - Extracting and sorting vocabulary weights
2025-04-01 09:18:36,527 - INFO - Getting vocabulary from tokenizer
2025-04-01 09:18:37,607 - INFO - Vocabulary size: 50265
2025-04-01 09:18:37,609 - INFO - Sorting weights
2025-04-01 09:18:37,628 - INFO - Sorted 50242 vocabulary items by weight
2025-04-01 09:18:37,628 - INFO - Writing IDs weights to D:\Para-Level-Summ Data\data\logr_weights\bart_freq_normalized_ids.txt
2025-04-01 09:18:37,715 - INFO - Writing token weights to D:\Para-Level-Summ Data\data\logr_weights\bart_freq_normalized_tokens.txt
2025-04-01 09:18:37,725 - ERROR - Error during model training: 'charmap' codec can't encode character '\u2212' in position 1: character maps to <undefined>
2025-04-01 09:18:37,908 - INFO - Starting cross-validation
2025-04-01 09:18:37,909 - INFO - Performing 5-fold cross-validation with data from D:\Para-Level-Summ Data\data\data_final_1024.json
2025-04-01 09:18:37,909 - INFO - Constructing dataset
2025-04-01 09:18:37,909 - INFO - Loading data from file: D:\Para-Level-Summ Data\data\data_final_1024.json
2025-04-01 09:18:37,983 - INFO - Data type: <class 'list'>
2025-04-01 09:18:37,984 - INFO - First item type: <class 'dict'>
2025-04-01 09:18:37,984 - INFO - First item keys: dict_keys(['doi', 'abstract', 'pls'])
2025-04-01 09:18:37,984 - INFO - Abstract type: <class 'str'>
2025-04-01 09:18:37,985 - INFO - PLS type: <class 'str'>
2025-04-01 09:18:37,985 - INFO - Sample data: {'doi': '10.1002/14651858.CD001836.pub4', 'abstract': 'Two trials met the inclusion criteria. One compared 2% ketanserin ointment in polyethylene glycol (PEG) with PEG alone, used twice a day by 40 participants with arterial leg ulcers, for eight weeks or until healing, whichever was sooner. One com...
2025-04-01 09:18:37,985 - INFO - Dataset contains 4459 articles
2025-04-01 09:18:37,987 - INFO - Data shuffled
2025-04-01 09:18:37,988 - INFO - Created feature matrix of shape (8918, 50265)
2025-04-01 09:18:37,988 - INFO - Processed 0/4459 articles
2025-04-01 09:18:38,525 - INFO - Processed 100/4459 articles
2025-04-01 09:18:39,086 - INFO - Processed 200/4459 articles
2025-04-01 09:18:39,633 - INFO - Processed 300/4459 articles
2025-04-01 09:18:40,210 - INFO - Processed 400/4459 articles
2025-04-01 09:18:40,767 - INFO - Processed 500/4459 articles
2025-04-01 09:18:41,305 - INFO - Processed 600/4459 articles
2025-04-01 09:18:41,841 - INFO - Processed 700/4459 articles
2025-04-01 09:18:42,379 - INFO - Processed 800/4459 articles
2025-04-01 09:18:42,909 - INFO - Processed 900/4459 articles
2025-04-01 09:18:43,431 - INFO - Processed 1000/4459 articles
2025-04-01 09:18:43,946 - INFO - Processed 1100/4459 articles
2025-04-01 09:18:44,467 - INFO - Processed 1200/4459 articles
2025-04-01 09:18:45,030 - INFO - Processed 1300/4459 articles
2025-04-01 09:18:45,587 - INFO - Processed 1400/4459 articles
2025-04-01 09:18:46,117 - INFO - Processed 1500/4459 articles
2025-04-01 09:18:46,676 - INFO - Processed 1600/4459 articles
2025-04-01 09:18:47,218 - INFO - Processed 1700/4459 articles
2025-04-01 09:18:47,746 - INFO - Processed 1800/4459 articles
2025-04-01 09:18:48,286 - INFO - Processed 1900/4459 articles
2025-04-01 09:18:48,801 - INFO - Processed 2000/4459 articles
2025-04-01 09:18:49,363 - INFO - Processed 2100/4459 articles
2025-04-01 09:18:49,949 - INFO - Processed 2200/4459 articles
2025-04-01 09:18:50,469 - INFO - Processed 2300/4459 articles
2025-04-01 09:18:51,033 - INFO - Processed 2400/4459 articles
2025-04-01 09:18:51,592 - INFO - Processed 2500/4459 articles
2025-04-01 09:18:52,132 - INFO - Processed 2600/4459 articles
2025-04-01 09:18:52,691 - INFO - Processed 2700/4459 articles
2025-04-01 09:18:53,250 - INFO - Processed 2800/4459 articles
2025-04-01 09:18:53,787 - INFO - Processed 2900/4459 articles
2025-04-01 09:18:54,334 - INFO - Processed 3000/4459 articles
2025-04-01 09:18:54,860 - INFO - Processed 3100/4459 articles
2025-04-01 09:18:55,418 - INFO - Processed 3200/4459 articles
2025-04-01 09:18:55,934 - INFO - Processed 3300/4459 articles
2025-04-01 09:18:56,470 - INFO - Processed 3400/4459 articles
2025-04-01 09:18:56,967 - INFO - Processed 3500/4459 articles
2025-04-01 09:18:57,487 - INFO - Processed 3600/4459 articles
2025-04-01 09:18:58,100 - INFO - Processed 3700/4459 articles
2025-04-01 09:18:58,642 - INFO - Processed 3800/4459 articles
2025-04-01 09:18:59,191 - INFO - Processed 3900/4459 articles
2025-04-01 09:18:59,733 - INFO - Processed 4000/4459 articles
2025-04-01 09:19:00,251 - INFO - Processed 4100/4459 articles
2025-04-01 09:19:00,790 - INFO - Processed 4200/4459 articles
2025-04-01 09:19:01,327 - INFO - Processed 4300/4459 articles
2025-04-01 09:19:01,898 - INFO - Processed 4400/4459 articles
2025-04-01 09:19:02,205 - INFO - Dataset construction completed in 24.30 seconds
2025-04-01 09:19:02,205 - INFO - Final dataset shape: X=(8918, 50265), y=(8918,), Class distribution: 0=4459, 1=4459
2025-04-01 09:19:02,209 - INFO - Dataset loaded: 8918 samples with 50265 features
2025-04-01 09:19:02,209 - INFO - Starting 5-fold cross-validation
2025-04-01 09:19:02,214 - INFO - Starting fold 1/5
2025-04-01 09:19:02,214 - INFO - Fold 1: Train size=7134, Test size=1784
2025-04-01 09:19:02,235 - INFO - Fold 1 class distribution - Train: {0: 3567, 1: 3567}, Test: {0: 892, 1: 892}
2025-04-01 09:19:02,235 - INFO - Fold 1: Normalizing features
2025-04-01 09:19:04,051 - INFO - Fold 1: Training model
2025-04-01 09:19:07,918 - INFO - Fold 1: Predicting on test set
2025-04-01 09:19:08,057 - INFO - Fold 1 accuracy: 0.9271 (completed in 5.84 seconds)
2025-04-01 09:19:08,058 - INFO - Starting fold 2/5
2025-04-01 09:19:08,059 - INFO - Fold 2: Train size=7134, Test size=1784
2025-04-01 09:19:08,149 - INFO - Fold 2 class distribution - Train: {0: 3567, 1: 3567}, Test: {0: 892, 1: 892}
2025-04-01 09:19:08,150 - INFO - Fold 2: Normalizing features
2025-04-01 09:19:10,168 - INFO - Fold 2: Training model
2025-04-01 09:19:14,701 - INFO - Fold 2: Predicting on test set
2025-04-01 09:19:14,838 - INFO - Fold 2 accuracy: 0.9232 (completed in 6.78 seconds)
2025-04-01 09:19:14,839 - INFO - Starting fold 3/5
2025-04-01 09:19:14,840 - INFO - Fold 3: Train size=7134, Test size=1784
2025-04-01 09:19:14,925 - INFO - Fold 3 class distribution - Train: {0: 3567, 1: 3567}, Test: {0: 892, 1: 892}
2025-04-01 09:19:14,926 - INFO - Fold 3: Normalizing features
2025-04-01 09:19:17,053 - INFO - Fold 3: Training model
2025-04-01 09:19:21,019 - INFO - Fold 3: Predicting on test set
2025-04-01 09:19:21,172 - INFO - Fold 3 accuracy: 0.9243 (completed in 6.33 seconds)
2025-04-01 09:19:21,173 - INFO - Starting fold 4/5
2025-04-01 09:19:21,174 - INFO - Fold 4: Train size=7135, Test size=1783
2025-04-01 09:19:21,262 - INFO - Fold 4 class distribution - Train: {0: 3567, 1: 3568}, Test: {0: 892, 1: 891}
2025-04-01 09:19:21,263 - INFO - Fold 4: Normalizing features
2025-04-01 09:19:23,450 - INFO - Fold 4: Training model
2025-04-01 09:19:27,292 - INFO - Fold 4: Predicting on test set
2025-04-01 09:19:27,449 - INFO - Fold 4 accuracy: 0.9299 (completed in 6.28 seconds)
2025-04-01 09:19:27,449 - INFO - Starting fold 5/5
2025-04-01 09:19:27,450 - INFO - Fold 5: Train size=7135, Test size=1783
2025-04-01 09:19:27,561 - INFO - Fold 5 class distribution - Train: {0: 3568, 1: 3567}, Test: {0: 891, 1: 892}
2025-04-01 09:19:27,562 - INFO - Fold 5: Normalizing features
2025-04-01 09:19:29,736 - INFO - Fold 5: Training model
2025-04-01 09:19:33,299 - INFO - Fold 5: Predicting on test set
2025-04-01 09:19:33,457 - INFO - Fold 5 accuracy: 0.9316 (completed in 6.01 seconds)
2025-04-01 09:19:33,459 - INFO - Cross-validation results: Mean accuracy=0.9272, Std=0.0032
2025-04-01 09:19:33,459 - INFO - Individual fold accuracies: 0.9271, 0.9232, 0.9243, 0.9299, 0.9316
2025-04-01 09:19:33,459 - INFO - Cross-validation completed in 55.55 seconds
2025-04-01 09:19:33,544 - INFO - Cross-validation completed successfully
2025-04-01 09:19:33,544 - INFO - Script execution completed
